"","Date","Discharge.m3s","Site"
"1",2015-01-01,0.0420021965543099,"CCBP"
"2",2015-01-02,0.0395145959856135,"CCBP"
"3",2015-01-03,0.0499354588046195,"CCBP"
"4",2015-01-04,0.125194055421037,"CCBP"
"5",2015-01-05,0.163816885713822,"CCBP"
"6",2015-01-06,0.0783425290543086,"CCBP"
"7",2015-01-07,0.0553268982091341,"CCBP"
"8",2015-01-08,0.0417583833989084,"CCBP"
"9",2015-01-09,0.0326537518537711,"CCBP"
"10",2015-01-10,0.0298091570089393,"CCBP"
"11",2015-01-11,0.0296266097666951,"CCBP"
"12",2015-01-12,0.0314539967127958,"CCBP"
"13",2015-01-13,0.0340094109818872,"CCBP"
"14",2015-01-14,0.0264915638909108,"CCBP"
"15",2015-01-15,0.0240839906190669,"CCBP"
"16",2015-01-16,0.0251771340245445,"CCBP"
"17",2015-01-17,0.0276504760875311,"CCBP"
"18",2015-01-18,0.02501900103434,"CCBP"
"19",2015-01-19,0.0493040960572759,"CCBP"
"20",2015-01-20,0.0361094662155084,"CCBP"
"21",2015-01-21,0.0280744664946807,"CCBP"
"22",2015-01-22,0.0244443410718182,"CCBP"
"23",2015-01-23,0.0234040762253067,"CCBP"
"24",2015-01-24,0.0221231499718172,"CCBP"
"25",2015-01-25,0.0210516787239432,"CCBP"
"26",2015-01-26,0.0200893241492253,"CCBP"
"27",2015-01-27,0.0225073760529958,"CCBP"
"28",2015-01-28,0.0237665371609845,"CCBP"
"29",2015-01-29,0.0225210929418437,"CCBP"
"30",2015-01-30,0.0223005546589237,"CCBP"
"31",2015-01-31,0.0223969668337286,"CCBP"
"32",2015-02-01,0.022271703559626,"CCBP"
"33",2015-02-02,0.0230899011103892,"CCBP"
"34",2015-02-03,0.022947148270001,"CCBP"
"35",2015-02-04,0.0211647481534507,"CCBP"
"36",2015-02-05,0.0214099569966084,"CCBP"
"37",2015-02-06,0.0217641029000236,"CCBP"
"38",2015-02-07,0.0212769020697911,"CCBP"
"39",2015-02-08,0.0213412706116085,"CCBP"
"40",2015-02-09,0.0215081863875751,"CCBP"
"41",2015-02-10,0.0220251658391182,"CCBP"
"42",2015-02-11,0.0211663324786635,"CCBP"
"43",2015-02-12,0.0213382922834626,"CCBP"
"44",2015-02-13,0.0216106220380398,"CCBP"
"45",2015-02-14,0.0205538932882022,"CCBP"
"46",2015-02-15,0.0226342081752393,"CCBP"
"47",2015-02-16,0.021801582319066,"CCBP"
"48",2015-02-17,0.0206494161900638,"CCBP"
"49",2015-02-18,0.0199020619922138,"CCBP"
"50",2015-02-19,0.0199595916577525,"CCBP"
"51",2015-02-20,0.0195354012674757,"CCBP"
"52",2015-02-21,0.0181470530757282,"CCBP"
"53",2015-02-22,0.019678755768954,"CCBP"
"54",2015-02-23,0.0196323272685228,"CCBP"
"55",2015-02-24,0.0191669380598161,"CCBP"
"56",2015-02-25,0.0185858594858037,"CCBP"
"57",2015-02-26,0.0178778799896164,"CCBP"
"58",2015-02-27,0.0175541500277041,"CCBP"
"59",2015-02-28,0.0169797952332507,"CCBP"
"60",2015-03-01,0.0169216473272454,"CCBP"
"61",2015-03-02,0.0174034087149983,"CCBP"
"62",2015-03-03,0.0167487217424023,"CCBP"
"63",2015-03-04,0.0175938746527899,"CCBP"
"64",2015-03-05,0.020578009828412,"CCBP"
"65",2015-03-06,0.0199215907501072,"CCBP"
"66",2015-03-07,0.0198139191891727,"CCBP"
"67",2015-03-08,0.0191465613609168,"CCBP"
"68",2015-03-09,0.019856315486673,"CCBP"
"69",2015-03-10,0.0237561888250331,"CCBP"
"70",2015-03-11,0.0415878793260938,"CCBP"
"71",2015-03-12,0.0588737313630222,"CCBP"
"72",2015-03-13,0.0518577611573434,"CCBP"
"73",2015-03-14,0.0598124153827565,"CCBP"
"74",2015-03-15,0.0955609758080974,"CCBP"
"75",2015-03-16,0.0867700048794983,"CCBP"
"76",2015-03-17,0.0950798601736143,"CCBP"
"77",2015-03-18,0.109243904124436,"CCBP"
"78",2015-03-19,0.0944654820026735,"CCBP"
"79",2015-03-20,0.0830150534747892,"CCBP"
"80",2015-03-21,0.0732242612423741,"CCBP"
"81",2015-03-22,0.068281781735885,"CCBP"
"82",2015-03-23,0.0621207451793523,"CCBP"
"83",2015-03-24,0.0551318946035521,"CCBP"
"84",2015-03-25,0.0584096830046639,"CCBP"
"85",2015-03-26,0.131224537462689,"CCBP"
"86",2015-03-27,0.309771411401278,"CCBP"
"87",2015-03-28,0.263757491425024,"CCBP"
"88",2015-03-29,0.198156940356178,"CCBP"
"89",2015-03-30,0.162756021243012,"CCBP"
"90",2015-03-31,0.164622861288821,"CCBP"
"91",2015-04-01,0.194120486992944,"CCBP"
"92",2015-04-02,0.189895562164018,"CCBP"
"93",2015-04-03,0.358671271987839,"CCBP"
"94",2015-04-04,0.58086789128159,"CCBP"
"95",2015-04-05,0.396697128395242,"CCBP"
"96",2015-04-06,NA,"CCBP"
"97",2015-04-07,0.204276747919816,"CCBP"
"98",2015-04-08,0.168459834946422,"CCBP"
"99",2015-04-09,0.209058715465856,"CCBP"
"100",2015-04-10,0.235515685896339,"CCBP"
"101",2015-04-11,0.20014043432853,"CCBP"
"102",2015-04-12,0.141918498996714,"CCBP"
"103",2015-04-13,0.107392830599609,"CCBP"
"104",2015-04-14,0.0795957101962981,"CCBP"
"105",2015-04-15,0.0632937238835414,"CCBP"
"106",2015-04-16,0.0490267388890899,"CCBP"
"107",2015-04-17,0.0451431762964649,"CCBP"
"108",2015-04-18,0.0400653220678448,"CCBP"
"109",2015-04-19,0.0327791174181454,"CCBP"
"110",2015-04-20,0.0739584199503608,"CCBP"
"111",2015-04-21,0.223910246964895,"CCBP"
"112",2015-04-22,0.103901151322462,"CCBP"
"113",2015-04-23,0.0705504897443381,"CCBP"
"114",2015-04-24,0.0547006793343164,"CCBP"
"115",2015-04-25,0.0432222989277035,"CCBP"
"116",2015-04-26,0.0363021562811307,"CCBP"
"117",2015-04-27,0.0334601052503548,"CCBP"
"118",2015-04-28,0.0323398257162787,"CCBP"
"119",2015-04-29,0.0285987908429952,"CCBP"
"120",2015-04-30,NA,"CCBP"
"121",2015-05-01,0.0260537218807584,"CCBP"
"122",2015-05-02,0.0231871530171681,"CCBP"
"123",2015-05-03,0.0201419487031825,"CCBP"
"124",2015-05-04,0.018901031962237,"CCBP"
"125",2015-05-05,0.017799867069078,"CCBP"
"126",2015-05-06,0.0178026109379556,"CCBP"
"127",2015-05-07,0.018696670840087,"CCBP"
"128",2015-05-08,0.0194516423473062,"CCBP"
"129",2015-05-09,0.0191211575889582,"CCBP"
"130",2015-05-10,0.0184037589278082,"CCBP"
"131",2015-05-11,0.0172571828268329,"CCBP"
"132",2015-05-12,0.0168454864305976,"CCBP"
"133",2015-05-13,0.0163092697672553,"CCBP"
"134",2015-05-14,0.0150018244605967,"CCBP"
"135",2015-05-15,0.0147820547079504,"CCBP"
"136",2015-05-16,0.0143867326236755,"CCBP"
"137",2015-05-17,0.0139279081221322,"CCBP"
"138",2015-05-18,0.0131312051593699,"CCBP"
"139",2015-05-19,0.0126675995330955,"CCBP"
"140",2015-05-20,0.0126118734169354,"CCBP"
"141",2015-05-21,NA,"CCBP"
"142",2015-05-22,0.010728244135625,"CCBP"
"143",2015-05-23,0.0104533794660842,"CCBP"
"144",2015-05-24,0.0091349746270021,"CCBP"
"145",2015-05-25,0.00780754319570585,"CCBP"
"146",2015-05-26,0.00618832008923057,"CCBP"
"147",2015-05-27,0.00513881798488223,"CCBP"
"148",2015-05-28,0.00511931642612801,"CCBP"
"149",2015-05-29,0.00570383044409949,"CCBP"
"150",2015-05-30,0.00412462694118326,"CCBP"
"151",2015-05-31,0.0106646223558079,"CCBP"
"152",2015-06-01,0.0264687372978828,"CCBP"
"153",2015-06-02,0.331886001862244,"CCBP"
"154",2015-06-03,0.124200610993492,"CCBP"
"155",2015-06-04,0.0519501051295659,"CCBP"
"156",2015-06-05,0.0283367699475298,"CCBP"
"157",2015-06-06,0.0206710229263441,"CCBP"
"158",2015-06-07,0.017071868199882,"CCBP"
"159",2015-06-08,0.0162058921124685,"CCBP"
"160",2015-06-09,0.0148050206035878,"CCBP"
"161",2015-06-10,0.0139903242765798,"CCBP"
"162",2015-06-11,0.0120209094300473,"CCBP"
"163",2015-06-12,0.0110183211806541,"CCBP"
"164",2015-06-13,0.0102690697913151,"CCBP"
"165",2015-06-14,0.00974509352028755,"CCBP"
"166",2015-06-15,0.0103520015977602,"CCBP"
"167",2015-06-16,0.0100297543429259,"CCBP"
"168",2015-06-17,0.00924941984901412,"CCBP"
"169",2015-06-18,0.00817602714102866,"CCBP"
"170",2015-06-19,0.00793154753950331,"CCBP"
"171",2015-06-20,0.00785619050960544,"CCBP"
"172",2015-06-21,0.0185658503292756,"CCBP"
"173",2015-06-22,0.0172777655401677,"CCBP"
"174",2015-06-23,0.0144119024740753,"CCBP"
"175",2015-06-24,0.0134571067597033,"CCBP"
"176",2015-06-25,0.0125911922758755,"CCBP"
"177",2015-06-26,0.011632415423052,"CCBP"
"178",2015-06-27,0.0103616221976658,"CCBP"
"179",2015-06-28,0.0548222701421096,"CCBP"
"180",2015-06-29,0.0659522770464752,"CCBP"
"181",2015-06-30,0.0286032080459326,"CCBP"
"182",2015-07-01,0.0256556163432245,"CCBP"
"183",2015-07-02,0.028622822326523,"CCBP"
"184",2015-07-03,0.0194438415893771,"CCBP"
"185",2015-07-04,0.0152799910160169,"CCBP"
"186",2015-07-05,0.0133049345123831,"CCBP"
"187",2015-07-06,0.0119961212727405,"CCBP"
"188",2015-07-07,0.0114116270783262,"CCBP"
"189",2015-07-08,0.0109840611538911,"CCBP"
"190",2015-07-09,0.00987938242768897,"CCBP"
"191",2015-07-10,0.010610773598618,"CCBP"
"192",2015-07-11,0.00827858941312029,"CCBP"
"193",2015-07-12,0.0072639230700651,"CCBP"
"194",2015-07-13,0.00619060323964139,"CCBP"
"195",2015-07-14,0.00458496714724457,"CCBP"
"196",2015-07-15,0.00390229872189707,"CCBP"
"197",2015-07-16,0.00284392126509509,"CCBP"
"198",2015-07-17,0.00195824054397042,"CCBP"
"199",2015-07-18,0.00219546130913076,"CCBP"
"200",2015-07-19,0.00192377242362852,"CCBP"
"201",2015-07-20,0.00176868364890823,"CCBP"
"202",2015-07-21,0.00173108878363482,"CCBP"
"203",2015-07-22,0.0010342395784866,"CCBP"
"204",2015-07-23,0.000715660775064032,"CCBP"
"205",2015-07-24,0.00103289057287733,"CCBP"
"206",2015-07-25,0.00126930065133875,"CCBP"
"207",2015-07-26,0.00093423337126568,"CCBP"
"208",2015-07-27,0.00076568148866082,"CCBP"
"209",2015-07-28,0.000688124285890777,"CCBP"
"210",2015-07-29,0.000597395700566951,"CCBP"
"211",2015-07-30,0.000534722753982833,"CCBP"
"212",2015-07-31,0.000465145984773367,"CCBP"
"213",2015-08-01,0.000366710113356311,"CCBP"
"214",2015-08-02,0.00030522737780244,"CCBP"
"215",2015-08-03,0.000264293936937532,"CCBP"
"216",2015-08-04,0.000352935151881768,"CCBP"
"217",2015-08-05,0.000341014481639509,"CCBP"
"218",2015-08-06,0.000266391344561239,"CCBP"
"219",2015-08-07,0.000228102511399068,"CCBP"
"220",2015-08-08,0.000200746316223257,"CCBP"
"221",2015-08-09,0.000180422644443114,"CCBP"
"222",2015-08-10,0.000142460873088116,"CCBP"
"223",2015-08-11,0.000476232730304217,"CCBP"
"224",2015-08-12,0.000463030743117703,"CCBP"
"225",2015-08-13,0.000289170565381723,"CCBP"
"226",2015-08-14,0.000242926669585845,"CCBP"
"227",2015-08-15,0.000533674955315315,"CCBP"
"228",2015-08-16,0.000527366305418778,"CCBP"
"229",2015-08-17,0.000348682255045854,"CCBP"
"230",2015-08-18,0.000249552182732587,"CCBP"
"231",2015-08-19,0.000189664804398268,"CCBP"
"232",2015-08-20,0.000164487829347539,"CCBP"
"233",2015-08-21,0.00485460438420207,"CCBP"
"234",2015-08-22,0.00504550704965467,"CCBP"
"235",2015-08-23,0.00486374195069644,"CCBP"
"236",2015-08-24,0.00515612999052703,"CCBP"
"237",2015-08-25,0.00369540307014215,"CCBP"
"238",2015-08-26,0.00121379513946542,"CCBP"
"239",2015-08-27,0.000806979747502065,"CCBP"
"240",2015-08-28,0.00069743781782106,"CCBP"
"241",2015-08-29,0.000639816687895409,"CCBP"
"242",2015-08-30,0.000532423266164854,"CCBP"
"243",2015-08-31,0.00050758339912724,"CCBP"
"244",2015-09-01,0.00047595099740842,"CCBP"
"245",2015-09-02,0.000408798760362609,"CCBP"
"246",2015-09-03,0.000396557247819799,"CCBP"
"247",2015-09-04,0.000400028234377208,"CCBP"
"248",2015-09-05,0.000385291749725424,"CCBP"
"249",2015-09-06,0.000292449544836277,"CCBP"
"250",2015-09-07,0.000301095653803759,"CCBP"
"251",2015-09-08,0.000313820629925458,"CCBP"
"252",2015-09-09,0.000291652229180418,"CCBP"
"253",2015-09-10,0.000245061528676662,"CCBP"
"254",2015-09-11,0.000284354005594064,"CCBP"
"255",2015-09-12,0.000234195665249152,"CCBP"
"256",2015-09-13,0.000269766717406612,"CCBP"
"257",2015-09-14,0.000318088743940398,"CCBP"
"258",2015-09-15,0.000260008535561966,"CCBP"
"259",2015-09-16,0.000225963547792353,"CCBP"
"260",2015-09-17,0.000222010119304117,"CCBP"
"261",2015-09-18,0.000208851184725403,"CCBP"
"262",2015-09-19,0.000184464266252199,"CCBP"
"263",2015-09-20,0.000161277775289861,"CCBP"
"264",2015-09-21,0.00015257925756917,"CCBP"
"265",2015-09-22,0.00016637075361103,"CCBP"
"266",2015-09-23,0.000163887646958494,"CCBP"
"267",2015-09-24,0.000153143709161525,"CCBP"
"268",2015-09-25,0.000152693180289893,"CCBP"
"269",2015-09-26,0.000140538059741086,"CCBP"
"270",2015-09-27,0.000124921075772827,"CCBP"
"271",2015-09-28,0.000104466794353618,"CCBP"
"272",2015-09-29,9.95299847967117e-05,"CCBP"
"273",2015-09-30,0.003514348832113,"CCBP"
"274",2015-10-01,0.00215592912131547,"CCBP"
"275",2015-10-02,0.00132410929169199,"CCBP"
"276",2015-10-03,0.00098863518956832,"CCBP"
"277",2015-10-04,0.000832336174138678,"CCBP"
"278",2015-10-05,0.000842319396373512,"CCBP"
"279",2015-10-06,0.000789325050627117,"CCBP"
"280",2015-10-07,0.000696125376458219,"CCBP"
"281",2015-10-08,0.000569526154125528,"CCBP"
"282",2015-10-09,0.000585360157650508,"CCBP"
"283",2015-10-10,0.000593738281161903,"CCBP"
"284",2015-10-11,0.000553850138615309,"CCBP"
"285",2015-10-12,0.000505069123246992,"CCBP"
"286",2015-10-13,0.000613484820367168,"CCBP"
"287",2015-10-14,0.000579060362037174,"CCBP"
"288",2015-10-15,0.00056661362369948,"CCBP"
"289",2015-10-16,0.000547892604064524,"CCBP"
"290",2015-10-17,0.000541914779941704,"CCBP"
"291",2015-10-18,0.000573795137437504,"CCBP"
"292",2015-10-19,0.000582368332995939,"CCBP"
"293",2015-10-20,0.000474724876344981,"CCBP"
"294",2015-10-21,0.000464584544354247,"CCBP"
"295",2015-10-22,0.000653896629240068,"CCBP"
"296",2015-10-23,0.000772259817798389,"CCBP"
"297",2015-10-24,0.000765548764031029,"CCBP"
"298",2015-10-25,0.000722125405526506,"CCBP"
"299",2015-10-26,0.000707703364432148,"CCBP"
"300",2015-10-27,0.000809587889538453,"CCBP"
"301",2015-10-28,0.000921983371874496,"CCBP"
"302",2015-10-29,0.00353417200388474,"CCBP"
"303",2015-10-30,0.00308519228230208,"CCBP"
"304",2015-10-31,0.0026347954900485,"CCBP"
"305",2015-11-01,0.00283609160528006,"CCBP"
"306",2015-11-02,0.00244886955908365,"CCBP"
"307",2015-11-03,0.0024455500632178,"CCBP"
"308",2015-11-04,0.00254058155236162,"CCBP"
"309",2015-11-05,0.0020851395931238,"CCBP"
"310",2015-11-06,0.00195966786696927,"CCBP"
"311",2015-11-07,0.00214992662528814,"CCBP"
"312",2015-11-08,0.00226562493449534,"CCBP"
"313",2015-11-09,0.0021389937453325,"CCBP"
"314",2015-11-10,0.00203447076929731,"CCBP"
"315",2015-11-11,0.00247971823127347,"CCBP"
"316",2015-11-12,0.00236385122467051,"CCBP"
"317",2015-11-13,0.0023515988235102,"CCBP"
"318",2015-11-14,0.00232483991605392,"CCBP"
"319",2015-11-15,0.00238371787921764,"CCBP"
"320",2015-11-16,0.00233003722794295,"CCBP"
"321",2015-11-17,0.00235621083860168,"CCBP"
"322",2015-11-18,0.00258798501870771,"CCBP"
"323",2015-11-19,0.00235505583858227,"CCBP"
"324",2015-11-20,0.0128663333818734,"CCBP"
"325",2015-11-21,0.0124654070650788,"CCBP"
"326",2015-11-22,0.00806249330078243,"CCBP"
"327",2015-11-23,0.00798359914918556,"CCBP"
"328",2015-11-24,0.00574370813602883,"CCBP"
"329",2015-11-25,0.00534146482565862,"CCBP"
"330",2015-11-26,0.00534549915966672,"CCBP"
"331",2015-11-27,0.00512015671246267,"CCBP"
"332",2015-11-28,0.00858777386545781,"CCBP"
"333",2015-11-29,0.011346569037434,"CCBP"
"334",2015-11-30,0.00796199006833947,"CCBP"
"335",2015-12-01,0.00739061469640527,"CCBP"
"336",2015-12-02,0.0101795896532911,"CCBP"
"337",2015-12-03,0.0152156884373547,"CCBP"
"338",2015-12-04,0.0134467857910149,"CCBP"
"339",2015-12-05,0.011724284946037,"CCBP"
"340",2015-12-06,0.0106936218490386,"CCBP"
"341",2015-12-07,0.00804628985223704,"CCBP"
"342",2015-12-08,0.00715602763289047,"CCBP"
"343",2015-12-09,0.00585230256695543,"CCBP"
"344",2015-12-10,0.00546612935975104,"CCBP"
"345",2015-12-11,0.00440646611863356,"CCBP"
"346",2015-12-12,0.00449582802992173,"CCBP"
"347",2015-12-13,0.00443470504807957,"CCBP"
"348",2015-12-14,0.00396136486668314,"CCBP"
"349",2015-12-15,0.0164732338834062,"CCBP"
"350",2015-12-16,0.0151041659337507,"CCBP"
"351",2015-12-17,0.0163593208687879,"CCBP"
"352",2015-12-18,0.02552652754416,"CCBP"
"353",2015-12-19,0.0179416695289742,"CCBP"
"354",2015-12-20,0.0153132826612972,"CCBP"
"355",2015-12-21,0.0139768019276258,"CCBP"
"356",2015-12-22,0.0171572010218552,"CCBP"
"357",2015-12-23,0.0237071648443697,"CCBP"
"358",2015-12-24,0.0469006452942547,"CCBP"
"359",2015-12-25,0.0294488328379052,"CCBP"
"360",2015-12-26,0.0241552068580188,"CCBP"
"361",2015-12-27,0.04737925035911,"CCBP"
"362",2015-12-28,0.0351033663525576,"CCBP"
"363",2015-12-29,0.0432654564106344,"CCBP"
"364",2015-12-30,0.0466496128601635,"CCBP"
"365",2015-12-31,0.0536950816263543,"CCBP"
"366",2016-01-01,0.0707638077536265,"CCBP"
"367",2016-01-02,0.0598264289617863,"CCBP"
"368",2016-01-03,0.0524837099137907,"CCBP"
"369",2016-01-04,0.0448228371127753,"CCBP"
"370",2016-01-05,0.0327863263192209,"CCBP"
"371",2016-01-06,0.0288078674534693,"CCBP"
"372",2016-01-07,0.0263448532128164,"CCBP"
"373",2016-01-08,0.0247575616358583,"CCBP"
"374",2016-01-09,0.0283374433301063,"CCBP"
"375",2016-01-10,0.139726073577532,"CCBP"
"376",2016-01-11,0.162195761920746,"CCBP"
"377",2016-01-12,0.0844379307720984,"CCBP"
"378",2016-01-13,0.0806760971427624,"CCBP"
"379",2016-01-14,0.0549277519706982,"CCBP"
"380",2016-01-15,0.0474486518682688,"CCBP"
"381",2016-01-16,0.103152345541953,"CCBP"
"382",2016-01-17,0.081670895576615,"CCBP"
"383",2016-01-18,0.0700949688224593,"CCBP"
"384",2016-01-19,0.0631596722673451,"CCBP"
"385",2016-01-20,0.0538052744145879,"CCBP"
"386",2016-01-21,0.0470184394541478,"CCBP"
"387",2016-01-22,0.0408023293636354,"CCBP"
"388",2016-01-23,0.035911467084038,"CCBP"
"389",2016-01-24,0.0391599494477625,"CCBP"
"390",2016-01-25,0.0388198302614127,"CCBP"
"391",2016-01-26,0.042144936229777,"CCBP"
"392",2016-01-27,0.0464249157011552,"CCBP"
"393",2016-01-28,0.0429870072402059,"CCBP"
"394",2016-01-29,0.0397556061151298,"CCBP"
"395",2016-01-30,0.0381456321588333,"CCBP"
"396",2016-01-31,0.0394959282709142,"CCBP"
"397",2016-02-01,0.0464664985696381,"CCBP"
"398",2016-02-02,0.0442162111714806,"CCBP"
"399",2016-02-03,0.0438643519942445,"CCBP"
"400",2016-02-04,0.0601178406286954,"CCBP"
"401",2016-02-05,0.0520887802051044,"CCBP"
"402",2016-02-06,0.0515254309172372,"CCBP"
"403",2016-02-07,0.0546031277799534,"CCBP"
"404",2016-02-08,0.0486486850588297,"CCBP"
"405",2016-02-09,0.0432992820359574,"CCBP"
"406",2016-02-10,0.0413217746703177,"CCBP"
"407",2016-02-11,0.0405161424407619,"CCBP"
"408",2016-02-12,0.0341580501551257,"CCBP"
"409",2016-02-13,0.0303441303982848,"CCBP"
"410",2016-02-14,0.02613031608165,"CCBP"
"411",2016-02-15,0.019206060495064,"CCBP"
"412",2016-02-16,0.0391085713044409,"CCBP"
"413",2016-02-17,0.108716455970669,"CCBP"
"414",2016-02-18,0.0981229961790224,"CCBP"
"415",2016-02-19,0.0552525822834204,"CCBP"
"416",2016-02-20,0.0672126487088371,"CCBP"
"417",2016-02-21,0.0909508117009322,"CCBP"
"418",2016-02-22,0.0716218666600411,"CCBP"
"419",2016-02-23,0.0516713383917566,"CCBP"
"420",2016-02-24,0.0704924884986007,"CCBP"
"421",2016-02-25,0.137878906996206,"CCBP"
"422",2016-02-26,0.0875463756567466,"CCBP"
"423",2016-02-27,0.061934053066112,"CCBP"
"424",2016-02-28,0.054972426668842,"CCBP"
"425",2016-02-29,0.0480272183351627,"CCBP"
"426",2016-03-01,0.0391505843405288,"CCBP"
"427",2016-03-02,0.0649716995324381,"CCBP"
"428",2016-03-03,0.0489611659765585,"CCBP"
"429",2016-03-04,0.0401303896409822,"CCBP"
"430",2016-03-05,0.0377911202813664,"CCBP"
"431",2016-03-06,0.0335443264483486,"CCBP"
"432",2016-03-07,0.0311394206816705,"CCBP"
"433",2016-03-08,0.0292272808683399,"CCBP"
"434",2016-03-09,0.0296013922573095,"CCBP"
"435",2016-03-10,0.0337567665124406,"CCBP"
"436",2016-03-11,0.0550954277183954,"CCBP"
"437",2016-03-12,0.0430280703228328,"CCBP"
"438",2016-03-13,0.0369003059041964,"CCBP"
"439",2016-03-14,0.0312612118848349,"CCBP"
"440",2016-03-15,0.0933129247527383,"CCBP"
"441",2016-03-16,0.0756614182875272,"CCBP"
"442",2016-03-17,0.071350179970186,"CCBP"
"443",2016-03-18,0.0548540409592172,"CCBP"
"444",2016-03-19,0.0415359712521301,"CCBP"
"445",2016-03-20,0.0350324106214046,"CCBP"
"446",2016-03-21,0.0456888630817074,"CCBP"
"447",2016-03-22,0.0450501627683653,"CCBP"
"448",2016-03-23,0.0405341109000956,"CCBP"
"449",2016-03-24,0.0351380615775565,"CCBP"
"450",2016-03-25,0.0384753735517126,"CCBP"
"451",2016-03-26,0.0356213996908945,"CCBP"
"452",2016-03-27,0.0322417341312966,"CCBP"
"453",2016-03-28,0.0450253116273517,"CCBP"
"454",2016-03-29,0.0502112330366755,"CCBP"
"455",2016-03-30,0.0385221990878813,"CCBP"
"456",2016-03-31,0.0357353224116175,"CCBP"
"457",2016-04-01,0.03446755574692,"CCBP"
"458",2016-04-02,0.0346989142238067,"CCBP"
"459",2016-04-03,0.041843119883922,"CCBP"
"460",2016-04-04,0.0389914044030302,"CCBP"
"461",2016-04-05,0.0420741646969301,"CCBP"
"462",2016-04-06,0.039126754847577,"CCBP"
"463",2016-04-07,0.0956455982090775,"CCBP"
"464",2016-04-08,0.117590589616099,"CCBP"
"465",2016-04-09,0.0746987121493724,"CCBP"
"466",2016-04-10,0.0554911819149913,"CCBP"
"467",2016-04-11,0.0462069193054986,"CCBP"
"468",2016-04-12,0.0462189819220887,"CCBP"
"469",2016-04-13,0.0395361847892817,"CCBP"
"470",2016-04-14,0.0343852772306395,"CCBP"
"471",2016-04-15,0.0310636215649403,"CCBP"
"472",2016-04-16,0.0280485230505761,"CCBP"
"473",2016-04-17,0.0265873960474331,"CCBP"
"474",2016-04-18,0.0247374244148495,"CCBP"
"475",2016-04-19,0.024748752161781,"CCBP"
"476",2016-04-20,NA,"CCBP"
"477",2016-04-21,NA,"CCBP"
"478",2016-04-22,NA,"CCBP"
"479",2016-04-23,NA,"CCBP"
"480",2016-04-24,NA,"CCBP"
"481",2016-04-25,NA,"CCBP"
"482",2016-04-26,NA,"CCBP"
"483",2016-04-27,NA,"CCBP"
"484",2016-04-28,NA,"CCBP"
"485",2016-04-29,NA,"CCBP"
"486",2016-04-30,NA,"CCBP"
"487",2016-05-01,NA,"CCBP"
"488",2016-05-02,NA,"CCBP"
"489",2016-05-03,NA,"CCBP"
"490",2016-05-04,NA,"CCBP"
"491",2016-05-05,NA,"CCBP"
"492",2016-05-06,NA,"CCBP"
"493",2016-05-07,NA,"CCBP"
"494",2016-05-08,NA,"CCBP"
"495",2016-05-09,NA,"CCBP"
"496",2016-05-10,NA,"CCBP"
"497",2016-05-11,NA,"CCBP"
"498",2016-05-12,NA,"CCBP"
"499",2016-05-13,NA,"CCBP"
"500",2016-05-14,NA,"CCBP"
"501",2016-05-15,NA,"CCBP"
"502",2016-05-16,NA,"CCBP"
"503",2016-05-17,NA,"CCBP"
"504",2016-05-18,NA,"CCBP"
"505",2016-05-19,NA,"CCBP"
"506",2016-05-20,NA,"CCBP"
"507",2016-05-21,NA,"CCBP"
"508",2016-05-22,NA,"CCBP"
"509",2016-05-23,NA,"CCBP"
"510",2016-05-24,NA,"CCBP"
"511",2016-05-25,NA,"CCBP"
"512",2016-05-26,0.00791525420659445,"CCBP"
"513",2016-05-27,0.00704671892663319,"CCBP"
"514",2016-05-28,0.00713858659577504,"CCBP"
"515",2016-05-29,0.00666988314283202,"CCBP"
"516",2016-05-30,0.0121650860983225,"CCBP"
"517",2016-05-31,0.0107566635886166,"CCBP"
"518",2016-06-01,0.00739633764759329,"CCBP"
"519",2016-06-02,0.00660477548345092,"CCBP"
"520",2016-06-03,0.00670574836689852,"CCBP"
"521",2016-06-04,0.00643916095552765,"CCBP"
"522",2016-06-05,0.0101812337605092,"CCBP"
"523",2016-06-06,0.0316406914070417,"CCBP"
"524",2016-06-07,0.0181112212075747,"CCBP"
"525",2016-06-08,0.0152792844746876,"CCBP"
"526",2016-06-09,0.0117076386977102,"CCBP"
"527",2016-06-10,0.00907039761520907,"CCBP"
"528",2016-06-11,0.00781316109500884,"CCBP"
"529",2016-06-12,0.00798260232225156,"CCBP"
"530",2016-06-13,0.00724119053139158,"CCBP"
"531",2016-06-14,0.00612304153680657,"CCBP"
"532",2016-06-15,0.00553270819355106,"CCBP"
"533",2016-06-16,0.00458548808917604,"CCBP"
"534",2016-06-17,0.0043136669719444,"CCBP"
"535",2016-06-18,0.00477803290153705,"CCBP"
"536",2016-06-19,0.00433666301516145,"CCBP"
"537",2016-06-20,0.00398702637055114,"CCBP"
"538",2016-06-21,0.00591411450815531,"CCBP"
"539",2016-06-22,0.00462388950974699,"CCBP"
"540",2016-06-23,0.00402483631066522,"CCBP"
"541",2016-06-24,0.0036441559038944,"CCBP"
"542",2016-06-25,0.00361493139223002,"CCBP"
"543",2016-06-26,0.00377779463984634,"CCBP"
"544",2016-06-27,0.00384933688965215,"CCBP"
"545",2016-06-28,0.00385094105634578,"CCBP"
"546",2016-06-29,0.00394292522921399,"CCBP"
"547",2016-06-30,0.00393905372076903,"CCBP"
"548",2016-07-01,0.00359051938064652,"CCBP"
"549",2016-07-02,0.00395059655150308,"CCBP"
"550",2016-07-03,0.0034683607426529,"CCBP"
"551",2016-07-04,0.00288629916396845,"CCBP"
"552",2016-07-05,0.00266579345728272,"CCBP"
"553",2016-07-06,0.0026039120549391,"CCBP"
"554",2016-07-07,0.00214643776885147,"CCBP"
"555",2016-07-08,0.00209470115252566,"CCBP"
"556",2016-07-09,0.00211578832699554,"CCBP"
"557",2016-07-10,0.00224718660667146,"CCBP"
"558",2016-07-11,0.00237866554277332,"CCBP"
"559",2016-07-12,0.00243870977097061,"CCBP"
"560",2016-07-13,0.00225560176044419,"CCBP"
"561",2016-07-14,0.00201483336719816,"CCBP"
"562",2016-07-15,0.0018529828058186,"CCBP"
"563",2016-07-16,0.00167332509795724,"CCBP"
"564",2016-07-17,0.00139162804946091,"CCBP"
"565",2016-07-18,0.00143027143930967,"CCBP"
"566",2016-07-19,0.00154705298224085,"CCBP"
"567",2016-07-20,0.00140519625266847,"CCBP"
"568",2016-07-21,0.00121246324198027,"CCBP"
"569",2016-07-22,0.00108199699211518,"CCBP"
"570",2016-07-23,0.000884854763475774,"CCBP"
"571",2016-07-24,0.000761620706469663,"CCBP"
"572",2016-07-25,0.000633627920333289,"CCBP"
"573",2016-07-26,0.000630392701470718,"CCBP"
"574",2016-07-27,0.000512222075648409,"CCBP"
"575",2016-07-28,0.000452670747831842,"CCBP"
"576",2016-07-29,0.000378646072472198,"CCBP"
"577",2016-07-30,0.000339043767337298,"CCBP"
"578",2016-07-31,0.000333254428320067,"CCBP"
"579",2016-08-01,0.000316442044424825,"CCBP"
"580",2016-08-02,0.000304585549812137,"CCBP"
"581",2016-08-03,0.000283050284087049,"CCBP"
"582",2016-08-04,0.000251486736070503,"CCBP"
"583",2016-08-05,0.000211050981200924,"CCBP"
"584",2016-08-06,0.000177408289760233,"CCBP"
"585",2016-08-07,0.000137635709948357,"CCBP"
"586",2016-08-08,0.000109728586574273,"CCBP"
"587",2016-08-09,8.17766540746681e-05,"CCBP"
"588",2016-08-10,0.00210234558933943,"CCBP"
"589",2016-08-11,0.00239192904392735,"CCBP"
"590",2016-08-12,0.00190527505530086,"CCBP"
"591",2016-08-13,0.00152939818678582,"CCBP"
"592",2016-08-14,0.00186480345313087,"CCBP"
"593",2016-08-15,0.00159808161438344,"CCBP"
"594",2016-08-16,0.00145160954488247,"CCBP"
"595",2016-08-17,0.0015073341733796,"CCBP"
"596",2016-08-18,0.00121197930342465,"CCBP"
"597",2016-08-19,0.00101023965850686,"CCBP"
"598",2016-08-20,0.0008455302749191,"CCBP"
"599",2016-08-21,0.000685705086013058,"CCBP"
"600",2016-08-22,0.00115426514975442,"CCBP"
"601",2016-08-23,0.00112673442303471,"CCBP"
"602",2016-08-24,0.000914670755597025,"CCBP"
"603",2016-08-25,0.000764918658107962,"CCBP"
"604",2016-08-26,0.000601454968209666,"CCBP"
"605",2016-08-27,0.000479448681242813,"CCBP"
"606",2016-08-28,0.000376844745626279,"CCBP"
"607",2016-08-29,0.000292334734894868,"CCBP"
"608",2016-08-30,0.000201291553662589,"CCBP"
"609",2016-08-31,0.000156634779168992,"CCBP"
"610",2016-09-01,0.000112999652737259,"CCBP"
"611",2016-09-02,7.69551921686767e-05,"CCBP"
"612",2016-09-03,5.1288525070611e-05,"CCBP"
"613",2016-09-04,3.1456006115297e-05,"CCBP"
"614",2016-09-05,1.76010245043998e-05,"CCBP"
"615",2016-09-06,2.10065180439476e-05,"CCBP"
"616",2016-09-07,1.86405962164723e-05,"CCBP"
"617",2016-09-08,1.61940179630603e-05,"CCBP"
"618",2016-09-09,1.45271184937027e-05,"CCBP"
"619",2016-09-10,5.64594981556613e-06,"CCBP"
"620",2016-09-11,4.47195072693254e-06,"CCBP"
"621",2016-09-12,0,"CCBP"
"622",2016-09-13,0,"CCBP"
"623",2016-09-14,0,"CCBP"
"624",2016-09-15,0,"CCBP"
"625",2016-09-16,0,"CCBP"
"626",2016-09-17,0,"CCBP"
"627",2016-09-18,0,"CCBP"
"628",2016-09-19,0,"CCBP"
"629",2016-09-20,0,"CCBP"
"630",2016-09-21,0,"CCBP"
"631",2016-09-22,0,"CCBP"
"632",2016-09-23,0,"CCBP"
"633",2016-09-24,4.81698099343936e-05,"CCBP"
"634",2016-09-25,3.75410853609627e-05,"CCBP"
"635",2016-09-26,2.15083802497757e-05,"CCBP"
"636",2016-09-27,2.15352657250879e-05,"CCBP"
"637",2016-09-28,1.47959732468249e-05,"CCBP"
"638",2016-09-29,4.74080548005473e-06,"CCBP"
"639",2016-09-30,0,"CCBP"
"640",2016-10-01,3.85627334228271e-05,"CCBP"
"641",2016-10-02,9.27190425267415e-05,"CCBP"
"642",2016-10-03,0.000104100560408915,"CCBP"
"643",2016-10-04,9.88399690728236e-05,"CCBP"
"644",2016-10-05,9.81947176653303e-05,"CCBP"
"645",2016-10-06,9.90550528753213e-05,"CCBP"
"646",2016-10-07,8.40439958259987e-05,"CCBP"
"647",2016-10-08,7.88461372656362e-05,"CCBP"
"648",2016-10-09,0.00191513306291534,"CCBP"
"649",2016-10-10,0.00210211258188673,"CCBP"
"650",2016-10-11,0.00142394439078619,"CCBP"
"651",2016-10-12,0.00131847267113636,"CCBP"
"652",2016-10-13,0.00132233521775621,"CCBP"
"653",2016-10-14,0.00127753505406095,"CCBP"
"654",2016-10-15,0.00119504145397796,"CCBP"
"655",2016-10-16,0.00130546906291035,"CCBP"
"656",2016-10-17,0.00124166086816934,"CCBP"
"657",2016-10-18,0.00125660919244294,"CCBP"
"658",2016-10-19,0.00134620951983346,"CCBP"
"659",2016-10-20,0.00116946440513093,"CCBP"
"660",2016-10-21,0.00295399679080461,"CCBP"
"661",2016-10-22,0.008170361520007,"CCBP"
"662",2016-10-23,0.00470823820762653,"CCBP"
"663",2016-10-24,0.00335010049857955,"CCBP"
"664",2016-10-25,0.00306325936247348,"CCBP"
"665",2016-10-26,0.00281640588998178,"CCBP"
"666",2016-10-27,0.00308198957694099,"CCBP"
"667",2016-10-28,0.0157798472158756,"CCBP"
"668",2016-10-29,0.00998496979072995,"CCBP"
"669",2016-10-30,0.00822881950516086,"CCBP"
"670",2016-10-31,0.00775766051213932,"CCBP"
"671",2016-11-01,0.00684016678163451,"CCBP"
"672",2016-11-02,0.00657298788980677,"CCBP"
"673",2016-11-03,0.00654728537540829,"CCBP"
"674",2016-11-04,0.00645561486641873,"CCBP"
"675",2016-11-05,0.00618838220364037,"CCBP"
"676",2016-11-06,0.00604096018067836,"CCBP"
"677",2016-11-07,0.00577722262969059,"CCBP"
"678",2016-11-08,0.00577491047881374,"CCBP"
"679",2016-11-09,0.00578104932901003,"CCBP"
"680",2016-11-10,0.00609864744887328,"CCBP"
"681",2016-11-11,0.00606748718298642,"CCBP"
"682",2016-11-12,0.00589453292030291,"CCBP"
"683",2016-11-13,0.00569970284254036,"CCBP"
"684",2016-11-14,0.00560559471712249,"CCBP"
"685",2016-11-15,0.0122442458994668,"CCBP"
"686",2016-11-16,0.0400252136615608,"CCBP"
"687",2016-11-17,0.0328887868656358,"CCBP"
"688",2016-11-18,0.0279105557530989,"CCBP"
"689",2016-11-19,0.0263823853363523,"CCBP"
"690",2016-11-20,0.0268272861818189,"CCBP"
"691",2016-11-21,0.0245338565576104,"CCBP"
"692",2016-11-22,0.0213752702615049,"CCBP"
"693",2016-11-23,0.019668472746784,"CCBP"
"694",2016-11-24,0.0207964707871584,"CCBP"
"695",2016-11-25,0.0219565521614053,"CCBP"
"696",2016-11-26,0.0206702703660428,"CCBP"
"697",2016-11-27,0.0194373920864754,"CCBP"
"698",2016-11-28,0.0188322627699731,"CCBP"
"699",2016-11-29,0.021333857667699,"CCBP"
"700",2016-11-30,0.0332558363364233,"CCBP"
"701",2016-12-01,0.0632957486197253,"CCBP"
"702",2016-12-02,0.0472496097327073,"CCBP"
"703",2016-12-03,0.0412559142176278,"CCBP"
"704",2016-12-04,0.0372566639176347,"CCBP"
"705",2016-12-05,0.035665617335958,"CCBP"
"706",2016-12-06,0.0342440926379499,"CCBP"
"707",2016-12-07,0.0347912658315042,"CCBP"
"708",2016-12-08,0.0346255796089801,"CCBP"
"709",2016-12-09,0.0321802560110827,"CCBP"
"710",2016-12-10,0.0314884479221737,"CCBP"
"711",2016-12-11,0.0290179684812092,"CCBP"
"712",2016-12-12,0.0353757739884421,"CCBP"
"713",2016-12-13,0.0381348241977578,"CCBP"
"714",2016-12-14,0.0361178489543598,"CCBP"
"715",2016-12-15,0.0334651128762537,"CCBP"
"716",2016-12-16,0.0275376900578188,"CCBP"
"717",2016-12-17,0.0258842691734177,"CCBP"
"718",2016-12-18,0.0334916129930864,"CCBP"
"719",2016-12-19,0.0398176846776258,"CCBP"
"720",2016-12-20,0.033639169443425,"CCBP"
"721",2016-12-21,0.0317213657566286,"CCBP"
"722",2016-12-22,0.0312955715222839,"CCBP"
"723",2016-12-23,0.0305356177152836,"CCBP"
"724",2016-12-24,0.037079210818749,"CCBP"
"725",2016-12-25,0.042309663537015,"CCBP"
"726",2016-12-26,0.0362683717688078,"CCBP"
"727",2016-12-27,0.0448768679563278,"CCBP"
"728",2016-12-28,0.0436451457521989,"CCBP"
"729",2016-12-29,0.0504501732176003,"CCBP"
"730",2016-12-30,0.0823750709841675,"CCBP"
"731",2016-12-31,0.0672597968707096,"CCBP"
"732",2017-01-01,0.0683392935136208,"CCBP"
"733",2017-01-02,0.0597655154365539,"CCBP"
"734",2017-01-03,0.0748984533072919,"CCBP"
"735",2017-01-04,0.125553377343045,"CCBP"
"736",2017-01-05,0.0886449968344298,"CCBP"
"737",2017-01-06,0.0707984183221784,"CCBP"
"738",2017-01-07,0.058647975846076,"CCBP"
"739",2017-01-08,0.0537763277195018,"CCBP"
"740",2017-01-09,0.0488338811746054,"CCBP"
"741",2017-01-10,0.0448234644405326,"CCBP"
"742",2017-01-11,0.0659016770853128,"CCBP"
"743",2017-01-12,0.0802235697841323,"CCBP"
"744",2017-01-13,0.0712061813644138,"CCBP"
"745",2017-01-14,0.0565222309313898,"CCBP"
"746",2017-01-15,0.0489996749390307,"CCBP"
"747",2017-01-16,0.0437337065078773,"CCBP"
"748",2017-01-17,0.0424091487574953,"CCBP"
"749",2017-01-18,0.0610515373389884,"CCBP"
"750",2017-01-19,0.0630804945425506,"CCBP"
"751",2017-01-20,0.0567346261863563,"CCBP"
"752",2017-01-21,0.0489494887184479,"CCBP"
"753",2017-01-22,0.0462788648374341,"CCBP"
"754",2017-01-23,0.0521291442653731,"CCBP"
"755",2017-01-24,0.166462316578118,"CCBP"
"756",2017-01-25,0.144043414897769,"CCBP"
"757",2017-01-26,0.102195276391789,"CCBP"
"758",2017-01-27,0.0836595335290339,"CCBP"
"759",2017-01-28,0.0704202293027866,"CCBP"
"760",2017-01-29,0.0624818446255985,"CCBP"
"761",2017-01-30,0.0562067746877264,"CCBP"
"762",2017-01-31,0.0504631409785259,"CCBP"
"763",2017-02-01,0.047783555272408,"CCBP"
"764",2017-02-02,0.0468138857961473,"CCBP"
"765",2017-02-03,0.0441809015805706,"CCBP"
"766",2017-02-04,0.0419825658825414,"CCBP"
"767",2017-02-05,0.0397609294392417,"CCBP"
"768",2017-02-06,0.0396766882832634,"CCBP"
"769",2017-02-07,0.0388522003736886,"CCBP"
"770",2017-02-08,0.0451908992697996,"CCBP"
"771",2017-02-09,0.0495696470156498,"CCBP"
"772",2017-02-10,0.0465763974308893,"CCBP"
"773",2017-02-11,0.0432470794047261,"CCBP"
"774",2017-02-12,0.042098173426384,"CCBP"
"775",2017-02-13,0.0493527708481312,"CCBP"
"776",2017-02-14,0.0480873611434361,"CCBP"
"777",2017-02-15,0.045975058966406,"CCBP"
"778",2017-02-16,0.0510564138004155,"CCBP"
"779",2017-02-17,0.0479439719417709,"CCBP"
"780",2017-02-18,0.0470567512564677,"CCBP"
"781",2017-02-19,0.0563582295319853,"CCBP"
"782",2017-02-20,0.0680677502129673,"CCBP"
"783",2017-02-21,0.0659115350929273,"CCBP"
"784",2017-02-22,0.07069177260344,"CCBP"
"785",2017-02-23,0.0906425876501278,"CCBP"
"786",2017-02-24,0.130078202838092,"CCBP"
"787",2017-02-25,0.119521172865493,"CCBP"
"788",2017-02-26,0.0979115239920416,"CCBP"
"789",2017-02-27,0.0757991167302513,"CCBP"
"790",2017-02-28,0.0658219168418866,"CCBP"
"791",2017-03-01,0.0602888860226318,"CCBP"
"792",2017-03-02,0.0558751871588757,"CCBP"
"793",2017-03-03,0.0507069026213567,"CCBP"
"794",2017-03-04,0.0473856502377872,"CCBP"
"795",2017-03-05,0.0423195305064546,"CCBP"
"796",2017-03-06,0.0409214857902191,"CCBP"
"797",2017-03-07,0.0417253615020545,"CCBP"
"798",2017-03-08,0.0460135948143535,"CCBP"
"799",2017-03-09,0.0447526660222104,"CCBP"
"800",2017-03-10,0.0442687274665905,"CCBP"
"801",2017-03-11,0.0407978126037829,"CCBP"
"802",2017-03-12,NA,"CCBP"
"803",2017-03-13,NA,"CCBP"
"804",2017-03-14,NA,"CCBP"
"805",2017-03-15,NA,"CCBP"
"806",2017-03-16,NA,"CCBP"
"807",2017-03-17,NA,"CCBP"
"808",2017-03-18,NA,"CCBP"
"809",2017-03-19,NA,"CCBP"
"810",2017-03-20,NA,"CCBP"
"811",2017-03-21,0.0616394330658156,"CCBP"
"812",2017-03-22,0.0630697403524257,"CCBP"
"813",2017-03-23,NA,"CCBP"
"814",2017-03-24,NA,"CCBP"
"815",2017-03-25,NA,"CCBP"
"816",2017-03-26,NA,"CCBP"
"817",2017-03-27,NA,"CCBP"
"818",2017-03-28,NA,"CCBP"
"819",2017-03-29,0.142185628553694,"CCBP"
"820",2017-03-30,0.098405320555276,"CCBP"
"821",2017-03-31,0.0813895032301722,"CCBP"
"822",2017-04-01,NA,"CCBP"
"823",2017-04-02,NA,"CCBP"
"824",2017-04-03,NA,"CCBP"
"825",2017-04-04,0.170883184901958,"CCBP"
"826",2017-04-05,0.174131846502184,"CCBP"
"827",2017-04-06,0.186293043168412,"CCBP"
"828",2017-04-07,0.210291018432099,"CCBP"
"829",2017-04-08,0.129250130198475,"CCBP"
"830",2017-04-09,0.100721952344679,"CCBP"
"831",2017-04-10,0.0841099925927651,"CCBP"
"832",2017-04-11,0.0695473475376498,"CCBP"
"833",2017-04-12,0.0610112091260201,"CCBP"
"834",2017-04-13,0.0618473474082301,"CCBP"
"835",2017-04-14,0.0541652709290185,"CCBP"
"836",2017-04-15,0.0482585320029239,"CCBP"
"837",2017-04-16,0.0443870235579643,"CCBP"
"838",2017-04-17,0.0411159573949775,"CCBP"
"839",2017-04-18,0.0382920863046841,"CCBP"
"840",2017-04-19,0.0363814251924956,"CCBP"
"841",2017-04-20,0.0339420163991669,"CCBP"
"842",2017-04-21,0.0445438554972855,"CCBP"
"843",2017-04-22,0.0661597776483101,"CCBP"
"844",2017-04-23,0.05223220525407,"CCBP"
"845",2017-04-24,0.0435078685152547,"CCBP"
"846",2017-04-25,0.0526560995814926,"CCBP"
"847",2017-04-26,0.165024839831425,"CCBP"
"848",2017-04-27,0.117347034095245,"CCBP"
"849",2017-04-28,0.0813321475495061,"CCBP"
"850",2017-04-29,0.0629523404435623,"CCBP"
"851",2017-04-30,0.0544911487589885,"CCBP"
"852",2017-05-01,0.050302724309163,"CCBP"
"853",2017-05-02,0.0641819028478412,"CCBP"
"854",2017-05-03,0.0565616629618477,"CCBP"
"855",2017-05-04,0.0451084504788422,"CCBP"
"856",2017-05-05,0.0714194728018907,"CCBP"
"857",2017-05-06,0.118289818096194,"CCBP"
"858",2017-05-07,0.0776766190895546,"CCBP"
"859",2017-05-08,0.0603507226158499,"CCBP"
"860",2017-05-09,0.0458137461145327,"CCBP"
"861",2017-05-10,0.0427613484840854,"CCBP"
"862",2017-05-11,0.0403291091508399,"CCBP"
"863",2017-05-12,0.0377669233535854,"CCBP"
"864",2017-05-13,0.0368546095579907,"CCBP"
"865",2017-05-14,0.109015225295988,"CCBP"
"866",2017-05-15,0.103852317853532,"CCBP"
"867",2017-05-16,0.065943797663302,"CCBP"
"868",2017-05-17,0.0507418537392626,"CCBP"
"869",2017-05-18,0.0425301333964003,"CCBP"
"870",2017-05-19,0.0390995467465611,"CCBP"
"871",2017-05-20,0.0350756872748322,"CCBP"
"872",2017-05-21,0.0308268859929911,"CCBP"
"873",2017-05-22,0.0306207640155974,"CCBP"
"874",2017-05-23,0.0315868487618165,"CCBP"
"875",2017-05-24,0.0304881290040571,"CCBP"
"876",2017-05-25,0.0339375354866149,"CCBP"
"877",2017-05-26,0.129284185133871,"CCBP"
"878",2017-05-27,0.074418995664224,"CCBP"
"879",2017-05-28,0.0508619421956572,"CCBP"
"880",2017-05-29,0.0435992791313162,"CCBP"
"881",2017-05-30,0.0404554708848073,"CCBP"
"882",2017-05-31,0.0370974750183111,"CCBP"
"883",2017-06-01,0.0348086248867308,"CCBP"
"884",2017-06-02,0.030204039148258,"CCBP"
"885",2017-06-03,0.0276732197388677,"CCBP"
"886",2017-06-04,0.0251764552648729,"CCBP"
"887",2017-06-05,0.0316191113321911,"CCBP"
"888",2017-06-06,0.106476340244004,"CCBP"
"889",2017-06-07,0.132242483600725,"CCBP"
"890",2017-06-08,0.0725988489855868,"CCBP"
"891",2017-06-09,0.0503349868795376,"CCBP"
"892",2017-06-10,0.0399007339108652,"CCBP"
"893",2017-06-11,0.0305705777950146,"CCBP"
"894",2017-06-12,0.0267017578975862,"CCBP"
"895",2017-06-13,0.0241010362523841,"CCBP"
"896",2017-06-14,0.0211534919756544,"CCBP"
"897",2017-06-15,0.0172084965648414,"CCBP"
"898",2017-06-16,0.0216490809039097,"CCBP"
"899",2017-06-17,0.0447204034518358,"CCBP"
"900",2017-06-18,0.0341436574640086,"CCBP"
"901",2017-06-19,0.0799003065897339,"CCBP"
"902",2017-06-20,0.082865515824813,"CCBP"
"903",2017-06-21,0.0725101269170564,"CCBP"
"904",2017-06-22,0.0642025150455806,"CCBP"
"905",2017-06-23,0.078925001326552,"CCBP"
"906",2017-06-24,0.0930111980251343,"CCBP"
"907",2017-06-25,0.0751502805927164,"CCBP"
"908",2017-06-26,0.0687882809513348,"CCBP"
"909",2017-06-27,0.0760724523959255,"CCBP"
"910",2017-06-28,0.0904257114826092,"CCBP"
"911",2017-06-29,0.0719132693651252,"CCBP"
"912",2017-06-30,0.0762991865710586,"CCBP"
"913",2017-07-01,0.10554341425067,"CCBP"
"914",2017-07-02,0.0844571359632964,"CCBP"
"915",2017-07-03,0.0750015142959888,"CCBP"
"916",2017-07-04,0.0676348940604406,"CCBP"
"917",2017-07-05,0.0634407599117343,"CCBP"
"918",2017-07-06,0.0601437044559458,"CCBP"
"919",2017-07-07,0.0592896425235276,"CCBP"
"920",2017-07-08,0.0581559716478624,"CCBP"
"921",2017-07-09,0.0586748613213882,"CCBP"
"922",2017-07-10,0.0548033528764286,"CCBP"
"923",2017-07-11,0.0557819841777934,"CCBP"
"924",2017-07-12,0.0607190536276273,"CCBP"
"925",2017-07-13,0.0613194959096002,"CCBP"
"926",2017-07-14,0.0571092304757066,"CCBP"
"927",2017-07-15,0.0581613487429248,"CCBP"
"928",2017-07-16,0.0549664580933227,"CCBP"
"929",2017-07-17,0.051603085131764,"CCBP"
"930",2017-07-18,0.0520610343945822,"CCBP"
"931",2017-07-19,0.0513189952759649,"CCBP"
"932",2017-07-20,0.047909020823865,"CCBP"
"933",2017-07-21,0.0416285737909305,"CCBP"
"934",2017-07-22,0.0363177962342567,"CCBP"
"935",2017-07-23,0.0334437389233804,"CCBP"
"936",2017-07-24,0.0445895608053163,"CCBP"
"937",2017-07-25,0.0641236509846647,"CCBP"
"938",2017-07-26,0.0518127918391993,"CCBP"
"939",2017-07-27,0.0443099518620692,"CCBP"
"940",2017-07-28,0.0388100797956995,"CCBP"
"941",2017-07-29,0.0340576239430095,"CCBP"
"942",2017-07-30,0.0278918882714071,"CCBP"
"943",2017-07-31,0.0250008034928331,"CCBP"
"944",2017-08-01,0.0248430753710014,"CCBP"
"945",2017-08-02,0.0247086479944403,"CCBP"
"946",2017-08-03,0.0251585316146648,"CCBP"
"947",2017-08-04,0.0238527936970013,"CCBP"
"948",2017-08-05,0.0226447396729722,"CCBP"
"949",2017-08-06,0.0199821814345521,"CCBP"
"950",2017-08-07,0.0183125934176632,"CCBP"
"951",2017-08-08,0.0192992903616217,"CCBP"
"952",2017-08-09,0.0193432033046316,"CCBP"
"953",2017-08-10,0.0183672605507981,"CCBP"
"954",2017-08-11,0.0181620347559148,"CCBP"
"955",2017-08-12,0.017482728413026,"CCBP"
"956",2017-08-13,0.0167048419939925,"CCBP"
"957",2017-08-14,0.0166609290509825,"CCBP"
"958",2017-08-15,0.0166519672258785,"CCBP"
"959",2017-08-16,0.0163633964575273,"CCBP"
"960",2017-08-17,NA,"CCBP"
"961",2017-08-18,0.017163687439321,"CCBP"
"962",2017-08-19,0.0230659454528637,"CCBP"
"963",2017-08-20,0.0298876867220842,"CCBP"
"964",2017-08-21,0.0256881754783155,"CCBP"
"965",2017-08-22,0.02153974663764,"CCBP"
"966",2017-08-23,0.0260179706421454,"CCBP"
"967",2017-08-24,0.0216490809039097,"CCBP"
"968",2017-08-25,NA,"CCBP"
"969",2017-08-26,NA,"CCBP"
"970",2017-08-27,NA,"CCBP"
"971",2017-08-28,NA,"CCBP"
"972",2017-08-29,NA,"CCBP"
"973",2017-08-30,NA,"CCBP"
"974",2017-08-31,NA,"CCBP"
"975",2017-09-01,NA,"CCBP"
"976",2017-09-02,NA,"CCBP"
"977",2017-09-03,NA,"CCBP"
"978",2017-09-04,NA,"CCBP"
"979",2017-09-05,NA,"CCBP"
"980",2017-09-06,0.0190815180115927,"CCBP"
"981",2017-09-07,NA,"CCBP"
"982",2017-09-08,NA,"CCBP"
"983",2017-09-09,NA,"CCBP"
"984",2017-09-10,NA,"CCBP"
"985",2017-09-11,NA,"CCBP"
"986",2017-09-12,NA,"CCBP"
"987",2017-09-13,NA,"CCBP"
"988",2017-09-14,NA,"CCBP"
"989",2017-09-15,NA,"CCBP"
"990",2017-09-16,0.0230910385631551,"CCBP"
"991",2017-09-17,NA,"CCBP"
"992",2017-09-18,NA,"CCBP"
"993",2017-09-19,NA,"CCBP"
"994",2017-09-20,NA,"CCBP"
"995",2017-09-21,NA,"CCBP"
"996",2017-09-22,NA,"CCBP"
"997",2017-09-23,NA,"CCBP"
"998",2017-09-24,NA,"CCBP"
"999",2017-09-25,NA,"CCBP"
"1000",2017-09-26,NA,"CCBP"
"1001",2017-09-27,NA,"CCBP"
"1002",2017-09-28,NA,"CCBP"
"1003",2017-09-29,NA,"CCBP"
"1004",2017-09-30,NA,"CCBP"
"1005",2017-10-01,NA,"CCBP"
"1006",2017-10-02,NA,"CCBP"
"1007",2017-10-03,NA,"CCBP"
"1008",2017-10-04,NA,"CCBP"
"1009",2017-10-05,NA,"CCBP"
"1010",2017-10-06,NA,"CCBP"
"1011",2017-10-07,NA,"CCBP"
"1012",2017-10-08,NA,"CCBP"
"1013",2017-10-09,NA,"CCBP"
"1014",2017-10-10,NA,"CCBP"
"1015",2017-10-11,NA,"CCBP"
"1016",2017-10-12,NA,"CCBP"
"1017",2017-10-13,NA,"CCBP"
"1018",2017-10-14,NA,"CCBP"
"1019",2017-10-15,NA,"CCBP"
"1020",2017-10-16,NA,"CCBP"
"1021",2017-10-17,NA,"CCBP"
"1022",2017-10-18,NA,"CCBP"
"1023",2017-10-19,NA,"CCBP"
"1024",2017-10-20,NA,"CCBP"
"1025",2017-10-21,NA,"CCBP"
"1026",2017-10-22,NA,"CCBP"
"1027",2017-10-23,NA,"CCBP"
"1028",2017-10-24,NA,"CCBP"
"1029",2017-10-25,NA,"CCBP"
"1030",2017-10-26,NA,"CCBP"
"1031",2017-10-27,NA,"CCBP"
"1032",2017-10-28,NA,"CCBP"
"1033",2017-10-29,NA,"CCBP"
"1034",2017-10-30,NA,"CCBP"
"1035",2017-10-31,NA,"CCBP"
"1036",2017-11-01,NA,"CCBP"
"1037",2017-11-02,NA,"CCBP"
"1038",2017-11-03,NA,"CCBP"
"1039",2017-11-04,NA,"CCBP"
"1040",2017-11-05,NA,"CCBP"
"1041",2017-11-06,NA,"CCBP"
"1042",2017-11-07,NA,"CCBP"
"1043",2017-11-08,NA,"CCBP"
"1044",2017-11-09,NA,"CCBP"
"1045",2017-11-10,NA,"CCBP"
"1046",2017-11-11,NA,"CCBP"
"1047",2017-11-12,NA,"CCBP"
"1048",2017-11-13,NA,"CCBP"
"1049",2017-11-14,NA,"CCBP"
"1050",2017-11-15,NA,"CCBP"
"1051",2017-11-16,NA,"CCBP"
"1052",2017-11-17,NA,"CCBP"
"1053",2017-11-18,NA,"CCBP"
"1054",2017-11-19,NA,"CCBP"
"1055",2017-11-20,NA,"CCBP"
"1056",2017-11-21,NA,"CCBP"
"1057",2017-11-22,NA,"CCBP"
"1058",2017-11-23,NA,"CCBP"
"1059",2017-11-24,NA,"CCBP"
"1060",2017-11-25,NA,"CCBP"
"1061",2017-11-26,NA,"CCBP"
"1062",2017-11-27,NA,"CCBP"
"1063",2017-11-28,NA,"CCBP"
"1064",2017-11-29,NA,"CCBP"
"1065",2017-11-30,NA,"CCBP"
"1066",2017-12-01,NA,"CCBP"
"1067",2017-12-02,NA,"CCBP"
"1068",2017-12-03,NA,"CCBP"
"1069",2017-12-04,NA,"CCBP"
"1070",2017-12-05,NA,"CCBP"
"1071",2017-12-06,NA,"CCBP"
"1072",2017-12-07,NA,"CCBP"
"1073",2017-12-08,NA,"CCBP"
"1074",2017-12-09,NA,"CCBP"
"1075",2017-12-10,NA,"CCBP"
"1076",2017-12-11,NA,"CCBP"
"1077",2017-12-12,NA,"CCBP"
"1078",2017-12-13,NA,"CCBP"
"1079",2017-12-14,0.0309971606699685,"CCBP"
"1080",2017-12-15,0.0274590321188803,"CCBP"
"1081",2017-12-16,0.0263916787489852,"CCBP"
"1082",2017-12-17,0.0253404566642774,"CCBP"
"1083",2017-12-18,0.0242202285262683,"CCBP"
"1084",2017-12-19,0.0257428426114503,"CCBP"
"1085",2017-12-20,0.0293643161360063,"CCBP"
"1086",2017-12-21,0.027544169457369,"CCBP"
"1087",2017-12-22,0.0252051331052059,"CCBP"
"1088",2017-12-23,0.0271292369550505,"CCBP"
"1089",2017-12-24,0.0357048073971381,"CCBP"
"1090",2017-12-25,0.0342243138899452,"CCBP"
"1091",2017-12-26,0.0317696699939396,"CCBP"
"1092",2017-12-27,0.028835568454866,"CCBP"
"1093",2017-12-28,0.0269607546430939,"CCBP"
"1094",2017-12-29,0.0256863831132947,"CCBP"
"1095",2017-12-30,0.0246763854240656,"CCBP"
"1096",2017-12-31,0.0239997676287081,"CCBP"
"1097",2018-01-01,0.0230677378178845,"CCBP"
"1098",2018-01-02,0.0222002331478102,"CCBP"
"1099",2018-01-03,0.0215827633981395,"CCBP"
"1100",2018-01-04,0.0222683430186011,"CCBP"
"1101",2018-01-05,0.0257087876760548,"CCBP"
"1102",2018-01-06,0.0266981731675445,"CCBP"
"1103",2018-01-07,0.0228723700306157,"CCBP"
"1104",2018-01-08,0.0218292135885015,"CCBP"
"1105",2018-01-09,0.0220783523263948,"CCBP"
"1106",2018-01-10,0.0216132336034934,"CCBP"
"1107",2018-01-11,0.0246853472491697,"CCBP"
"1108",2018-01-12,0.0551161205725607,"CCBP"
"1109",2018-01-13,0.179265179921797,"CCBP"
"1110",2018-01-14,0.104943868151208,"CCBP"
"1111",2018-01-15,0.0638288069387407,"CCBP"
"1112",2018-01-16,0.0506755362334924,"CCBP"
"1113",2018-01-17,0.047218064108341,"CCBP"
"1114",2018-01-18,0.0446827637863987,"CCBP"
"1115",2018-01-19,0.0409662949157395,"CCBP"
"1116",2018-01-20,0.0391129894842172,"CCBP"
"1117",2018-01-21,0.038848615643647,"CCBP"
"1118",2018-01-22,0.0397268745038462,"CCBP"
"1119",2018-01-23,0.0715064025054002,"CCBP"
"1120",2018-01-24,0.0830465446919153,"CCBP"
"1121",2018-01-25,0.057008858034541,"CCBP"
"1122",2018-01-26,0.0429638857314374,"CCBP"
"1123",2018-01-27,0.0414735342166301,"CCBP"
"1124",2018-01-28,0.0572938440728505,"CCBP"
"1125",2018-01-29,0.0499774100578851,"CCBP"
"1126",2018-01-30,0.0404707059874843,"CCBP"
"1127",2018-01-31,0.0341364880039253,"CCBP"
"1128",2018-02-01,0.0320618254923324,"CCBP"
"1129",2018-02-02,0.0425749425219207,"CCBP"
"1130",2018-02-03,0.0318700424351052,"CCBP"
"1131",2018-02-04,0.0286688785079302,"CCBP"
"1132",2018-02-05,0.0586730689563674,"CCBP"
"1133",2018-02-06,0.0396542837205032,"CCBP"
"1134",2018-02-07,0.0340155033650203,"CCBP"
"1135",2018-02-08,0.044481122721557,"CCBP"
"1136",2018-02-09,0.0355766532981499,"CCBP"
"1137",2018-02-10,0.0342063902397371,"CCBP"
"1138",2018-02-11,0.106803446860303,"CCBP"
"1139",2018-02-12,0.0976184723111384,"CCBP"
"1140",2018-02-13,0.0634031202462972,"CCBP"
"1141",2018-02-14,0.0531463114146854,"CCBP"
"1142",2018-02-15,0.0519642466834582,"CCBP"
"1143",2018-02-16,0.0548257574391887,"CCBP"
"1144",2018-02-17,0.0448987437714068,"CCBP"
"1145",2018-02-18,0.0400629429452489,"CCBP"
"1146",2018-02-19,0.0423123610463713,"CCBP"
"1147",2018-02-20,0.0731930179899868,"CCBP"
"1148",2018-02-21,0.0653084042634232,"CCBP"
"1149",2018-02-22,0.0557559948849915,"CCBP"
"1150",2018-02-23,0.0486519561249927,"CCBP"
"1151",2018-02-24,0.0462833457499861,"CCBP"
"1152",2018-02-25,0.0528012811481786,"CCBP"
"1153",2018-02-26,0.0614243492633179,"CCBP"
"1154",2018-02-27,0.0484538997901927,"CCBP"
"1155",2018-02-28,0.0416697981864093,"CCBP"
"1156",2018-03-01,0.0394929708686299,"CCBP"
"1157",2018-03-02,0.0719598708556663,"CCBP"
"1158",2018-03-03,0.0881512002711954,"CCBP"
"1159",2018-03-04,0.0671455784097582,"CCBP"
"1160",2018-03-05,0.0549673542758331,"CCBP"
"1161",2018-03-06,0.0455359295363064,"CCBP"
"1162",2018-03-07,0.04587379034273,"CCBP"
"1163",2018-03-08,0.0867719753876786,"CCBP"
"1164",2018-03-09,0.078432100945828,"CCBP"
"1165",2018-03-10,0.0656175872295137,"CCBP"
"1166",2018-03-11,0.0621744540245288,"CCBP"
"1167",2018-03-12,0.0600460205623114,"CCBP"
"1168",2018-03-13,0.0619988022524889,"CCBP"
"1169",2018-03-14,0.0697946939105222,"CCBP"
"1170",2018-03-15,0.0706182856375866,"CCBP"
"1171",2018-03-16,0.0627587650213144,"CCBP"
"1172",2018-03-17,0.0504129547579431,"CCBP"
"1173",2018-03-18,0.042808846157137,"CCBP"
"1174",2018-03-19,0.0392303893930805,"CCBP"
"1175",2018-03-20,0.0371118139384776,"CCBP"
"1176",2018-03-21,0.0354467068341408,"CCBP"
"1177",2018-03-22,0.0347602310311688,"CCBP"
"1178",2018-03-23,0.0360113018156974,"CCBP"
"1179",2018-03-24,0.0373555755813084,"CCBP"
"1180",2018-03-25,0.0419700193273957,"CCBP"
"1181",2018-03-26,0.0392151542904036,"CCBP"
"1182",2018-03-27,0.0382365229890388,"CCBP"
"1183",2018-03-28,0.0399213461086046,"CCBP"
"1184",2018-03-29,0.0408524797369178,"CCBP"
"1185",2018-03-30,0.0422164695177577,"CCBP"
"1186",2018-03-31,0.0402000588693412,"CCBP"
"1187",2018-04-01,0.0370670048129573,"CCBP"
"1188",2018-04-02,0.0335010946040465,"CCBP"
"1189",2018-04-03,0.0336211830604411,"CCBP"
"1190",2018-04-04,0.056109090794092,"CCBP"
"1191",2018-04-05,0.0475729523824623,"CCBP"
"1192",2018-04-06,0.0389059713243131,"CCBP"
"1193",2018-04-07,0.0536087415900556,"CCBP"
"1194",2018-04-08,0.0448736506611154,"CCBP"
"1195",2018-04-09,0.0355309479901191,"CCBP"
"1196",2018-04-10,0.0393235923741629,"CCBP"
"1197",2018-04-11,0.0407996049688037,"CCBP"
"1198",2018-04-12,0.0355829265757227,"CCBP"
"1199",2018-04-13,0.0341678543917896,"CCBP"
"1200",2018-04-14,0.0303787947377874,"CCBP"
"1201",2018-04-15,0.0275567160125147,"CCBP"
"1202",2018-04-16,0.155143531471674,"CCBP"
"1203",2018-04-17,0.156999525450728,"CCBP"
"1204",2018-04-18,0.0771433904958623,"CCBP"
"1205",2018-04-19,0.0611008273770608,"CCBP"
"1206",2018-04-20,0.0499505245825729,"CCBP"
"1207",2018-04-21,0.0390565299860615,"CCBP"
"1208",2018-04-22,0.0349197515180213,"CCBP"
"1209",2018-04-23,0.0324095443063704,"CCBP"
"1210",2018-04-24,0.0302909688517675,"CCBP"
"1211",2018-04-25,0.0465324844878794,"CCBP"
"1212",2018-04-26,0.0936824387254294,"CCBP"
"1213",2018-04-27,0.0610156900385721,"CCBP"
"1214",2018-04-28,0.0585001057318588,"CCBP"
"1215",2018-04-29,0.046676769872055,"CCBP"
"1216",2018-04-30,0.0421519443770084,"CCBP"
"1217",2018-05-01,0.0372130825621536,"CCBP"
"1218",2018-05-02,0.0342386528101117,"CCBP"
"1219",2018-05-03,0.0330198445959578,"CCBP"
"1220",2018-05-04,0.0335270838968483,"CCBP"
"1221",2018-05-05,0.0296967998473674,"CCBP"
"1222",2018-05-06,0.0287853822342832,"CCBP"
"1223",2018-05-07,0.0341418650989877,"CCBP"
"1224",2018-05-08,0.0289502798161981,"CCBP"
"1225",2018-05-09,0.0260842881479155,"CCBP"
"1226",2018-05-10,0.024745391477367,"CCBP"
"1227",2018-05-11,0.023236220129841,"CCBP"
"1228",2018-05-12,0.0210477424394264,"CCBP"
"1229",2018-05-13,0.0213363132077775,"CCBP"
"1230",2018-05-14,0.0208344510019494,"CCBP"
"1231",2018-05-15,0.0241583919330502,"CCBP"
"1232",2018-05-16,0.0273470093050794,"CCBP"
"1233",2018-05-17,0.0225766298021813,"CCBP"
"1234",2018-05-18,0.0205315413134317,"CCBP"
"1235",2018-05-19,0.0201175049936236,"CCBP"
"1236",2018-05-20,0.0235032825179424,"CCBP"
"1237",2018-05-21,0.0200717996855928,"CCBP"
"1238",2018-05-22,0.018213117159008,"CCBP"
"1239",2018-05-23,NA,"CCBP"
"1240",2018-05-24,0.0160309127461662,"CCBP"
"1241",2018-05-25,0.0142519904630076,"CCBP"
"1242",2018-05-26,0.0141704378545606,"CCBP"
"1243",2018-05-27,0.0151427958783525,"CCBP"
"1244",2018-05-28,0.0144796208206511,"CCBP"
"1245",2018-05-29,0.0136040505079831,"CCBP"
"1246",2018-05-30,0.0134776887740157,"CCBP"
"1247",2018-05-31,0.0103096835997258,"CCBP"
"1248",2018-06-01,0.0103150606947883,"CCBP"
"1249",2018-06-02,0.0102299233562996,"CCBP"
"1250",2018-06-03,0.00884352901269945,"CCBP"
"1251",2018-06-04,0.0124766529098907,"CCBP"
"1252",2018-06-05,0.0164548070735888,"CCBP"
"1253",2018-06-06,0.0153847651561625,"CCBP"
"1254",2018-06-07,0.0134301911009641,"CCBP"
"1255",2018-06-08,0.011898615190678,"CCBP"
"1256",2018-06-09,0.0102084149760498,"CCBP"
"1257",2018-06-10,0.00906847082281169,"CCBP"
"1258",2018-06-11,0.00740425990098529,"CCBP"
"1259",2018-06-12,0.00654033996095264,"CCBP"
"1260",2018-06-13,0.00625087301009107,"CCBP"
"1261",2018-06-14,0.0066460894971807,"CCBP"
"1262",2018-06-15,0.00477217186791899,"CCBP"
"1263",2018-06-16,0.00485372447636606,"CCBP"
"1264",2018-06-17,0.00482146190599139,"CCBP"
"1265",2018-06-18,0.00530719282663216,"CCBP"
"1266",2018-06-19,0.00740694844851652,"CCBP"
"1267",2018-06-20,0.00567821238594079,"CCBP"
"1268",2018-06-21,0.00460458573847282,"CCBP"
"1269",2018-06-22,0.00396471142604199,"CCBP"
"1270",2018-06-23,0.003892120642699,"CCBP"
"1271",2018-06-24,0.00363222771468088,"CCBP"
"1272",2018-06-25,0.0096689131047846,"CCBP"
"1273",2018-06-26,0.00707984183221784,"CCBP"
"1274",2018-06-27,0.00501145259819775,"CCBP"
"1275",2018-06-28,0.015713664137482,"CCBP"
"1276",2018-06-29,0.0148004541593769,"CCBP"
"1277",2018-06-30,0.00941708581936014,"CCBP"
"1278",2018-07-01,0.0065242086757653,"CCBP"
"1279",2018-07-02,0.00480174589076243,"CCBP"
"1280",2018-07-03,0.00403461366185376,"CCBP"
"1281",2018-07-04,0.00456156897797327,"CCBP"
"1282",2018-07-05,0.00363670862723291,"CCBP"
"1283",2018-07-06,0.00335530731896501,"CCBP"
"1284",2018-07-07,0.00285882220819936,"CCBP"
"1285",2018-07-08,0.00235068672479841,"CCBP"
"1286",2018-07-09,0.00227361502890338,"CCBP"
"1287",2018-07-10,0.0020316457510934,"CCBP"
"1288",2018-07-11,0.0018353817813142,"CCBP"
"1289",2018-07-12,0.00176368718048161,"CCBP"
"1290",2018-07-13,0.00170364295228432,"CCBP"
"1291",2018-07-14,0.00146794695204719,"CCBP"
"1292",2018-07-15,0.00156473466317118,"CCBP"
"1293",2018-07-16,0.00159968578107707,"CCBP"
"1294",2018-07-17,0.00204688085377032,"CCBP"
"1295",2018-07-18,0.00255949724972331,"CCBP"
"1296",2018-07-19,0.0023623370974337,"CCBP"
"1297",2018-07-20,0.00238026074764185,"CCBP"
"1298",2018-07-21,0.00213291437476943,"CCBP"
"1299",2018-07-22,0.00236861037500655,"CCBP"
"1300",2018-07-23,0.0020441923062391,"CCBP"
"1301",2018-07-24,0.00154322628292141,"CCBP"
"1302",2018-07-25,0.00139445998619379,"CCBP"
"1303",2018-07-26,0.00235606381986085,"CCBP"
"1304",2018-07-27,0.00275934594954414,"CCBP"
"1305",2018-07-28,0.0024600209910681,"CCBP"
"1306",2018-07-29,0.00214277238238391,"CCBP"
"1307",2018-07-30,0.00163015598643092,"CCBP"
"1308",2018-07-31,0.00119640365139378,"CCBP"
"1309",2018-08-01,0.0008934939628761,"CCBP"
"1310",2018-08-02,0.00128691808494491,"CCBP"
"1311",2018-08-03,0.00153336827530693,"CCBP"
"1312",2018-08-04,0.001542330100411,"CCBP"
"1313",2018-08-05,0.00131918065531958,"CCBP"
"1314",2018-08-06,0.00115786780344626,"CCBP"
"1315",2018-08-07,0.0010772113775096,"CCBP"
"1316",2018-08-08,0.000981319848896018,"CCBP"
"1317",2018-08-09,0.00121074257156029,"CCBP"
"1318",2018-08-10,0.00108617320261367,"CCBP"
"1319",2018-08-11,0.00157817740082729,"CCBP"
"1320",2018-08-12,0.00253978123449435,"CCBP"
"1321",2018-08-13,0.00273066810921111,"CCBP"
"1322",2018-08-14,0.00329436690825732,"CCBP"
"1323",2018-08-15,0.00353902473359851,"CCBP"
"1324",2018-08-16,0.00294844045924009,"CCBP"
"1325",2018-08-17,0.00213470673979024,"CCBP"
"1326",2018-08-18,0.00303805871028082,"CCBP"
"1327",2018-08-19,0.00351662017083833,"CCBP"
"1328",2018-08-20,0.00283372909790795,"CCBP"
"1329",2018-08-21,0.00240804240546447,"CCBP"
"1330",2018-08-22,0.00781202294322063,"CCBP"
"1331",2018-08-23,0.00708073801472825,"CCBP"
"1332",2018-08-24,0.0040140014641144,"CCBP"
"1333",2018-08-25,0.00321191811729984,"CCBP"
"1334",2018-08-26,0.00292155498392787,"CCBP"
"1335",2018-08-27,0.00256308197976494,"CCBP"
"1336",2018-08-28,0.00239191112027714,"CCBP"
"1337",2018-08-29,0.00232828216203822,"CCBP"
"1338",2018-08-30,0.00214008383485269,"CCBP"
"1339",2018-08-31,0.00171618950743002,"CCBP"
"1340",2018-09-01,0.001566527028192,"CCBP"
"1341",2018-09-02,0.00159520486852503,"CCBP"
"1342",2018-09-03,0.00161850561379562,"CCBP"
"1343",2018-09-04,0.00161492088375399,"CCBP"
"1344",2018-09-05,0.00171977423747165,"CCBP"
"1345",2018-09-06,0.00191066111218841,"CCBP"
"1346",2018-09-07,0.00208272815418662,"CCBP"
"1347",2018-09-08,0.0019456122300943,"CCBP"
"1348",2018-09-09,0.00193844277001104,"CCBP"
"1349",2018-09-10,0.00208183197167621,"CCBP"
"1350",2018-09-11,0.00791777247944869,"CCBP"
"1351",2018-09-12,0.00521667839308102,"CCBP"
"1352",2018-09-13,0.00375052380605464,"CCBP"
"1353",2018-09-14,0.00317875936441477,"CCBP"
"1354",2018-09-15,0.00324597305269532,"CCBP"
"1355",2018-09-16,0.00305239763044734,"CCBP"
"1356",2018-09-17,0.0030353701627496,"CCBP"
"1357",2018-09-18,0.0722233485137261,"CCBP"
"1358",2018-09-19,0.0542495120849968,"CCBP"
"1359",2018-09-20,0.0340414926578221,"CCBP"
"1360",2018-09-21,0.0262429124522576,"CCBP"
"1361",2018-09-22,0.0195027237914841,"CCBP"
"1362",2018-09-23,0.015244960684539,"CCBP"
"1363",2018-09-24,0.0135565528349316,"CCBP"
"1364",2018-09-25,0.0163490575373608,"CCBP"
"1365",2018-09-26,0.0256801098357218,"CCBP"
"1366",2018-09-27,0.0325278403977442,"CCBP"
"1367",2018-09-28,0.0247194021845652,"CCBP"
"1368",2018-09-29,0.021447439839068,"CCBP"
"1369",2018-09-30,0.0179890715314062,"CCBP"
"1370",2018-10-01,0.0180697279573428,"CCBP"
"1371",2018-10-02,0.023792749468804,"CCBP"
"1372",2018-10-03,0.0308672142059594,"CCBP"
"1373",2018-10-04,0.0261111736232277,"CCBP"
"1374",2018-10-05,0.0234584733924221,"CCBP"
"1375",2018-10-06,0.0213210781051006,"CCBP"
"1376",2018-10-07,0.0203110804158715,"CCBP"
"1377",2018-10-08,0.0197653052670335,"CCBP"
"1378",2018-10-09,0.0203854635642354,"CCBP"
"1379",2018-10-10,0.0230014203121143,"CCBP"
"1380",2018-10-11,0.0374201007220577,"CCBP"
"1381",2018-10-12,0.0537781200845226,"CCBP"
"1382",2018-10-13,0.0373206244634025,"CCBP"
"1383",2018-10-14,0.0318386760472409,"CCBP"
"1384",2018-10-15,0.0287513272988877,"CCBP"
"1385",2018-10-16,0.0301475796501023,"CCBP"
"1386",2018-10-17,0.0287620814890126,"CCBP"
"1387",2018-10-18,0.0270790507344676,"CCBP"
"1388",2018-10-19,0.0257984059270956,"CCBP"
"1389",2018-10-20,0.0264472420646305,"CCBP"
"1390",2018-10-21,0.0260125935470829,"CCBP"
"1391",2018-10-22,0.0245634664277543,"CCBP"
"1392",2018-10-23,0.0252759315235281,"CCBP"
"1393",2018-10-24,0.0332313436684139,"CCBP"
"1394",2018-10-25,0.0314936457807341,"CCBP"
"1395",2018-10-26,0.0291035270254778,"CCBP"
"1396",2018-10-27,0.0603175638629648,"CCBP"
"1397",2018-10-28,0.0994744662901919,"CCBP"
"1398",2018-10-29,0.0779454738426768,"CCBP"
"1399",2018-10-30,0.0635554712730665,"CCBP"
"1400",2018-10-31,0.0513100334508608,"CCBP"
"1401",2018-11-01,0.0497919002782308,"CCBP"
"1402",2018-11-02,0.0537503384267,"CCBP"
"1403",2018-11-03,0.166473070768243,"CCBP"
"1404",2018-11-04,0.105729820212835,"CCBP"
"1405",2018-11-05,0.0795388336295628,"CCBP"
