"Date","Discharge.cfs","Site","Discharge.m3s","Discharge.ls","Date2"
2015-06-18,12.9,"SMD",0.365286976811356,365.286976811356,"20150618"
2015-06-19,10.9,"SMD",0.308653336995642,308.653336995642,"20150619"
2015-06-20,8.62,"SMD",0.244090987605728,244.090987605728,"20150620"
2015-06-21,24.7,"SMD",0.69942545172407,699.42545172407,"20150621"
2015-06-22,63.2,"SMD",1.78962301817657,1789.62301817657,"20150622"
2015-06-23,68.3,"SMD",1.93403879970664,1934.03879970664,"20150623"
2015-06-24,59.4,"SMD",1.68201910252671,1682.01910252671,"20150624"
2015-06-25,53.1,"SMD",1.50362313710721,1503.62313710721,"20150625"
2015-06-26,46.5,"SMD",1.31673212571535,1316.73212571535,"20150626"
2015-06-27,39.1,"SMD",1.10718765839721,1107.18765839721,"20150627"
2015-06-28,59.5,"SMD",1.6848507845175,1684.8507845175,"20150628"
2015-06-29,85.5,"SMD",2.42108810212178,2421.08810212178,"20150629"
2015-06-30,71.7,"SMD",2.03031598739335,2030.31598739335,"20150630"
2015-07-01,64.4,"SMD",1.823603202066,1823.603202066,"20150701"
2015-07-02,65.8,"SMD",1.86324674993699,1863.246749937,"20150702"
2015-07-03,58.7,"SMD",1.66219732859121,1662.19732859121,"20150703"
2015-07-04,50.6,"SMD",1.43283108733757,1432.83108733757,"20150704"
2015-07-05,44.8,"SMD",1.268593531872,1268.593531872,"20150705"
2015-07-06,40.2,"SMD",1.13833616029585,1138.33616029585,"20150706"
2015-07-07,36.5,"SMD",1.03356392663678,1033.56392663678,"20150707"
2015-07-08,33.8,"SMD",0.957108512885569,957.108512885569,"20150708"
2015-07-09,30,"SMD",0.849504597235712,849.504597235712,"20150709"
2015-07-10,38.2,"SMD",1.08170252048014,1081.70252048014,"20150710"
2015-07-11,34.8,"SMD",0.985425332793426,985.425332793426,"20150711"
2015-07-12,29,"SMD",0.821187777327855,821.187777327855,"20150712"
2015-07-13,24.5,"SMD",0.693762087742498,693.762087742498,"20150713"
2015-07-14,21.1,"SMD",0.597484900055784,597.484900055784,"20150714"
2015-07-15,18.8,"SMD",0.532356214267713,532.356214267713,"20150715"
2015-07-16,15.7,"SMD",0.444574072553356,444.574072553356,"20150716"
2015-07-17,13.2,"SMD",0.373782022783713,373.782022783713,"20150717"
2015-07-18,11.3,"SMD",0.319980064958785,319.980064958785,"20150718"
2015-07-19,10.5,"SMD",0.297326609032499,297.326609032499,"20150719"
2015-07-20,8.69,"SMD",0.246073164999278,246.073164999278,"20150720"
2015-07-21,7,"SMD",0.198217739354999,198.217739354999,"20150721"
2015-07-22,5.71,"SMD",0.161689041673864,161.689041673864,"20150722"
2015-07-23,4.69,"SMD",0.13280588536785,132.80588536785,"20150723"
2015-07-24,5.02,"SMD",0.142150435937442,142.150435937442,"20150724"
2015-07-25,6.82,"SMD",0.193120711771585,193.120711771585,"20150725"
2015-07-26,11.4,"SMD",0.322811746949571,322.811746949571,"20150726"
2015-07-27,12.9,"SMD",0.365286976811356,365.286976811356,"20150727"
2015-07-28,8.94,"SMD",0.253152369976242,253.152369976242,"20150728"
2015-07-29,6.71,"SMD",0.190005861581721,190.005861581721,"20150729"
2015-07-30,5.46,"SMD",0.1546098366969,154.6098366969,"20150730"
2015-07-31,5.07,"SMD",0.143566276932835,143.566276932835,"20150731"
2015-08-01,4.4,"SMD",0.124594007594571,124.594007594571,"20150801"
2015-08-02,4.12,"SMD",0.116665298020371,116.665298020371,"20150802"
2015-08-03,3.55,"SMD",0.100524710672893,100.524710672893,"20150803"
2015-08-04,5.92,"SMD",0.167635573854514,167.635573854514,"20150804"
2015-08-05,6.42,"SMD",0.181793983808442,181.793983808442,"20150805"
2015-08-06,5.24,"SMD",0.148380136317171,148.380136317171,"20150806"
2015-08-07,4.2,"SMD",0.118930643613,118.930643613,"20150807"
2015-08-08,3.35,"SMD",0.0948613466913212,94.8613466913212,"20150808"
2015-08-09,2.72,"SMD",0.0770217501493712,77.0217501493712,"20150809"
2015-08-10,2.08,"SMD",0.0588989854083427,58.8989854083427,"20150810"
2015-08-11,4.94,"SMD",0.139885090344814,139.885090344814,"20150811"
2015-08-12,7.08,"SMD",0.200483084947628,200.483084947628,"20150812"
2015-08-13,4.83,"SMD",0.13677024015495,136.77024015495,"20150813"
2015-08-14,3.45,"SMD",0.0976930286821069,97.6930286821069,"20150814"
2015-08-15,2.62,"SMD",0.0741900681585855,74.1900681585855,"20150815"
2015-08-16,1.9,"SMD",0.0538019578249284,53.8019578249284,"20150816"
2015-08-17,1.62,"SMD",0.0458732482507285,45.8732482507285,"20150817"
2015-08-18,1.37,"SMD",0.0387940432737642,38.7940432737642,"20150818"
2015-08-19,1.21,"SMD",0.0342633520885071,34.2633520885071,"20150819"
2015-08-20,1.05,"SMD",0.0297326609032499,29.7326609032499,"20150820"
2015-08-21,5.35,"SMD",0.151494986507035,151.494986507035,"20150821"
2015-08-22,14.4,"SMD",0.407762206673142,407.762206673142,"20150822"
2015-08-23,10.4,"SMD",0.294494927041713,294.494927041713,"20150823"
2015-08-24,8.86,"SMD",0.250887024383614,250.887024383614,"20150824"
2015-08-25,8.26,"SMD",0.233896932438899,233.896932438899,"20150825"
2015-08-26,7.77,"SMD",0.220021690684049,220.021690684049,"20150826"
2015-08-27,6.85,"SMD",0.193970216368821,193.970216368821,"20150827"
2015-08-28,5.81,"SMD",0.16452072366465,164.52072366465,"20150828"
2015-08-29,4.92,"SMD",0.139318753946657,139.318753946657,"20150829"
2015-08-30,4.15,"SMD",0.117514802617607,117.514802617607,"20150830"
2015-08-31,3.45,"SMD",0.0976930286821069,97.6930286821069,"20150831"
2015-09-01,2.42,"SMD",0.0685267041770141,68.5267041770141,"20150901"
2015-09-02,1.86,"SMD",0.0526692850286141,52.6692850286141,"20150902"
2015-09-03,1.33,"SMD",0.0376613704774499,37.6613704774499,"20150903"
2015-09-04,0.98,"SMD",0.0277504835096999,27.7504835096999,"20150904"
2015-09-05,0.76,"SMD",0.0215207831299714,21.5207831299714,"20150905"
2015-09-06,0.64,"SMD",0.0181227647410285,18.1227647410285,"20150906"
2015-09-07,0.56,"SMD",0.0158574191484,15.8574191484,"20150907"
2015-09-08,0.49,"SMD",0.01387524175485,13.87524175485,"20150908"
2015-09-09,0.47,"SMD",0.0133089053566928,13.3089053566928,"20150909"
2015-09-10,0.62,"SMD",0.0175564283428714,17.5564283428714,"20150910"
2015-09-11,1.51,"SMD",0.0427583980608642,42.7583980608642,"20150911"
2015-09-12,1.44,"SMD",0.0407762206673142,40.7762206673142,"20150912"
2015-09-13,1.5,"SMD",0.0424752298617856,42.4752298617856,"20150913"
2015-09-14,1.6,"SMD",0.0453069118525713,45.3069118525713,"20150914"
2015-09-15,1.6,"SMD",0.0453069118525713,45.3069118525713,"20150915"
2015-09-16,2,"SMD",0.0566336398157141,56.6336398157141,"20150916"
2015-09-17,2,"SMD",0.0566336398157141,56.6336398157141,"20150917"
2015-09-18,2.1,"SMD",0.0594653218064998,59.4653218064998,"20150918"
2015-09-19,4.14,"SMD",0.117231634418528,117.231634418528,"20150919"
2015-09-20,5.86,"SMD",0.165936564660042,165.936564660042,"20150920"
2015-09-21,3.23,"SMD",0.0914633283023783,91.4633283023783,"20150921"
2015-09-22,1.82,"SMD",0.0515366122322999,51.5366122322999,"20150922"
2015-09-23,1.7,"SMD",0.048138593843357,48.138593843357,"20150923"
2015-09-24,1.7,"SMD",0.048138593843357,48.138593843357,"20150924"
2015-09-25,1.5,"SMD",0.0424752298617856,42.4752298617856,"20150925"
2015-09-26,1.5,"SMD",0.0424752298617856,42.4752298617856,"20150926"
2015-09-27,1.55,"SMD",0.0438910708571785,43.8910708571785,"20150927"
2015-09-28,1.6,"SMD",0.0453069118525713,45.3069118525713,"20150928"
2015-09-29,2.2,"SMD",0.0622970037972856,62.2970037972856,"20150929"
2015-09-30,9.6,"SMD",0.271841471115428,271.841471115428,"20150930"
2015-10-01,24.6,"SMD",0.696593769733284,696.593769733284,"20151001"
2015-10-02,42,"SMD",1.18930643613,1189.30643613,"20151002"
2015-10-03,30.7,"SMD",0.869326371171212,869.326371171212,"20151003"
2015-10-04,27,"SMD",0.764554137512141,764.554137512141,"20151004"
2015-10-05,23.7,"SMD",0.671108631816212,671.108631816213,"20151005"
2015-10-06,19.7,"SMD",0.557841352184784,557.841352184784,"20151006"
2015-10-07,15.7,"SMD",0.444574072553356,444.574072553356,"20151007"
2015-10-08,11.5,"SMD",0.325643428940356,325.643428940356,"20151008"
2015-10-09,9.66,"SMD",0.273540480309899,273.540480309899,"20151009"
2015-10-10,8.58,"SMD",0.242958314809414,242.958314809414,"20151010"
2015-10-11,7.24,"SMD",0.205013776132885,205.013776132885,"20151011"
2015-10-12,5.46,"SMD",0.1546098366969,154.6098366969,"20151012"
2015-10-13,4.74,"SMD",0.134221726363243,134.221726363243,"20151013"
2015-10-14,4.1,"SMD",0.116098961622214,116.098961622214,"20151014"
2015-10-15,3.66,"SMD",0.103639560862757,103.639560862757,"20151015"
2015-10-16,3.03,"SMD",0.0857999643208069,85.7999643208069,"20151016"
2015-10-17,2.59,"SMD",0.0733405635613498,73.3405635613498,"20151017"
2015-10-18,1.99,"SMD",0.0563504716166356,56.3504716166356,"20151018"
2015-10-19,1.89,"SMD",0.0535187896258499,53.5187896258499,"20151019"
2015-10-20,1.98,"SMD",0.056067303417557,56.067303417557,"20151020"
2015-10-21,2.32,"SMD",0.0656950221862284,65.6950221862284,"20151021"
2015-10-22,2.32,"SMD",0.0656950221862284,65.6950221862284,"20151022"
2015-10-23,2.55,"SMD",0.0722078907650355,72.2078907650355,"20151023"
2015-10-24,2.47,"SMD",0.069942545172407,69.942545172407,"20151024"
2015-10-25,2.84,"SMD",0.0804197685383141,80.4197685383141,"20151025"
2015-10-26,2.22,"SMD",0.0628633401954427,62.8633401954427,"20151026"
2015-10-27,1.75,"SMD",0.0495544348387499,49.5544348387499,"20151027"
2015-10-28,4.01,"SMD",0.113550447830507,113.550447830507,"20151028"
2015-10-29,8.48,"SMD",0.240126632818628,240.126632818628,"20151029"
2015-10-30,18.3,"SMD",0.518197804313784,518.197804313784,"20151030"
2015-10-31,30.4,"SMD",0.860831325198855,860.831325198855,"20151031"
2015-11-01,38.3,"SMD",1.08453420247093,1084.53420247093,"20151101"
2015-11-02,42.6,"SMD",1.20629652807471,1206.29652807471,"20151102"
2015-11-03,37.4,"SMD",1.05904906455385,1059.04906455385,"20151103"
2015-11-04,23.6,"SMD",0.668276949825427,668.276949825427,"20151104"
2015-11-05,19.3,"SMD",0.546514624221641,546.514624221641,"20151105"
2015-11-06,14,"SMD",0.396435478709999,396.435478709999,"20151106"
2015-11-07,10.1,"SMD",0.285999881069356,285.999881069356,"20151107"
2015-11-08,7.93,"SMD",0.224552381869307,224.552381869307,"20151108"
2015-11-09,8.09,"SMD",0.229083073054564,229.083073054564,"20151109"
2015-11-10,9.76,"SMD",0.276372162300685,276.372162300685,"20151110"
2015-11-11,9.15,"SMD",0.259098902156892,259.098902156892,"20151111"
2015-11-12,11,"SMD",0.311485018986428,311.485018986428,"20151112"
2015-11-13,12.8,"SMD",0.36245529482057,362.45529482057,"20151113"
2015-11-14,16.5,"SMD",0.467227528479642,467.227528479642,"20151114"
2015-11-15,20.7,"SMD",0.586158172092641,586.158172092641,"20151115"
2015-11-16,24.3,"SMD",0.688098723760927,688.098723760927,"20151116"
2015-11-17,27.4,"SMD",0.775880865475284,775.880865475284,"20151117"
2015-11-18,25.6,"SMD",0.724910589641141,724.910589641141,"20151118"
2015-11-19,21.9,"SMD",0.62013835598207,620.13835598207,"20151119"
2015-11-20,34.6,"SMD",0.979761968811855,979.761968811855,"20151120"
2015-11-21,41.6,"SMD",1.17797970816685,1177.97970816685,"20151121"
2015-11-22,46.8,"SMD",1.32522717168771,1325.22717168771,"20151122"
2015-11-23,56,"SMD",1.58574191484,1585.74191484,"20151123"
2015-11-24,66.9,"SMD",1.89439525183564,1894.39525183564,"20151124"
2015-11-25,60.6,"SMD",1.71599928641614,1715.99928641614,"20151125"
2015-11-26,54.8,"SMD",1.55176173095057,1551.76173095057,"20151126"
2015-11-27,51.7,"SMD",1.46397958923621,1463.97958923621,"20151127"
2015-11-28,51.7,"SMD",1.46397958923621,1463.97958923621,"20151128"
2015-11-29,52,"SMD",1.47247463520857,1472.47463520857,"20151129"
2015-11-30,52.6,"SMD",1.48946472715328,1489.46472715328,"20151130"
2015-12-01,52.6,"SMD",1.48946472715328,1489.46472715328,"20151201"
2015-12-02,53.8,"SMD",1.52344491104271,1523.44491104271,"20151202"
2015-12-03,56,"SMD",1.58574191484,1585.74191484,"20151203"
2015-12-04,50.2,"SMD",1.42150435937442,1421.50435937442,"20151204"
2015-12-05,43.9,"SMD",1.24310839395493,1243.10839395493,"20151205"
2015-12-06,35.1,"SMD",0.993920378765783,993.920378765783,"20151206"
2015-12-07,30.6,"SMD",0.866494689180426,866.494689180426,"20151207"
2015-12-08,27.1,"SMD",0.767385819502927,767.385819502927,"20151208"
2015-12-09,22.9,"SMD",0.648455175889927,648.455175889927,"20151209"
2015-12-10,20.7,"SMD",0.586158172092641,586.158172092641,"20151210"
2015-12-11,15.8,"SMD",0.447405754544142,447.405754544142,"20151211"
2015-12-12,15.2,"SMD",0.430415662599427,430.415662599427,"20151212"
2015-12-13,15,"SMD",0.424752298617856,424.752298617856,"20151213"
2015-12-14,15,"SMD",0.424752298617856,424.752298617856,"20151214"
2015-12-15,16.8,"SMD",0.475722574451999,475.722574451999,"20151215"
2015-12-16,19.3,"SMD",0.546514624221641,546.514624221641,"20151216"
2015-12-17,23.5,"SMD",0.665445267834641,665.445267834641,"20151217"
2015-12-18,30.6,"SMD",0.866494689180426,866.494689180426,"20151218"
2015-12-19,51.1,"SMD",1.4469894972915,1446.9894972915,"20151219"
2015-12-20,56,"SMD",1.58574191484,1585.74191484,"20151220"
2015-12-21,49.2,"SMD",1.39318753946657,1393.18753946657,"20151221"
2015-12-22,42.9,"SMD",1.21479157404707,1214.79157404707,"20151222"
2015-12-23,39.7,"SMD",1.12417775034193,1124.17775034193,"20151223"
2015-12-24,36.2,"SMD",1.02506888066443,1025.06888066443,"20151224"
2015-12-25,34.1,"SMD",0.965603558857926,965.603558857926,"20151225"
2015-12-26,73.4,"SMD",2.07845458123671,2078.45458123671,"20151226"
2015-12-27,80.7,"SMD",2.28516736656407,2285.16736656407,"20151227"
2015-12-28,83.7,"SMD",2.37011782628764,2370.11782628764,"20151228"
2015-12-29,77.6,"SMD",2.19738522484971,2197.38522484971,"20151229"
2015-12-30,86.4,"SMD",2.44657324003885,2446.57324003885,"20151230"
2015-12-31,80.4,"SMD",2.27667232059171,2276.67232059171,"20151231"
2016-01-01,78.4,"SMD",2.22003868077599,2220.03868077599,"20160101"
2016-01-02,70.6,"SMD",1.99916748549471,1999.16748549471,"20160102"
2016-01-03,59.3,"SMD",1.67918742053592,1679.18742053592,"20160103"
2016-01-04,48.4,"SMD",1.37053408354028,1370.53408354028,"20160104"
2016-01-05,45.7,"SMD",1.29407866978907,1294.07866978907,"20160105"
2016-01-06,32.5,"SMD",0.920296647005355,920.296647005355,"20160106"
2016-01-07,8.04,"SMD",0.227667232059171,227.667232059171,"20160107"
2016-01-08,6.94,"SMD",0.196518730160528,196.518730160528,"20160108"
2016-01-09,19.4,"SMD",0.549346306212427,549.346306212427,"20160109"
2016-01-10,53.5,"SMD",1.51494986507035,1514.94986507035,"20160110"
2016-01-11,148,"SMD",4.19088934636285,4190.88934636285,"20160111"
2016-01-12,100,"SMD",2.83168199078571,2831.68199078571,"20160112"
2016-01-13,104,"SMD",2.94494927041713,2944.94927041713,"20160113"
2016-01-14,87.1,"SMD",2.46639501397435,2466.39501397435,"20160114"
2016-01-15,72.4,"SMD",2.05013776132885,2050.13776132885,"20160115"
2016-01-16,75.4,"SMD",2.13508822105242,2135.08822105242,"20160116"
2016-01-17,88.2,"SMD",2.49754351587299,2497.54351587299,"20160117"
2016-01-18,77.2,"SMD",2.18605849688657,2186.05849688657,"20160118"
2016-01-19,83.3,"SMD",2.35879109832449,2358.79109832449,"20160119"
2016-01-20,77.8,"SMD",2.20304858883128,2203.04858883128,"20160120"
2016-01-21,49.6,"SMD",1.40451426742971,1404.51426742971,"20160121"
2016-01-22,37.1,"SMD",1.0505540185815,1050.5540185815,"20160122"
2016-01-23,34.3,"SMD",0.971266922839497,971.266922839497,"20160123"
2016-01-24,28.8,"SMD",0.815524413346284,815.524413346284,"20160124"
2016-01-25,23.2,"SMD",0.656950221862284,656.950221862284,"20160125"
2016-01-26,20,"SMD",0.566336398157141,566.336398157141,"20160126"
2016-01-27,24.7,"SMD",0.69942545172407,699.42545172407,"20160127"
2016-01-28,28.5,"SMD",0.807029367373926,807.029367373926,"20160128"
2016-01-29,27.2,"SMD",0.770217501493712,770.217501493712,"20160129"
2016-01-30,26.3,"SMD",0.744732363576641,744.732363576641,"20160130"
2016-01-31,25.7,"SMD",0.727742271631927,727.742271631927,"20160131"
2016-02-01,28.9,"SMD",0.818356095337069,818.356095337069,"20160201"
2016-02-02,31.6,"SMD",0.894811509088283,894.811509088283,"20160202"
2016-02-03,29,"SMD",0.821187777327855,821.187777327855,"20160203"
2016-02-04,36.6,"SMD",1.03639560862757,1036.39560862757,"20160204"
2016-02-05,45.7,"SMD",1.29407866978907,1294.07866978907,"20160205"
2016-02-06,51.9,"SMD",1.46964295321778,1469.64295321778,"20160206"
2016-02-07,49.3,"SMD",1.39601922145735,1396.01922145735,"20160207"
2016-02-08,47.3,"SMD",1.33938558164164,1339.38558164164,"20160208"
2016-02-09,38.1,"SMD",1.07887083848935,1078.87083848935,"20160209"
2016-02-10,37.7,"SMD",1.06754411052621,1067.54411052621,"20160210"
2016-02-11,32.5,"SMD",0.920296647005355,920.296647005355,"20160211"
2016-02-12,24.6,"SMD",0.696593769733284,696.593769733284,"20160212"
2016-02-13,21,"SMD",0.594653218064998,594.653218064998,"20160213"
2016-02-14,19.6,"SMD",0.555009670193998,555.009670193999,"20160214"
2016-02-15,28.4,"SMD",0.804197685383141,804.197685383141,"20160215"
2016-02-16,39,"SMD",1.10435597640643,1104.35597640643,"20160216"
2016-02-17,107,"SMD",3.02989973014071,3029.89973014071,"20160217"
2016-02-18,116,"SMD",3.28475110931142,3284.75110931142,"20160218"
2016-02-19,107,"SMD",3.02989973014071,3029.89973014071,"20160219"
2016-02-20,116,"SMD",3.28475110931142,3284.75110931142,"20160220"
2016-02-21,133,"SMD",3.76613704774499,3766.13704774499,"20160221"
2016-02-22,135,"SMD",3.8227706875607,3822.7706875607,"20160222"
2016-02-23,122,"SMD",3.45465202875856,3454.65202875856,"20160223"
2016-02-24,117,"SMD",3.31306792921928,3313.06792921928,"20160224"
2016-02-25,167,"SMD",4.72890892461213,4728.90892461213,"20160225"
2016-02-26,183,"SMD",5.18197804313784,5181.97804313784,"20160226"
2016-02-27,163,"SMD",4.6156416449807,4615.6416449807,"20160227"
2016-02-28,159,"SMD",4.50237436534927,4502.37436534927,"20160228"
2016-02-29,144,"SMD",4.07762206673142,4077.62206673142,"20160229"
2016-03-01,125,"SMD",3.53960248848213,3539.60248848213,"20160301"
2016-03-02,126,"SMD",3.56791930838999,3567.91930838999,"20160302"
2016-03-03,132,"SMD",3.73782022783713,3737.82022783713,"20160303"
2016-03-04,114,"SMD",3.22811746949571,3228.11746949571,"20160304"
2016-03-05,101,"SMD",2.85999881069356,2859.99881069356,"20160305"
2016-03-06,92,"SMD",2.60514743152285,2605.14743152285,"20160306"
2016-03-07,76.2,"SMD",2.15774167697871,2157.74167697871,"20160307"
2016-03-08,55.9,"SMD",1.58291023284921,1582.91023284921,"20160308"
2016-03-09,49.4,"SMD",1.39885090344814,1398.85090344814,"20160309"
2016-03-10,47.2,"SMD",1.33655389965085,1336.55389965085,"20160310"
2016-03-11,71.2,"SMD",2.01615757743942,2016.15757743942,"20160311"
2016-03-12,73.1,"SMD",2.06995953526435,2069.95953526435,"20160312"
2016-03-13,64.3,"SMD",1.82077152007521,1820.77152007521,"20160313"
2016-03-14,57,"SMD",1.61405873474785,1614.05873474785,"20160314"
2016-03-15,87.5,"SMD",2.47772174193749,2477.72174193749,"20160315"
2016-03-16,143,"SMD",4.04930524682356,4049.30524682356,"20160316"
2016-03-17,148,"SMD",4.19088934636285,4190.88934636285,"20160317"
2016-03-18,165,"SMD",4.67227528479642,4672.27528479642,"20160318"
2016-03-19,154,"SMD",4.36079026580999,4360.79026580999,"20160319"
2016-03-20,135,"SMD",3.8227706875607,3822.7706875607,"20160320"
2016-03-21,124,"SMD",3.51128566857428,3511.28566857428,"20160321"
2016-03-22,123,"SMD",3.48296884866642,3482.96884866642,"20160322"
2016-03-23,121,"SMD",3.42633520885071,3426.3352088507,"20160323"
2016-03-24,121,"SMD",3.42633520885071,3426.3352088507,"20160324"
2016-03-25,115,"SMD",3.25643428940356,3256.43428940356,"20160325"
2016-03-26,109,"SMD",3.08653336995642,3086.53336995642,"20160326"
2016-03-27,99.3,"SMD",2.81186021685021,2811.86021685021,"20160327"
2016-03-28,102,"SMD",2.88831563060142,2888.31563060142,"20160328"
2016-03-29,130,"SMD",3.68118658802142,3681.18658802142,"20160329"
2016-03-30,123,"SMD",3.48296884866642,3482.96884866642,"20160330"
2016-03-31,113,"SMD",3.19980064958785,3199.80064958785,"20160331"
2016-04-01,107,"SMD",3.02989973014071,3029.89973014071,"20160401"
2016-04-02,99.7,"SMD",2.82318694481335,2823.18694481335,"20160402"
2016-04-03,99.6,"SMD",2.82035526282256,2820.35526282256,"20160403"
2016-04-04,98.5,"SMD",2.78920676092392,2789.20676092392,"20160404"
2016-04-05,94.5,"SMD",2.67593948129249,2675.93948129249,"20160405"
2016-04-06,94.4,"SMD",2.67310779930171,2673.10779930171,"20160406"
2016-04-07,109,"SMD",3.08653336995642,3086.53336995642,"20160407"
2016-04-08,207,"SMD",5.86158172092641,5861.58172092641,"20160408"
2016-04-09,192,"SMD",5.43682942230856,5436.82942230856,"20160409"
2016-04-10,179,"SMD",5.06871076350641,5068.71076350641,"20160410"
2016-04-11,167,"SMD",4.72890892461213,4728.90892461213,"20160411"
2016-04-12,153,"SMD",4.33247344590213,4332.47344590213,"20160412"
2016-04-13,144,"SMD",4.07762206673142,4077.62206673142,"20160413"
2016-04-14,129,"SMD",3.65286976811356,3652.86976811356,"20160414"
2016-04-15,114,"SMD",3.22811746949571,3228.11746949571,"20160415"
2016-04-16,101,"SMD",2.85999881069356,2859.99881069356,"20160416"
2016-04-17,91.1,"SMD",2.57966229360578,2579.66229360578,"20160417"
2016-04-18,84.2,"SMD",2.38427623624157,2384.27623624157,"20160418"
2016-04-19,78.5,"SMD",2.22287036276678,2222.87036276678,"20160419"
2016-04-20,73.7,"SMD",2.08694962720907,2086.94962720907,"20160420"
2016-04-21,65.8,"SMD",1.86324674993699,1863.246749937,"20160421"
2016-04-22,58.9,"SMD",1.66786069257278,1667.86069257278,"20160422"
2016-04-23,59.6,"SMD",1.68768246650828,1687.68246650828,"20160423"
2016-04-24,57,"SMD",1.61405873474785,1614.05873474785,"20160424"
2016-04-25,52.3,"SMD",1.48096968118092,1480.96968118092,"20160425"
2016-04-26,51.6,"SMD",1.46114790724542,1461.14790724542,"20160426"
2016-04-27,57.6,"SMD",1.63104882669257,1631.04882669257,"20160427"
2016-04-28,53.6,"SMD",1.51778154706114,1517.78154706114,"20160428"
2016-04-29,48.9,"SMD",1.38469249349421,1384.69249349421,"20160429"
2016-04-30,44.6,"SMD",1.26293016789043,1262.93016789043,"20160430"
2016-05-01,40.7,"SMD",1.15249457024978,1152.49457024978,"20160501"
2016-05-02,42.4,"SMD",1.20063316409314,1200.63316409314,"20160502"
2016-05-03,55.9,"SMD",1.58291023284921,1582.91023284921,"20160503"
2016-05-04,67.2,"SMD",1.90289029780799,1902.890297808,"20160504"
2016-05-05,96,"SMD",2.71841471115428,2718.41471115428,"20160505"
2016-05-06,109,"SMD",3.08653336995642,3086.53336995642,"20160506"
2016-05-07,104,"SMD",2.94494927041713,2944.94927041713,"20160507"
2016-05-08,92.9,"SMD",2.63063256943992,2630.63256943992,"20160508"
2016-05-09,81.2,"SMD",2.29932577651799,2299.32577651799,"20160509"
2016-05-10,69.5,"SMD",1.96801898359607,1968.01898359607,"20160510"
2016-05-11,59.9,"SMD",1.69617751248064,1696.17751248064,"20160511"
2016-05-12,50.9,"SMD",1.44132613330992,1441.32613330992,"20160512"
2016-05-13,42.6,"SMD",1.20629652807471,1206.29652807471,"20160513"
2016-05-14,40.2,"SMD",1.13833616029585,1138.33616029585,"20160514"
2016-05-15,35,"SMD",0.991088696774997,991.088696774997,"20160515"
2016-05-16,28.8,"SMD",0.815524413346284,815.524413346284,"20160516"
2016-05-17,24.9,"SMD",0.705088815705641,705.088815705641,"20160517"
2016-05-18,21.3,"SMD",0.603148264037356,603.148264037356,"20160518"
2016-05-19,18.9,"SMD",0.535187896258498,535.187896258499,"20160519"
2016-05-20,16.8,"SMD",0.475722574451999,475.722574451999,"20160520"
2016-05-21,14.5,"SMD",0.410593888663927,410.593888663927,"20160521"
2016-05-22,12.6,"SMD",0.356791930838999,356.791930838999,"20160522"
2016-05-23,10.9,"SMD",0.308653336995642,308.653336995642,"20160523"
2016-05-24,10.7,"SMD",0.302989973014071,302.989973014071,"20160524"
2016-05-25,11.5,"SMD",0.325643428940356,325.643428940356,"20160525"
2016-05-26,9.67,"SMD",0.273823648508978,273.823648508978,"20160526"
2016-05-27,8.28,"SMD",0.234463268837056,234.463268837056,"20160527"
2016-05-28,7.39,"SMD",0.209261299119064,209.261299119064,"20160528"
2016-05-29,6.28,"SMD",0.177829629021342,177.829629021342,"20160529"
2016-05-30,8.03,"SMD",0.227384063860092,227.384063860092,"20160530"
2016-05-31,8.73,"SMD",0.247205837795592,247.205837795592,"20160531"
2016-06-01,6.76,"SMD",0.191421702577114,191.421702577114,"20160601"
2016-06-02,5.42,"SMD",0.153477163900585,153.477163900585,"20160602"
2016-06-03,4.88,"SMD",0.138186081150342,138.186081150342,"20160603"
2016-06-04,4.63,"SMD",0.131106876173378,131.106876173378,"20160604"
2016-06-05,6.27,"SMD",0.177546460822264,177.546460822264,"20160605"
2016-06-06,25.3,"SMD",0.716415543668784,716.415543668784,"20160606"
2016-06-07,22.1,"SMD",0.625801719963641,625.801719963641,"20160607"
2016-06-08,16.5,"SMD",0.467227528479642,467.227528479642,"20160608"
2016-06-09,13.6,"SMD",0.385108750746856,385.108750746856,"20160609"
2016-06-10,10.7,"SMD",0.302989973014071,302.989973014071,"20160610"
2016-06-11,8.8,"SMD",0.249188015189142,249.188015189142,"20160611"
2016-06-12,8.29,"SMD",0.234746437036135,234.746437036135,"20160612"
2016-06-13,7.22,"SMD",0.204447439734728,204.447439734728,"20160613"
2016-06-14,6.51,"SMD",0.18434249760015,184.342497600149,"20160614"
2016-06-15,6.8,"SMD",0.192554375373428,192.554375373428,"20160615"
2016-06-16,6.94,"SMD",0.196518730160528,196.518730160528,"20160616"
2016-06-17,6.5,"SMD",0.184059329401071,184.059329401071,"20160617"
2016-06-18,5.86,"SMD",0.165936564660042,165.936564660042,"20160618"
2016-06-19,5.17,"SMD",0.146397958923621,146.397958923621,"20160619"
2016-06-20,4.34,"SMD",0.1228949984001,122.8949984001,"20160620"
2016-06-21,4.05,"SMD",0.114683120626821,114.683120626821,"20160621"
2016-06-22,3.93,"SMD",0.111285102237878,111.285102237878,"20160622"
2016-06-23,3.46,"SMD",0.0979761968811854,97.9761968811854,"20160623"
2016-06-24,2.78,"SMD",0.0787207593438426,78.7207593438426,"20160624"
2016-06-25,2.44,"SMD",0.0690930405751712,69.0930405751712,"20160625"
2016-06-26,2.1,"SMD",0.0594653218064998,59.4653218064998,"20160626"
2016-06-27,1.77,"SMD",0.050120771236907,50.120771236907,"20160627"
2016-06-28,1.85,"SMD",0.0523861168295356,52.3861168295356,"20160628"
2016-06-29,1.89,"SMD",0.0535187896258499,53.5187896258499,"20160629"
2016-06-30,1.82,"SMD",0.0515366122322999,51.5366122322999,"20160630"
2016-07-01,1.73,"SMD",0.0489880984405927,48.9880984405927,"20160701"
2016-07-02,1.74,"SMD",0.0492712666396713,49.2712666396713,"20160702"
2016-07-03,1.53,"SMD",0.0433247344590213,43.3247344590213,"20160703"
2016-07-04,1.29,"SMD",0.0365286976811356,36.5286976811356,"20160704"
2016-07-05,1.32,"SMD",0.0373782022783713,37.3782022783713,"20160705"
2016-07-06,1.64,"SMD",0.0464395846488856,46.4395846488856,"20160706"
2016-07-07,1.63,"SMD",0.046156416449807,46.156416449807,"20160707"
2016-07-08,1.5,"SMD",0.0424752298617856,42.4752298617856,"20160708"
2016-07-09,1.59,"SMD",0.0450237436534927,45.0237436534927,"20160709"
2016-07-10,1.93,"SMD",0.0546514624221641,54.6514624221641,"20160710"
2016-07-11,1.83,"SMD",0.0518197804313784,51.8197804313784,"20160711"
2016-07-12,1.61,"SMD",0.0455900800516499,45.5900800516499,"20160712"
2016-07-13,1.31,"SMD",0.0370950340792928,37.0950340792928,"20160713"
2016-07-14,1.14,"SMD",0.0322811746949571,32.2811746949571,"20160714"
2016-07-15,1.08,"SMD",0.0305821655004856,30.5821655004856,"20160715"
2016-07-16,0.82,"SMD",0.0232197923244428,23.2197923244428,"20160716"
2016-07-17,0.71,"SMD",0.0201049421345785,20.1049421345785,"20160717"
2016-07-18,0.84,"SMD",0.0237861287225999,23.7861287225999,"20160718"
2016-07-19,0.97,"SMD",0.0274673153106214,27.4673153106214,"20160719"
2016-07-20,0.78,"SMD",0.0220871195281285,22.0871195281285,"20160720"
2016-07-21,0.7,"SMD",0.0198217739354999,19.8217739354999,"20160721"
2016-07-22,0.65,"SMD",0.0184059329401071,18.4059329401071,"20160722"
2016-07-23,0.55,"SMD",0.0155742509493214,15.5742509493214,"20160723"
2016-07-24,0.56,"SMD",0.0158574191484,15.8574191484,"20160724"
2016-07-25,0.56,"SMD",0.0158574191484,15.8574191484,"20160725"
2016-07-26,0.4,"SMD",0.0113267279631428,11.3267279631428,"20160726"
2016-07-27,0.41,"SMD",0.0116098961622214,11.6098961622214,"20160727"
2016-07-28,0.41,"SMD",0.0116098961622214,11.6098961622214,"20160728"
2016-07-29,0.4,"SMD",0.0113267279631428,11.3267279631428,"20160729"
2016-07-30,0.4,"SMD",0.0113267279631428,11.3267279631428,"20160730"
2016-07-31,1.04,"SMD",0.0294494927041714,29.4494927041714,"20160731"
2016-08-01,0.34,"SMD",0.0096277187686714,9.6277187686714,"20160801"
2016-08-02,0.32,"SMD",0.00906138237051426,9.06138237051426,"20160802"
2016-08-03,0.32,"SMD",0.00906138237051426,9.06138237051426,"20160803"
2016-08-04,0.32,"SMD",0.00906138237051426,9.06138237051426,"20160804"
2016-08-05,0.32,"SMD",0.00906138237051426,9.06138237051426,"20160805"
2016-08-06,0.38,"SMD",0.0107603915649857,10.7603915649857,"20160806"
2016-08-07,0.32,"SMD",0.00906138237051426,9.06138237051426,"20160807"
2016-08-08,0.32,"SMD",0.00906138237051426,9.06138237051426,"20160808"
2016-08-09,0.32,"SMD",0.00906138237051426,9.06138237051426,"20160809"
2016-08-10,1.61,"SMD",0.0455900800516499,45.5900800516499,"20160810"
2016-08-11,0.33,"SMD",0.00934455056959283,9.34455056959283,"20160811"
2016-08-12,0.32,"SMD",0.00906138237051426,9.06138237051426,"20160812"
2016-08-13,0.39,"SMD",0.0110435597640643,11.0435597640643,"20160813"
2016-08-14,0.41,"SMD",0.0116098961622214,11.6098961622214,"20160814"
2016-08-15,0.31,"SMD",0.00877821417143569,8.77821417143569,"20160815"
2016-08-16,0.45,"SMD",0.0127425689585357,12.7425689585357,"20160816"
2016-08-17,0.33,"SMD",0.00934455056959283,9.34455056959283,"20160817"
2016-08-18,0.4,"SMD",0.0113267279631428,11.3267279631428,"20160818"
2016-08-19,0.43,"SMD",0.0121762325603785,12.1762325603785,"20160819"
2016-08-20,0.4,"SMD",0.0113267279631428,11.3267279631428,"20160820"
2016-08-21,0.45,"SMD",0.0127425689585357,12.7425689585357,"20160821"
2016-08-22,0.5,"SMD",0.0141584099539285,14.1584099539285,"20160822"
2016-08-23,0.26,"SMD",0.00736237317604284,7.36237317604284,"20160823"
2016-08-24,0.25,"SMD",0.00707920497696427,7.07920497696427,"20160824"
2016-08-25,0.3,"SMD",0.00849504597235712,8.49504597235712,"20160825"
2016-08-26,0.29,"SMD",0.00821187777327855,8.21187777327855,"20160826"
2016-08-27,0.19,"SMD",0.00538019578249284,5.38019578249284,"20160827"
2016-08-28,0.19,"SMD",0.00538019578249284,5.38019578249284,"20160828"
2016-08-29,0.19,"SMD",0.00538019578249284,5.38019578249284,"20160829"
2016-08-30,0.19,"SMD",0.00538019578249284,5.38019578249284,"20160830"
2016-08-31,0.19,"SMD",0.00538019578249284,5.38019578249284,"20160831"
2016-09-01,0.19,"SMD",0.00538019578249284,5.38019578249284,"20160901"
2016-09-02,0.19,"SMD",0.00538019578249284,5.38019578249284,"20160902"
2016-09-03,0.18,"SMD",0.00509702758341427,5.09702758341427,"20160903"
2016-09-04,0.14,"SMD",0.00396435478709999,3.96435478709999,"20160904"
2016-09-05,0.14,"SMD",0.00396435478709999,3.96435478709999,"20160905"
2016-09-06,0.23,"SMD",0.00651286857880713,6.51286857880712,"20160906"
2016-09-07,0.18,"SMD",0.00509702758341427,5.09702758341427,"20160907"
2016-09-08,0.14,"SMD",0.00396435478709999,3.96435478709999,"20160908"
2016-09-09,0.15,"SMD",0.00424752298617856,4.24752298617856,"20160909"
2016-09-10,0.14,"SMD",0.00396435478709999,3.96435478709999,"20160910"
2016-09-11,0.15,"SMD",0.00424752298617856,4.24752298617856,"20160911"
2016-09-12,0.15,"SMD",0.00424752298617856,4.24752298617856,"20160912"
2016-09-13,0.15,"SMD",0.00424752298617856,4.24752298617856,"20160913"
2016-09-14,0.11,"SMD",0.00311485018986428,3.11485018986428,"20160914"
2016-09-15,0.1,"SMD",0.00283168199078571,2.83168199078571,"20160915"
2016-09-16,0.1,"SMD",0.00283168199078571,2.83168199078571,"20160916"
2016-09-17,0.1,"SMD",0.00283168199078571,2.83168199078571,"20160917"
2016-09-18,0.12,"SMD",0.00339801838894285,3.39801838894285,"20160918"
2016-09-19,0.27,"SMD",0.00764554137512141,7.64554137512141,"20160919"
2016-09-20,0.14,"SMD",0.00396435478709999,3.96435478709999,"20160920"
2016-09-21,0.12,"SMD",0.00339801838894285,3.39801838894285,"20160921"
2016-09-22,0.11,"SMD",0.00311485018986428,3.11485018986428,"20160922"
2016-09-23,0.31,"SMD",0.00877821417143569,8.77821417143569,"20160923"
2016-09-24,0.57,"SMD",0.0161405873474785,16.1405873474785,"20160924"
2016-09-25,0.19,"SMD",0.00538019578249284,5.38019578249284,"20160925"
2016-09-26,0.17,"SMD",0.0048138593843357,4.8138593843357,"20160926"
2016-09-27,0.34,"SMD",0.0096277187686714,9.6277187686714,"20160927"
2016-09-28,0.1,"SMD",0.00283168199078571,2.83168199078571,"20160928"
2016-09-29,0.04,"SMD",0.00113267279631428,1.13267279631428,"20160929"
2016-09-30,0.01,"SMD",0.000283168199078571,0.283168199078571,"20160930"
2016-10-01,0.35,"SMD",0.00991088696774997,9.91088696774997,"20161001"
2016-10-02,0.09,"SMD",0.00254851379170714,2.54851379170714,"20161002"
2016-10-03,0.06,"SMD",0.00169900919447142,1.69900919447142,"20161003"
2016-10-04,0.04,"SMD",0.00113267279631428,1.13267279631428,"20161004"
2016-10-05,0.03,"SMD",0.000849504597235712,0.849504597235712,"20161005"
2016-10-06,0.04,"SMD",0.00113267279631428,1.13267279631428,"20161006"
2016-10-07,0.04,"SMD",0.00113267279631428,1.13267279631428,"20161007"
2016-10-08,0.15,"SMD",0.00424752298617856,4.24752298617856,"20161008"
2016-10-09,0.46,"SMD",0.0130257371576143,13.0257371576142,"20161009"
2016-10-10,0.26,"SMD",0.00736237317604284,7.36237317604284,"20161010"
2016-10-11,0.16,"SMD",0.00453069118525713,4.53069118525713,"20161011"
2016-10-12,0.18,"SMD",0.00509702758341427,5.09702758341427,"20161012"
2016-10-13,0.17,"SMD",0.0048138593843357,4.8138593843357,"20161013"
2016-10-14,0.19,"SMD",0.00538019578249284,5.38019578249284,"20161014"
2016-10-15,0.23,"SMD",0.00651286857880713,6.51286857880712,"20161015"
2016-10-16,0.2,"SMD",0.00566336398157141,5.66336398157141,"20161016"
2016-10-17,0.2,"SMD",0.00566336398157141,5.66336398157141,"20161017"
2016-10-18,0.16,"SMD",0.00453069118525713,4.53069118525713,"20161018"
2016-10-19,0.14,"SMD",0.00396435478709999,3.96435478709999,"20161019"
2016-10-20,0.24,"SMD",0.0067960367778857,6.7960367778857,"20161020"
2016-10-21,1.38,"SMD",0.0390772114728428,39.0772114728427,"20161021"
2016-10-22,2.63,"SMD",0.0744732363576641,74.4732363576641,"20161022"
2016-10-23,3.21,"SMD",0.0908969919042212,90.8969919042212,"20161023"
2016-10-24,6.08,"SMD",0.172166265039771,172.166265039771,"20161024"
2016-10-25,6.72,"SMD",0.190289029780799,190.289029780799,"20161025"
2016-10-26,7.19,"SMD",0.203597935137492,203.597935137492,"20161026"
2016-10-27,6.81,"SMD",0.192837543572507,192.837543572507,"20161027"
2016-10-28,19.8,"SMD",0.56067303417557,560.67303417557,"20161028"
2016-10-29,17.3,"SMD",0.489880984405927,489.880984405927,"20161029"
2016-10-30,19.8,"SMD",0.56067303417557,560.67303417557,"20161030"
2016-10-31,NA,"SMD",NA,NA,"20161031"
2016-11-01,28.9,"SMD",0.818356095337069,818.356095337069,"20161101"
2016-11-02,25.2,"SMD",0.713583861677998,713.583861677998,"20161102"
2016-11-03,21.7,"SMD",0.614474992000498,614.474992000498,"20161103"
2016-11-04,19.6,"SMD",0.555009670193998,555.009670193999,"20161104"
2016-11-05,16.7,"SMD",0.472890892461213,472.890892461213,"20161105"
2016-11-06,14.6,"SMD",0.413425570654713,413.425570654713,"20161106"
2016-11-07,12.9,"SMD",0.365286976811356,365.286976811356,"20161107"
2016-11-08,12,"SMD",0.339801838894285,339.801838894285,"20161108"
2016-11-09,11.7,"SMD",0.331306792921928,331.306792921928,"20161109"
2016-11-10,10.9,"SMD",0.308653336995642,308.653336995642,"20161110"
2016-11-11,10.2,"SMD",0.288831563060142,288.831563060142,"20161111"
2016-11-12,10.1,"SMD",0.285999881069356,285.999881069356,"20161112"
2016-11-13,10.9,"SMD",0.308653336995642,308.653336995642,"20161113"
2016-11-14,11.4,"SMD",0.322811746949571,322.811746949571,"20161114"
2016-11-15,15.2,"SMD",0.430415662599427,430.415662599427,"20161115"
2016-11-16,41.6,"SMD",1.17797970816685,1177.97970816685,"20161116"
2016-11-17,38.2,"SMD",1.08170252048014,1081.70252048014,"20161117"
2016-11-18,35,"SMD",0.991088696774997,991.088696774997,"20161118"
2016-11-19,33.2,"SMD",0.940118420940855,940.118420940855,"20161119"
2016-11-20,31.5,"SMD",0.891979827097498,891.979827097498,"20161120"
2016-11-21,28.3,"SMD",0.801366003392355,801.366003392355,"20161121"
2016-11-22,24.1,"SMD",0.682435359779355,682.435359779355,"20161122"
2016-11-23,21.2,"SMD",0.60031658204657,600.31658204657,"20161123"
2016-11-24,19.3,"SMD",0.546514624221641,546.514624221641,"20161124"
2016-11-25,18.7,"SMD",0.529524532276927,529.524532276927,"20161125"
2016-11-26,19.4,"SMD",0.549346306212427,549.346306212427,"20161126"
2016-11-27,19.3,"SMD",0.546514624221641,546.514624221641,"20161127"
2016-11-28,18.1,"SMD",0.512534440332213,512.534440332213,"20161128"
2016-11-29,19.9,"SMD",0.563504716166356,563.504716166356,"20161129"
2016-11-30,31.8,"SMD",0.900474873069855,900.474873069855,"20161130"
2016-12-01,73.8,"SMD",2.08978130919985,2089.78130919985,"20161201"
2016-12-02,75,"SMD",2.12376149308928,2123.76149308928,"20161202"
2016-12-03,65.7,"SMD",1.86041506794621,1860.41506794621,"20161203"
2016-12-04,59.5,"SMD",1.6848507845175,1684.8507845175,"20161204"
2016-12-05,53,"SMD",1.50079145511642,1500.79145511642,"20161205"
2016-12-06,45.6,"SMD",1.29124698779828,1291.24698779828,"20161206"
2016-12-07,38.9,"SMD",1.10152429441564,1101.52429441564,"20161207"
2016-12-08,34.3,"SMD",0.971266922839497,971.266922839497,"20161208"
2016-12-09,29.5,"SMD",0.835346187281783,835.346187281784,"20161209"
2016-12-10,22.8,"SMD",0.645623493899141,645.623493899141,"20161210"
2016-12-11,18.5,"SMD",0.523861168295356,523.861168295356,"20161211"
2016-12-12,20.4,"SMD",0.577663126120284,577.663126120284,"20161212"
2016-12-13,25.7,"SMD",0.727742271631927,727.742271631927,"20161213"
2016-12-14,28.3,"SMD",0.801366003392355,801.366003392355,"20161214"
2016-12-15,23.8,"SMD",0.673940313806998,673.940313806998,"20161215"
2016-12-16,20.3,"SMD",0.574831444129498,574.831444129498,"20161216"
2016-12-17,28.6,"SMD",0.809861049364712,809.861049364712,"20161217"
2016-12-18,24.1,"SMD",0.682435359779355,682.435359779355,"20161218"
2016-12-19,19.6,"SMD",0.555009670193998,555.009670193999,"20161219"
2016-12-20,15.7,"SMD",0.444574072553356,444.574072553356,"20161220"
2016-12-21,17.7,"SMD",0.50120771236907,501.20771236907,"20161221"
2016-12-22,31.5,"SMD",0.891979827097498,891.979827097498,"20161222"
2016-12-23,31.1,"SMD",0.880653099134355,880.653099134355,"20161223"
2016-12-24,33.5,"SMD",0.948613466913212,948.613466913212,"20161224"
2016-12-25,33.9,"SMD",0.959940194876355,959.940194876355,"20161225"
2016-12-26,21.3,"SMD",0.603148264037356,603.148264037356,"20161226"
2016-12-27,25.8,"SMD",0.730573953622712,730.573953622712,"20161227"
2016-12-28,32.1,"SMD",0.908969919042212,908.969919042212,"20161228"
2016-12-29,33.3,"SMD",0.94295010293164,942.95010293164,"20161229"
2016-12-30,70.2,"SMD",1.98784075753157,1987.84075753157,"20161230"
2016-12-31,64.1,"SMD",1.81510815609364,1815.10815609364,"20161231"
2017-01-01,75.3,"SMD",2.13225653906164,2132.25653906164,"20170101"
2017-01-02,69.6,"SMD",1.97085066558685,1970.85066558685,"20170102"
2017-01-03,75.9,"SMD",2.14924663100635,2149.24663100635,"20170103"
2017-01-04,117,"SMD",3.31306792921928,3313.06792921928,"20170104"
2017-01-05,111,"SMD",3.14316700977213,3143.16700977213,"20170105"
2017-01-06,103,"SMD",2.91663245050928,2916.63245050928,"20170106"
2017-01-07,70.4,"SMD",1.99350412151314,1993.50412151314,"20170107"
2017-01-08,63.6,"SMD",1.80094974613971,1800.94974613971,"20170108"
2017-01-09,64.4,"SMD",1.823603202066,1823.603202066,"20170109"
2017-01-10,49.8,"SMD",1.41017763141128,1410.17763141128,"20170110"
2017-01-11,54.9,"SMD",1.55459341294135,1554.59341294135,"20170111"
2017-01-12,79.1,"SMD",2.23986045471149,2239.86045471149,"20170112"
2017-01-13,91.2,"SMD",2.58249397559656,2582.49397559656,"20170113"
2017-01-14,78.6,"SMD",2.22570204475757,2225.70204475757,"20170114"
2017-01-15,NA,"SMD",NA,NA,"20170115"
2017-01-16,NA,"SMD",NA,NA,"20170116"
2017-01-17,NA,"SMD",NA,NA,"20170117"
2017-01-18,67.2,"SMD",1.90289029780799,1902.890297808,"20170118"
2017-01-19,NA,"SMD",NA,NA,"20170119"
2017-01-20,73.7,"SMD",2.08694962720907,2086.94962720907,"20170120"
2017-01-21,72,"SMD",2.03881103336571,2038.81103336571,"20170121"
2017-01-22,69.4,"SMD",1.96518730160528,1965.18730160528,"20170122"
2017-01-23,66.8,"SMD",1.89156356984485,1891.56356984485,"20170123"
2017-01-24,118,"SMD",3.34138474912713,3341.38474912713,"20170124"
2017-01-25,178,"SMD",5.04039394359856,5040.39394359856,"20170125"
2017-01-26,162,"SMD",4.58732482507284,4587.32482507284,"20170126"
2017-01-27,149,"SMD",4.2192061662707,4219.2061662707,"20170127"
2017-01-28,132,"SMD",3.73782022783713,3737.82022783713,"20170128"
2017-01-29,111,"SMD",3.14316700977213,3143.16700977213,"20170129"
2017-01-30,91.8,"SMD",2.59948406754128,2599.48406754128,"20170130"
2017-01-31,73.1,"SMD",2.06995953526435,2069.95953526435,"20170131"
2017-02-01,64.2,"SMD",1.81793983808442,1817.93983808442,"20170201"
2017-02-02,57.7,"SMD",1.63388050868335,1633.88050868335,"20170202"
2017-02-03,50.4,"SMD",1.427167723356,1427.167723356,"20170203"
2017-02-04,44.5,"SMD",1.26009848589964,1260.09848589964,"20170204"
2017-02-05,42.5,"SMD",1.20346484608393,1203.46484608393,"20170205"
2017-02-06,39.2,"SMD",1.110019340388,1110.019340388,"20170206"
2017-02-07,37.6,"SMD",1.06471242853543,1064.71242853543,"20170207"
2017-02-08,43,"SMD",1.21762325603785,1217.62325603785,"20170208"
2017-02-09,44.1,"SMD",1.2487717579365,1248.7717579365,"20170209"
2017-02-10,35.5,"SMD",1.00524710672893,1005.24710672893,"20170210"
2017-02-11,43.9,"SMD",1.24310839395493,1243.10839395493,"20170211"
2017-02-12,40.5,"SMD",1.14683120626821,1146.83120626821,"20170212"
2017-02-13,35.5,"SMD",1.00524710672893,1005.24710672893,"20170213"
2017-02-14,36.1,"SMD",1.02223719867364,1022.23719867364,"20170214"
2017-02-15,38.1,"SMD",1.07887083848935,1078.87083848935,"20170215"
2017-02-16,40.2,"SMD",1.13833616029585,1138.33616029585,"20170216"
2017-02-17,41.6,"SMD",1.17797970816685,1177.97970816685,"20170217"
2017-02-18,43.7,"SMD",1.23744502997335,1237.44502997335,"20170218"
2017-02-19,51.5,"SMD",1.45831622525464,1458.31622525464,"20170219"
2017-02-20,67.7,"SMD",1.91704870776192,1917.04870776192,"20170220"
2017-02-21,79.5,"SMD",2.25118718267464,2251.18718267464,"20170221"
2017-02-22,106,"SMD",3.00158291023285,3001.58291023285,"20170222"
2017-02-23,136,"SMD",3.85108750746856,3851.08750746856,"20170223"
2017-02-24,169,"SMD",4.78554256442784,4785.54256442784,"20170224"
2017-02-25,191,"SMD",5.4085126024007,5408.5126024007,"20170225"
2017-02-26,199,"SMD",5.63504716166356,5635.04716166356,"20170226"
2017-02-27,177,"SMD",5.0120771236907,5012.0771236907,"20170227"
2017-02-28,155,"SMD",4.38910708571785,4389.10708571785,"20170228"
2017-03-01,137,"SMD",3.87940432737642,3879.40432737642,"20170301"
2017-03-02,122,"SMD",3.45465202875856,3454.65202875856,"20170302"
2017-03-03,105,"SMD",2.97326609032499,2973.26609032499,"20170303"
2017-03-04,88.7,"SMD",2.51170192582692,2511.70192582692,"20170304"
2017-03-05,70.6,"SMD",1.99916748549471,1999.16748549471,"20170305"
2017-03-06,63.2,"SMD",1.78962301817657,1789.62301817657,"20170306"
2017-03-07,60.4,"SMD",1.71033592243457,1710.33592243457,"20170307"
2017-03-08,62.4,"SMD",1.76696956225028,1766.96956225028,"20170308"
2017-03-09,63.3,"SMD",1.79245470016735,1792.45470016735,"20170309"
2017-03-10,60.4,"SMD",1.71033592243457,1710.33592243457,"20170310"
2017-03-11,58.2,"SMD",1.64803891863728,1648.03891863728,"20170311"
2017-03-12,51.4,"SMD",1.45548454326385,1455.48454326385,"20170312"
2017-03-13,47.7,"SMD",1.35071230960478,1350.71230960478,"20170313"
2017-03-14,45.4,"SMD",1.28558362381671,1285.58362381671,"20170314"
2017-03-15,49.7,"SMD",1.4073459494205,1407.3459494205,"20170315"
2017-03-16,54.6,"SMD",1.546098366969,1546.098366969,"20170316"
2017-03-17,57.8,"SMD",1.63671219067414,1636.71219067414,"20170317"
2017-03-18,63.5,"SMD",1.79811806414892,1798.11806414892,"20170318"
2017-03-19,69.9,"SMD",1.97934571155921,1979.34571155921,"20170319"
2017-03-20,70.9,"SMD",2.00766253146707,2007.66253146707,"20170320"
2017-03-21,80.8,"SMD",2.28799904855485,2287.99904855485,"20170321"
2017-03-22,89.8,"SMD",2.54285042772556,2542.85042772556,"20170322"
2017-03-23,82.3,"SMD",2.33047427841664,2330.47427841664,"20170323"
2017-03-24,75.6,"SMD",2.14075158503399,2140.75158503399,"20170324"
2017-03-25,74.2,"SMD",2.10110803716299,2101.10803716299,"20170325"
2017-03-26,76.1,"SMD",2.15490999498792,2154.90999498792,"20170326"
2017-03-27,86.6,"SMD",2.45223660402042,2452.23660402042,"20170327"
2017-03-28,118,"SMD",3.34138474912713,3341.38474912713,"20170328"
2017-03-29,159,"SMD",4.50237436534927,4502.37436534927,"20170329"
2017-03-30,162,"SMD",4.58732482507284,4587.32482507284,"20170330"
2017-03-31,153,"SMD",4.33247344590213,4332.47344590213,"20170331"
2017-04-01,240,"SMD",6.7960367778857,6796.0367778857,"20170401"
2017-04-02,343,"SMD",9.71266922839497,9712.66922839497,"20170402"
2017-04-03,345,"SMD",9.76930286821069,9769.30286821069,"20170403"
2017-04-04,353,"SMD",9.99583742747354,9995.83742747355,"20170404"
2017-04-05,384,"SMD",10.8736588446171,10873.6588446171,"20170405"
2017-04-06,377,"SMD",10.6754411052621,10675.4411052621,"20170406"
2017-04-07,455,"SMD",12.884153058075,12884.153058075,"20170407"
2017-04-08,421,"SMD",11.9213811812078,11921.3811812078,"20170408"
2017-04-09,384,"SMD",10.8736588446171,10873.6588446171,"20170409"
2017-04-10,339,"SMD",9.59940194876355,9599.40194876355,"20170410"
2017-04-11,283,"SMD",8.01366003392355,8013.66003392355,"20170411"
2017-04-12,239,"SMD",6.76771995797784,6767.71995797784,"20170412"
2017-04-13,208,"SMD",5.88989854083427,5889.89854083427,"20170413"
2017-04-14,177,"SMD",5.0120771236907,5012.0771236907,"20170414"
2017-04-15,152,"SMD",4.30415662599427,4304.15662599427,"20170415"
2017-04-16,134,"SMD",3.79445386765285,3794.45386765285,"20170416"
2017-04-17,117,"SMD",3.31306792921928,3313.06792921928,"20170417"
2017-04-18,101,"SMD",2.85999881069356,2859.99881069356,"20170418"
2017-04-19,89.1,"SMD",2.52302865379006,2523.02865379006,"20170419"
2017-04-20,82.5,"SMD",2.33613764239821,2336.13764239821,"20170420"
2017-04-21,87,"SMD",2.46356333198356,2463.56333198356,"20170421"
2017-04-22,109,"SMD",3.08653336995642,3086.53336995642,"20170422"
2017-04-23,106,"SMD",3.00158291023285,3001.58291023285,"20170423"
2017-04-24,103,"SMD",2.91663245050928,2916.63245050928,"20170424"
2017-04-25,105,"SMD",2.97326609032499,2973.26609032499,"20170425"
2017-04-26,188,"SMD",5.32356214267713,5323.56214267713,"20170426"
2017-04-27,210,"SMD",5.94653218064998,5946.53218064998,"20170427"
2017-04-28,191,"SMD",5.4085126024007,5408.5126024007,"20170428"
2017-04-29,174,"SMD",4.92712666396713,4927.12666396713,"20170429"
2017-04-30,148,"SMD",4.19088934636285,4190.88934636285,"20170430"
2017-05-01,123,"SMD",3.48296884866642,3482.96884866642,"20170501"
2017-05-02,117,"SMD",3.31306792921928,3313.06792921928,"20170502"
2017-05-03,113,"SMD",3.19980064958785,3199.80064958785,"20170503"
2017-05-04,93.5,"SMD",2.64762266138464,2647.62266138464,"20170504"
2017-05-05,93.8,"SMD",2.65611770735699,2656.11770735699,"20170505"
2017-05-06,165,"SMD",4.67227528479642,4672.27528479642,"20170506"
2017-05-07,162,"SMD",4.58732482507284,4587.32482507284,"20170507"
2017-05-08,148,"SMD",4.19088934636285,4190.88934636285,"20170508"
2017-05-09,135,"SMD",3.8227706875607,3822.7706875607,"20170509"
2017-05-10,118,"SMD",3.34138474912713,3341.38474912713,"20170510"
2017-05-11,102,"SMD",2.88831563060142,2888.31563060142,"20170511"
2017-05-12,88.4,"SMD",2.50320687985456,2503.20687985456,"20170512"
2017-05-13,78.5,"SMD",2.22287036276678,2222.87036276678,"20170513"
2017-05-14,101,"SMD",2.85999881069356,2859.99881069356,"20170514"
2017-05-15,135,"SMD",3.8227706875607,3822.7706875607,"20170515"
2017-05-16,123,"SMD",3.48296884866642,3482.96884866642,"20170516"
2017-05-17,109,"SMD",3.08653336995642,3086.53336995642,"20170517"
2017-05-18,100,"SMD",2.83168199078571,2831.68199078571,"20170518"
2017-05-19,91.3,"SMD",2.58532565758735,2585.32565758735,"20170519"
2017-05-20,79.2,"SMD",2.24269213670228,2242.69213670228,"20170520"
2017-05-21,68,"SMD",1.92554375373428,1925.54375373428,"20170521"
2017-05-22,60.6,"SMD",1.71599928641614,1715.99928641614,"20170522"
2017-05-23,58.8,"SMD",1.665029010582,1665.029010582,"20170523"
2017-05-24,54.9,"SMD",1.55459341294135,1554.59341294135,"20170524"
2017-05-25,52.9,"SMD",1.49795977312564,1497.95977312564,"20170525"
2017-05-26,98.5,"SMD",2.78920676092392,2789.20676092392,"20170526"
2017-05-27,113,"SMD",3.19980064958785,3199.80064958785,"20170527"
2017-05-28,107,"SMD",3.02989973014071,3029.89973014071,"20170528"
2017-05-29,106,"SMD",3.00158291023285,3001.58291023285,"20170529"
2017-05-30,98.6,"SMD",2.79203844291471,2792.03844291471,"20170530"
2017-05-31,88.5,"SMD",2.50603856184535,2506.03856184535,"20170531"
2017-06-01,88.3,"SMD",2.50037519786378,2500.37519786378,"20170601"
2017-06-02,78.7,"SMD",2.22853372674835,2228.53372674835,"20170602"
2017-06-03,69,"SMD",1.95386057364214,1953.86057364214,"20170603"
2017-06-04,61.8,"SMD",1.74997947030557,1749.97947030557,"20170604"
2017-06-05,73.4,"SMD",2.07845458123671,2078.45458123671,"20170605"
2017-06-06,147,"SMD",4.16257252645499,4162.57252645499,"20170606"
2017-06-07,228,"SMD",6.45623493899141,6456.23493899141,"20170607"
2017-06-08,214,"SMD",6.05979946028141,6059.79946028141,"20170608"
2017-06-09,192,"SMD",5.43682942230856,5436.82942230856,"20170609"
2017-06-10,168,"SMD",4.75722574451999,4757.22574451999,"20170610"
2017-06-11,137,"SMD",3.87940432737642,3879.40432737642,"20170611"
2017-06-12,108,"SMD",3.05821655004856,3058.21655004856,"20170612"
2017-06-13,85.3,"SMD",2.41542473814021,2415.42473814021,"20170613"
2017-06-14,70.2,"SMD",1.98784075753157,1987.84075753157,"20170614"
2017-06-15,60.2,"SMD",1.704672558453,1704.672558453,"20170615"
2017-06-16,56.9,"SMD",1.61122705275707,1611.22705275707,"20170616"
2017-06-17,81.2,"SMD",2.29932577651799,2299.32577651799,"20170617"
2017-06-18,76.4,"SMD",2.16340504096028,2163.40504096028,"20170618"
2017-06-19,69.3,"SMD",1.96235561961449,1962.35561961449,"20170619"
2017-06-20,67.1,"SMD",1.90005861581721,1900.05861581721,"20170620"
2017-06-21,62.4,"SMD",1.76696956225028,1766.96956225028,"20170621"
2017-06-22,55.7,"SMD",1.57724686886764,1577.24686886764,"20170622"
2017-06-23,52,"SMD",1.47247463520857,1472.47463520857,"20170623"
2017-06-24,56,"SMD",1.58574191484,1585.74191484,"20170624"
2017-06-25,53.6,"SMD",1.51778154706114,1517.78154706114,"20170625"
2017-06-26,50.3,"SMD",1.42433604136521,1424.33604136521,"20170626"
2017-06-27,52.6,"SMD",1.48946472715328,1489.46472715328,"20170627"
2017-06-28,88.7,"SMD",2.51170192582692,2511.70192582692,"20170628"
2017-06-29,80.9,"SMD",2.29083073054564,2290.83073054564,"20170629"
2017-06-30,73.2,"SMD",2.07279121725514,2072.79121725514,"20170630"
2017-07-01,76.6,"SMD",2.16906840494185,2169.06840494185,"20170701"
2017-07-02,71.4,"SMD",2.02182094142099,2021.82094142099,"20170702"
2017-07-03,62.3,"SMD",1.7641378802595,1764.1378802595,"20170703"
2017-07-04,54.5,"SMD",1.54326668497821,1543.26668497821,"20170704"
2017-07-05,48.3,"SMD",1.3677024015495,1367.7024015495,"20170705"
2017-07-06,43.2,"SMD",1.22328662001943,1223.28662001943,"20170706"
2017-07-07,40.7,"SMD",1.15249457024978,1152.49457024978,"20170707"
2017-07-08,41.7,"SMD",1.18081139015764,1180.81139015764,"20170708"
2017-07-09,42.9,"SMD",1.21479157404707,1214.79157404707,"20170709"
2017-07-10,37.5,"SMD",1.06188074654464,1061.88074654464,"20170710"
2017-07-11,34.4,"SMD",0.974098604830283,974.098604830283,"20170711"
2017-07-12,34.5,"SMD",0.976930286821069,976.930286821069,"20170712"
2017-07-13,40.4,"SMD",1.14399952427743,1143.99952427743,"20170713"
2017-07-14,39.2,"SMD",1.110019340388,1110.019340388,"20170714"
2017-07-15,38.7,"SMD",1.09586093043407,1095.86093043407,"20170715"
2017-07-16,37.7,"SMD",1.06754411052621,1067.54411052621,"20170716"
2017-07-17,34.7,"SMD",0.98259365080264,982.59365080264,"20170717"
2017-07-18,32.6,"SMD",0.92312832899614,923.12832899614,"20170718"
2017-07-19,38.9,"SMD",1.10152429441564,1101.52429441564,"20170719"
2017-07-20,34.5,"SMD",0.976930286821069,976.930286821069,"20170720"
2017-07-21,31.7,"SMD",0.897643191079069,897.643191079069,"20170721"
2017-07-22,29.9,"SMD",0.846672915244926,846.672915244926,"20170722"
2017-07-23,28.3,"SMD",0.801366003392355,801.366003392355,"20170723"
2017-07-24,32.4,"SMD",0.917464965014569,917.464965014569,"20170724"
2017-07-25,47.8,"SMD",1.35354399159557,1353.54399159557,"20170725"
2017-07-26,42.1,"SMD",1.19213811812078,1192.13811812078,"20170726"
2017-07-27,38.8,"SMD",1.09869261242485,1098.69261242485,"20170727"
2017-07-28,37.3,"SMD",1.05621738256307,1056.21738256307,"20170728"
2017-07-29,33.8,"SMD",0.957108512885569,957.108512885569,"20170729"
2017-07-30,30.2,"SMD",0.855167961217283,855.167961217283,"20170730"
2017-07-31,27.3,"SMD",0.773049183484498,773.049183484498,"20170731"
2017-08-01,23.1,"SMD",0.654118539871498,654.118539871498,"20170801"
2017-08-02,22.5,"SMD",0.637128447926784,637.128447926784,"20170802"
2017-08-03,23,"SMD",0.651286857880712,651.286857880713,"20170803"
2017-08-04,17.7,"SMD",0.50120771236907,501.20771236907,"20170804"
2017-08-05,16.3,"SMD",0.46156416449807,461.56416449807,"20170805"
2017-08-06,15.9,"SMD",0.450237436534927,450.237436534927,"20170806"
2017-08-07,13.8,"SMD",0.390772114728428,390.772114728428,"20170807"
2017-08-08,11.5,"SMD",0.325643428940356,325.643428940356,"20170808"
2017-08-09,8.99,"SMD",0.254568210971635,254.568210971635,"20170809"
2017-08-10,6.61,"SMD",0.187174179590935,187.174179590935,"20170810"
2017-08-11,5.17,"SMD",0.146397958923621,146.397958923621,"20170811"
2017-08-12,4.75,"SMD",0.134504894562321,134.504894562321,"20170812"
2017-08-13,3.42,"SMD",0.0968435240848712,96.8435240848712,"20170813"
2017-08-14,4.51,"SMD",0.127708857784435,127.708857784435,"20170814"
2017-08-15,4.44,"SMD",0.125726680390885,125.726680390885,"20170815"
2017-08-16,3.86,"SMD",0.109302924844328,109.302924844328,"20170816"
2017-08-17,3.42,"SMD",0.0968435240848712,96.8435240848712,"20170817"
2017-08-18,3.3,"SMD",0.0934455056959283,93.4455056959283,"20170818"
2017-08-19,4.26,"SMD",0.120629652807471,120.629652807471,"20170819"
2017-08-20,4.92,"SMD",0.139318753946657,139.318753946657,"20170820"
2017-08-21,3.63,"SMD",0.102790056265521,102.790056265521,"20170821"
2017-08-22,3.07,"SMD",0.0869326371171212,86.9326371171212,"20170822"
2017-08-23,2.9,"SMD",0.0821187777327855,82.1187777327855,"20170823"
2017-08-24,2.45,"SMD",0.0693762087742498,69.3762087742498,"20170824"
2017-08-25,2.16,"SMD",0.0611643310009713,61.1643310009713,"20170825"
2017-08-26,1.97,"SMD",0.0557841352184784,55.7841352184784,"20170826"
2017-08-27,1.76,"SMD",0.0498376030378284,49.8376030378284,"20170827"
2017-08-28,1.6,"SMD",0.0453069118525713,45.3069118525713,"20170828"
2017-08-29,1.33,"SMD",0.0376613704774499,37.6613704774499,"20170829"
2017-08-30,1.47,"SMD",0.0416257252645499,41.6257252645499,"20170830"
2017-08-31,1.45,"SMD",0.0410593888663927,41.0593888663927,"20170831"
2017-09-01,1.26,"SMD",0.0356791930838999,35.6791930838999,"20170901"
2017-09-02,1.13,"SMD",0.0319980064958785,31.9980064958785,"20170902"
2017-09-03,1.74,"SMD",0.0492712666396713,49.2712666396713,"20170903"
2017-09-04,2.67,"SMD",0.0756059091539784,75.6059091539784,"20170904"
2017-09-05,2.13,"SMD",0.0603148264037355,60.3148264037355,"20170905"
2017-09-06,2.35,"SMD",0.0665445267834641,66.5445267834641,"20170906"
2017-09-07,9.8,"SMD",0.277504835096999,277.504835096999,"20170907"
2017-09-08,9.41,"SMD",0.266461275332935,266.461275332935,"20170908"
2017-09-09,4.74,"SMD",0.134221726363243,134.221726363243,"20170909"
2017-09-10,3.21,"SMD",0.0908969919042212,90.8969919042212,"20170910"
2017-09-11,2.52,"SMD",0.0713583861677998,71.3583861677998,"20170911"
2017-09-12,1.98,"SMD",0.056067303417557,56.067303417557,"20170912"
2017-09-13,1.57,"SMD",0.0444574072553356,44.4574072553356,"20170913"
2017-09-14,1.26,"SMD",0.0356791930838999,35.6791930838999,"20170914"
2017-09-15,1.08,"SMD",0.0305821655004856,30.5821655004856,"20170915"
2017-09-16,1.06,"SMD",0.0300158291023285,30.0158291023285,"20170916"
2017-09-17,1.08,"SMD",0.0305821655004856,30.5821655004856,"20170917"
2017-09-18,1.03,"SMD",0.0291663245050928,29.1663245050928,"20170918"
2017-09-19,1.08,"SMD",0.0305821655004856,30.5821655004856,"20170919"
2017-09-20,1.5,"SMD",0.0424752298617856,42.4752298617856,"20170920"
2017-09-21,1.48,"SMD",0.0419088934636285,41.9088934636285,"20170921"
2017-09-22,1.38,"SMD",0.0390772114728428,39.0772114728427,"20170922"
2017-09-23,1.31,"SMD",0.0370950340792928,37.0950340792928,"20170923"
2017-09-24,1.39,"SMD",0.0393603796719213,39.3603796719213,"20170924"
2017-09-25,1.04,"SMD",0.0294494927041714,29.4494927041714,"20170925"
2017-09-26,0.65,"SMD",0.0184059329401071,18.4059329401071,"20170926"
2017-09-27,0.62,"SMD",0.0175564283428714,17.5564283428714,"20170927"
2017-09-28,0.7,"SMD",0.0198217739354999,19.8217739354999,"20170928"
2017-09-29,0.58,"SMD",0.0164237555465571,16.4237555465571,"20170929"
2017-09-30,0.9,"SMD",0.0254851379170714,25.4851379170714,"20170930"
2017-10-01,1.01,"SMD",0.0285999881069356,28.5999881069356,"20171001"
2017-10-02,1.01,"SMD",0.0285999881069356,28.5999881069356,"20171002"
2017-10-03,0.94,"SMD",0.0266178107133856,26.6178107133856,"20171003"
2017-10-04,0.88,"SMD",0.0249188015189142,24.9188015189142,"20171004"
2017-10-05,0.77,"SMD",0.0218039513290499,21.8039513290499,"20171005"
2017-10-06,0.62,"SMD",0.0175564283428714,17.5564283428714,"20171006"
2017-10-07,0.53,"SMD",0.0150079145511642,15.0079145511642,"20171007"
2017-10-08,0.69,"SMD",0.0195386057364214,19.5386057364214,"20171008"
2017-10-09,0.91,"SMD",0.0257683061161499,25.7683061161499,"20171009"
2017-10-10,1.08,"SMD",0.0305821655004856,30.5821655004856,"20171010"
2017-10-11,0.94,"SMD",0.0266178107133856,26.6178107133856,"20171011"
2017-10-12,0.89,"SMD",0.0252019697179928,25.2019697179928,"20171012"
2017-10-13,0.82,"SMD",0.0232197923244428,23.2197923244428,"20171013"
2017-10-14,0.75,"SMD",0.0212376149308928,21.2376149308928,"20171014"
2017-10-15,0.86,"SMD",0.0243524651207571,24.3524651207571,"20171015"
2017-10-16,0.89,"SMD",0.0252019697179928,25.2019697179928,"20171016"
2017-10-17,0.76,"SMD",0.0215207831299714,21.5207831299714,"20171017"
2017-10-18,0.77,"SMD",0.0218039513290499,21.8039513290499,"20171018"
2017-10-19,0.56,"SMD",0.0158574191484,15.8574191484,"20171019"
2017-10-20,0.5,"SMD",0.0141584099539285,14.1584099539285,"20171020"
2017-10-21,0.56,"SMD",0.0158574191484,15.8574191484,"20171021"
2017-10-22,0.53,"SMD",0.0150079145511642,15.0079145511642,"20171022"
2017-10-23,0.56,"SMD",0.0158574191484,15.8574191484,"20171023"
2017-10-24,0.76,"SMD",0.0215207831299714,21.5207831299714,"20171024"
2017-10-25,2.44,"SMD",0.0690930405751712,69.0930405751712,"20171025"
2017-10-26,3.88,"SMD",0.109869261242485,109.869261242485,"20171026"
2017-10-27,9.73,"SMD",0.275522657703449,275.522657703449,"20171027"
2017-10-28,4.92,"SMD",0.139318753946657,139.318753946657,"20171028"
2017-10-29,3.49,"SMD",0.0988257014784212,98.8257014784212,"20171029"
2017-10-30,43.7,"SMD",1.23744502997335,1237.44502997335,"20171030"
2017-10-31,56,"SMD",1.58574191484,1585.74191484,"20171031"
2017-11-01,52.1,"SMD",1.47530631719935,1475.30631719935,"20171101"
2017-11-02,59.1,"SMD",1.67352405655435,1673.52405655435,"20171102"
2017-11-03,62.3,"SMD",1.7641378802595,1764.1378802595,"20171103"
2017-11-04,52.3,"SMD",1.48096968118092,1480.96968118092,"20171104"
2017-11-05,38.3,"SMD",1.08453420247093,1084.53420247093,"20171105"
2017-11-06,28,"SMD",0.792870957419998,792.870957419998,"20171106"
2017-11-07,20.4,"SMD",0.577663126120284,577.663126120284,"20171107"
2017-11-08,16.5,"SMD",0.467227528479642,467.227528479642,"20171108"
2017-11-09,13.9,"SMD",0.393603796719213,393.603796719213,"20171109"
2017-11-10,12,"SMD",0.339801838894285,339.801838894285,"20171110"
2017-11-11,10.1,"SMD",0.285999881069356,285.999881069356,"20171111"
2017-11-12,9.27,"SMD",0.262496920545835,262.496920545835,"20171112"
2017-11-13,9.78,"SMD",0.276938498698842,276.938498698842,"20171113"
2017-11-14,11.6,"SMD",0.328475110931142,328.475110931142,"20171114"
2017-11-15,11.6,"SMD",0.328475110931142,328.475110931142,"20171115"
2017-11-16,12.5,"SMD",0.353960248848213,353.960248848213,"20171116"
2017-11-17,22.7,"SMD",0.642791811908355,642.791811908355,"20171117"
2017-11-18,15.3,"SMD",0.433247344590213,433.247344590213,"20171118"
2017-11-19,18.2,"SMD",0.515366122322999,515.366122322999,"20171119"
2017-11-20,25.4,"SMD",0.719247225659569,719.247225659569,"20171120"
2017-11-21,22.7,"SMD",0.642791811908355,642.791811908355,"20171121"
2017-11-22,26.4,"SMD",0.747564045567427,747.564045567427,"20171122"
2017-11-23,43,"SMD",1.21762325603785,1217.62325603785,"20171123"
2017-11-24,38.8,"SMD",1.09869261242485,1098.69261242485,"20171124"
2017-11-25,35.9,"SMD",1.01657383469207,1016.57383469207,"20171125"
2017-11-26,33,"SMD",0.934455056959283,934.455056959283,"20171126"
2017-11-27,29.6,"SMD",0.838177869272569,838.177869272569,"20171127"
2017-11-28,26.1,"SMD",0.739068999595069,739.068999595069,"20171128"
2017-11-29,24.7,"SMD",0.69942545172407,699.42545172407,"20171129"
2017-11-30,23.7,"SMD",0.671108631816212,671.108631816213,"20171130"
2017-12-01,21,"SMD",0.594653218064998,594.653218064998,"20171201"
2017-12-02,19.1,"SMD",0.54085126024007,540.85126024007,"20171202"
2017-12-03,17.4,"SMD",0.492712666396713,492.712666396713,"20171203"
2017-12-04,16.1,"SMD",0.455900800516499,455.900800516499,"20171204"
2017-12-05,15.4,"SMD",0.436079026580999,436.079026580999,"20171205"
2017-12-06,24,"SMD",0.67960367778857,679.60367778857,"20171206"
2017-12-07,26.4,"SMD",0.747564045567427,747.564045567427,"20171207"
2017-12-08,18.4,"SMD",0.52102948630457,521.02948630457,"20171208"
2017-12-09,22.3,"SMD",0.631465083945213,631.465083945213,"20171209"
2017-12-10,29.5,"SMD",0.835346187281783,835.346187281784,"20171210"
2017-12-11,30.4,"SMD",0.860831325198855,860.831325198855,"20171211"
2017-12-12,30.2,"SMD",0.855167961217283,855.167961217283,"20171212"
2017-12-13,33.4,"SMD",0.945781784922426,945.781784922426,"20171213"
2017-12-14,28.5,"SMD",0.807029367373926,807.029367373926,"20171214"
2017-12-15,23.5,"SMD",0.665445267834641,665.445267834641,"20171215"
2017-12-16,20.4,"SMD",0.577663126120284,577.663126120284,"20171216"
2017-12-17,17.9,"SMD",0.506871076350641,506.871076350641,"20171217"
2017-12-18,16.1,"SMD",0.455900800516499,455.900800516499,"20171218"
2017-12-19,16.3,"SMD",0.46156416449807,461.56416449807,"20171219"
2017-12-20,20.3,"SMD",0.574831444129498,574.831444129498,"20171220"
2017-12-21,20.9,"SMD",0.591821536074213,591.821536074213,"20171221"
2017-12-22,18.7,"SMD",0.529524532276927,529.524532276927,"20171222"
2017-12-23,19.5,"SMD",0.552177988203213,552.177988203213,"20171223"
2017-12-24,27.1,"SMD",0.767385819502927,767.385819502927,"20171224"
2017-12-25,27.8,"SMD",0.787207593438427,787.207593438427,"20171225"
2017-12-26,26.8,"SMD",0.758890773530569,758.890773530569,"20171226"
2017-12-27,25.2,"SMD",0.713583861677998,713.583861677998,"20171227"
2017-12-28,22.8,"SMD",0.645623493899141,645.623493899141,"20171228"
2017-12-29,20.4,"SMD",0.577663126120284,577.663126120284,"20171229"
2017-12-30,18.8,"SMD",0.532356214267713,532.356214267713,"20171230"
2017-12-31,17.4,"SMD",0.492712666396713,492.712666396713,"20171231"
2018-01-01,16,"SMD",0.453069118525713,453.069118525713,"20180101"
2018-01-02,15,"SMD",0.424752298617856,424.752298617856,"20180102"
2018-01-03,13.4,"SMD",0.379445386765285,379.445386765285,"20180103"
2018-01-04,14.4,"SMD",0.407762206673142,407.762206673142,"20180104"
2018-01-05,17,"SMD",0.48138593843357,481.38593843357,"20180105"
2018-01-06,16.8,"SMD",0.475722574451999,475.722574451999,"20180106"
2018-01-07,17.7,"SMD",0.50120771236907,501.20771236907,"20180107"
2018-01-08,17,"SMD",0.48138593843357,481.38593843357,"20180108"
2018-01-09,15.6,"SMD",0.44174239056257,441.74239056257,"20180109"
2018-01-10,15.1,"SMD",0.427583980608642,427.583980608642,"20180110"
2018-01-11,15.5,"SMD",0.438910708571785,438.910708571785,"20180111"
2018-01-12,23.3,"SMD",0.65978190385307,659.78190385307,"20180112"
2018-01-13,181,"SMD",5.12534440332213,5125.34440332213,"20180113"
2018-01-14,183,"SMD",5.18197804313784,5181.97804313784,"20180114"
2018-01-15,145,"SMD",4.10593888663927,4105.93888663927,"20180115"
2018-01-16,133,"SMD",3.76613704774499,3766.13704774499,"20180116"
2018-01-17,116,"SMD",3.28475110931142,3284.75110931142,"20180117"
2018-01-18,88.3,"SMD",2.50037519786378,2500.37519786378,"20180118"
2018-01-19,66.5,"SMD",1.88306852387249,1883.0685238725,"20180119"
2018-01-20,52.4,"SMD",1.48380136317171,1483.80136317171,"20180120"
2018-01-21,40.6,"SMD",1.149662888259,1149.662888259,"20180121"
2018-01-22,34,"SMD",0.96277187686714,962.77187686714,"20180122"
2018-01-23,47.5,"SMD",1.34504894562321,1345.04894562321,"20180123"
2018-01-24,87.9,"SMD",2.48904846990064,2489.04846990064,"20180124"
2018-01-25,70.8,"SMD",2.00483084947628,2004.83084947628,"20180125"
2018-01-26,62.3,"SMD",1.7641378802595,1764.1378802595,"20180126"
2018-01-27,58,"SMD",1.64237555465571,1642.37555465571,"20180127"
2018-01-28,63,"SMD",1.783959654195,1783.959654195,"20180128"
2018-01-29,61.8,"SMD",1.74997947030557,1749.97947030557,"20180129"
2018-01-30,51.1,"SMD",1.4469894972915,1446.9894972915,"20180130"
2018-01-31,38.7,"SMD",1.09586093043407,1095.86093043407,"20180131"
2018-02-01,33.4,"SMD",0.945781784922426,945.781784922426,"20180201"
2018-02-02,33.2,"SMD",0.940118420940855,940.118420940855,"20180202"
2018-02-03,25.5,"SMD",0.722078907650355,722.078907650355,"20180203"
2018-02-04,23,"SMD",0.651286857880712,651.286857880713,"20180204"
2018-02-05,39.8,"SMD",1.12700943233271,1127.00943233271,"20180205"
2018-02-06,38.2,"SMD",1.08170252048014,1081.70252048014,"20180206"
2018-02-07,32.8,"SMD",0.928791692977712,928.791692977712,"20180207"
2018-02-08,45.3,"SMD",1.28275194182593,1282.75194182593,"20180208"
2018-02-09,41.7,"SMD",1.18081139015764,1180.81139015764,"20180209"
2018-02-10,39.4,"SMD",1.11568270436957,1115.68270436957,"20180210"
2018-02-11,114,"SMD",3.22811746949571,3228.11746949571,"20180211"
2018-02-12,227,"SMD",6.42791811908355,6427.91811908355,"20180212"
2018-02-13,191,"SMD",5.4085126024007,5408.5126024007,"20180213"
2018-02-14,187,"SMD",5.29524532276927,5295.24532276927,"20180214"
2018-02-15,163,"SMD",4.6156416449807,4615.6416449807,"20180215"
2018-02-16,145,"SMD",4.10593888663927,4105.93888663927,"20180216"
2018-02-17,123,"SMD",3.48296884866642,3482.96884866642,"20180217"
2018-02-18,111,"SMD",3.14316700977213,3143.16700977213,"20180218"
2018-02-19,96.9,"SMD",2.74389984907135,2743.89984907135,"20180219"
2018-02-20,116,"SMD",3.28475110931142,3284.75110931142,"20180220"
2018-02-21,132,"SMD",3.73782022783713,3737.82022783713,"20180221"
2018-02-22,135,"SMD",3.8227706875607,3822.7706875607,"20180222"
2018-02-23,129,"SMD",3.65286976811356,3652.86976811356,"20180223"
2018-02-24,120,"SMD",3.39801838894285,3398.01838894285,"20180224"
2018-02-25,113,"SMD",3.19980064958785,3199.80064958785,"20180225"
2018-02-26,125,"SMD",3.53960248848213,3539.60248848213,"20180226"
2018-02-27,110,"SMD",3.11485018986428,3114.85018986428,"20180227"
2018-02-28,97.4,"SMD",2.75805825902528,2758.05825902528,"20180228"
2018-03-01,88.8,"SMD",2.51453360781771,2514.53360781771,"20180301"
2018-03-02,150,"SMD",4.24752298617856,4247.52298617856,"20180302"
2018-03-03,303,"SMD",8.57999643208069,8579.99643208069,"20180303"
2018-03-04,270,"SMD",7.64554137512141,7645.54137512141,"20180304"
2018-03-05,255,"SMD",7.22078907650355,7220.78907650355,"20180305"
2018-03-06,228,"SMD",6.45623493899141,6456.23493899141,"20180306"
