Sample,Date,Time,Site,Location,CH4_InjVol.mL,CH4_Range,CH4_IntArea,CH4.mM,CH4.uatm,N2O_IntArea,N2O.mM,N2O.uatm
CC,3/9/2016,10:45,CCBP,DOWN,6,1,2664,0.135289751,3.236078814,NA,NA,NA
CCBP_OUT,3/9/2016,9:30,CCBP,OUT,10,1,18951,1.604026565,38.3676987,NA,NA,NA
CCBP_SIDE,3/9/2016,9:45,CCBP,SIDE,3,1,18598,0.472244516,11.29590724,NA,NA,NA
CCBP_UP_1,3/9/2016,10:20,CCBP,UP_1,5,1,11942,0.505389828,12.08873035,NA,NA,NA
CCBP_UP_2,3/9/2016,10:15,CCBP,UP_2,5,1,2987,0.126410937,3.023701019,NA,NA,NA
CCBP_UP_3,3/9/2016,10:05,CCBP,UP_3,3,1,8586,0.218017605,5.214897277,NA,NA,NA
ID,3/9/2016,15:00,ID,OUT,10,1,3452,0.292179817,6.988828869,NA,NA,NA
ID_UP,3/9/2016,14:35,ID,UP_1,10,1,3480,0.294549757,7.045516937,NA,NA,NA
MR,3/9/2016,15:15,ID,UP_2,10,1,4558,0.385792469,9.228007528,NA,NA,NA
PD,3/9/2016,11:05,PD,OUT,5,1,2893,0.122432823,2.928546049,NA,NA,NA
PD_UP,3/9/2016,11:30,PD,UP_1,5,1,1313,0.055566642,1.329132721,NA,NA,NA
SMD_DOWN,3/9/2016,13:20,SMD,DOWN,5,1,1756,0.074314565,1.777575825,NA,NA,NA
SMD_OUT,3/9/2016,12:45,SMD,OUT,5,1,2850,0.120613047,2.885017711,NA,NA,NA
SMD_SIDE,3/9/2016,12:30,SMD,SIDE,5,1,11599,0.490873942,11.74151594,NA,NA,NA
SMD_UP,3/9/2016,13:45,SMD,UP,5,1,2256,0.095474749,2.283719283,NA,NA,NA
WB,3/9/2016,11:20,PD,UP_2,5,1,5305,0.224509549,5.37018209,NA,NA,NA
CC,5/26/2016,10:45,CCBP,DOWN,10,10,959,0.754413609,18.04528346,NA,NA,NA
CCBP_OUT,5/26/2016,9:30,CCBP,OUT,10,10,313,0.246226757,5.889649345,NA,NA,NA
CCBP_SIDE,5/26/2016,9:45,CCBP,SIDE,10,10,610,0.479866842,11.47823035,NA,NA,NA
CCBP_UP_1,5/26/2016,10:20,CCBP,UP_1,10,100,857,6.436832442,153.966557,NA,NA,NA
CCBP_UP_2,5/26/2016,10:15,CCBP,UP_2,10,10,439,0.345346793,8.2605625,NA,NA,NA
CCBP_UP_3,5/26/2016,10:00,CCBP,UP_3,10,10,343,0.269826765,6.454152477,NA,NA,NA
ID_UP,5/26/2016,14:55,ID,UP_1,10,10,661,0.519986857,12.43788568,NA,NA,NA
ID_UP,5/26/2016,15:30,ID,UP_1,10,10,848,0.667093577,15.95662187,NA,NA,NA
MR,5/26/2016,15:45,ID,UP_2,10,10,898,0.706426925,16.89746042,NA,NA,NA
PD,5/26/2016,11:15,PD,OUT,10,10,494,0.388613475,9.295484909,NA,NA,NA
SMD_DOWN,5/26/2016,13:25,SMD,DOWN,10,10,384,0.30208011,7.225640091,NA,NA,NA
SMD_OUT,5/26/2016,13:00,SMD,OUT,10,10,879,0.691480253,16.53994177,NA,NA,NA
SMD_SIDE,5/26/2016,12:40,SMD,SIDE,10,100,355,2.66636583,63.77844545,NA,NA,NA
SMD_UP,5/26/2016,13:45,SMD,UP,10,10,746,0.586853548,14.03731122,NA,NA,NA
WB,5/26/2016,11:25,PD,UP_2,10,10,1675,1.317667148,31.51809154,NA,NA,NA
CC,6/9/2016,11:20,CCBP,DOWN,10,10,2051,1.554265038,37.81511373,NA,NA,NA
CCBP_OUT,6/9/2016,9:50,CCBP,OUT,10,10,1488,1.127618906,27.43485579,NA,NA,NA
CCBP_SIDE,6/9/2016,10:05,CCBP,SIDE,10,10,9343,7.080203926,172.260657,NA,NA,NA
CCBP_UP_1,6/9/2016,11:00,CCBP,UP_1,10,10,7181,5.441822155,132.3989916,NA,NA,NA
CCBP_UP_2,6/9/2016,10:45,CCBP,UP_2,10,10,47742,36.17928886,880.2384981,NA,NA,NA
CCBP_UP_3,6/9/2016,10:25,CCBP,UP_3,10,10,3347,2.536384731,61.70998813,NA,NA,NA
ID,6/9/2016,15:45,ID,OUT,10,1,17610,1.334500601,32.46826683,NA,NA,NA
ID_UP,6/9/2016,15:05,ID,UP_1,10,10,970,0.735074153,17.88428099,NA,NA,NA
MR,6/9/2016,16:00,ID,UP_2,10,1,9249,0.700896994,17.05275411,NA,NA,NA
PD,6/9/2016,11:45,PD,OUT,10,10,1314,0.995760244,24.22674765,NA,NA,NA
PD_UP,6/9/2016,12:15,PD,UP_1,10,10,1742,1.320102241,32.11795618,NA,NA,NA
SMD_DOWN,6/9/2016,13:45,SMD,DOWN,10,1,3061,0.231965153,5.643689085,NA,NA,NA
SMD_OUT,6/9/2016,13:10,SMD,OUT,10,10,2556,1.936958283,47.12600229,NA,NA,NA
SMD_SIDE,6/9/2016,13:30,SMD,SIDE,10,10,10310,7.813004653,190.0896258,NA,NA,NA
SMD_UP,6/9/2016,14:05,SMD,UP,10,1,5417,0.410504813,9.987541252,NA,NA,NA
WB,6/9/2016,12:00,PD,UP_2,10,10,3335,2.52729103,61.48873929,NA,NA,NA
ID,7/14/2016,13:25,ID,OUT,10,10,1642,0.657151877,15.98843979,NA,NA,NA
ID_UP,7/14/2016,12:55,ID,UP_1,10,10,1468,0.587514589,14.2941715,NA,NA,NA
MR,7/14/2016,13:40,ID,UP_2,10,10,5479,2.192774139,53.34997662,NA,NA,NA
PD,7/14/2016,9:50,PD,OUT,10,10,1130,0.452242157,11.00300668,NA,NA,NA
PD_UP,7/14/2016,10:25,PD,UP_1,10,10,1971,0.788822381,19.19197005,NA,NA,NA
SMD_DOWN,7/14/2016,11:55,SMD,DOWN,10,10,412,0.164888291,4.011715708,NA,NA,NA
SMD_OUT,7/14/2016,11:40,SMD,OUT,10,10,1069,0.427829085,10.40903906,NA,NA,NA
SMD_SIDE,7/14/2016,11:30,SMD,SIDE,10,10,5977,2.392080859,58.19908929,NA,NA,NA
SMD_UP,7/14/2016,11:05,SMD,UP,10,10,1006,0.402615584,9.795597094,NA,NA,NA
WB,7/14/2016,10:05,PD,UP_2,10,10,2047,0.819238668,19.93199528,NA,NA,NA
ID,7/26/2016,15:45,ID,OUT,10,1,13901,1.060662218,25.58821933,NA,NA,NA
ID_UP,7/26/2016,15:15,ID,UP_1,10,1,18913,1.443083558,34.8140416,NA,NA,NA
MR,7/26/2016,16:00,ID,UP_2,10,10,4733,0.36113332,8.712253947,NA,NA,NA
PD,7/26/2016,11:00,PD,OUT,10,10,1654,0.126202094,3.044594977,NA,NA,NA
PD_UP,7/26/2016,11:35,PD,UP_1,10,1,13751,1.049217046,25.31210734,NA,NA,NA
SMD_DOWN,7/26/2016,14:15,SMD,DOWN,10,1,5186,0.395697739,9.546112184,NA,NA,NA
SMD_OUT,7/26/2016,14:00,SMD,OUT,10,1,7573,0.577828572,13.93997446,NA,NA,NA
SMD_SIDE,7/26/2016,13:10,SMD,SIDE,10,10,7944,0.606136297,14.62289148,NA,NA,NA
SMD_UP,7/26/2016,12:30,SMD,UP,10,1,13077,0.997790075,24.07144409,NA,NA,NA
WB,7/26/2016,11:20,PD,UP_2,10,10,2134,0.162826644,3.928153375,NA,NA,NA
ID,8/10/2016,12:50,ID,OUT,10,10,691,0.543586865,13.11390158,NA,NA,NA
ID_UP,8/10/2016,12:25,ID,UP_1,10,10,1962,1.543440564,37.2351301,NA,NA,NA
MR,8/10/2016,13:05,ID,UP_2,10,100,1126,8.457261761,204.0293933,NA,NA,NA
PD,8/10/2016,9:30,PD,OUT,10,10,1201,0.944787012,22.79275803,NA,NA,NA
PD_UP,8/10/2016,10:00,PD,UP_1,10,1,4983,0.391996143,9.456812093,NA,NA,NA
SMD_DOWN,8/10/2016,11:35,SMD,DOWN,10,10,958,0.753626942,18.1810676,NA,NA,NA
SMD_OUT,8/10/2016,11:25,SMD,OUT,10,10,471,0.370520135,8.938708601,NA,NA,NA
SMD_SIDE,8/10/2016,11:15,SMD,SIDE,10,10,1362,1.071440392,25.84824016,NA,NA,NA
SMD_UP,8/10/2016,10:45,SMD,UP,10,10,976,0.767786947,18.5226743,NA,NA,NA
WB,8/10/2016,9:45,PD,UP_2,10,10,2306,1.814053996,43.76361366,NA,NA,NA
ID,8/23/2016,14:45,ID,OUT,10,10,1227,0.989770663,23.79676012,NA,NA,NA
ID_UP,8/23/2016,14:05,ID,UP_1,10,10,1002,0.808272375,19.43305105,NA,NA,NA
MR,8/23/2016,14:55,ID,UP_2,10,10,949,0.765519445,18.40515513,NA,NA,NA
PD,8/23/2016,9:40,PD,OUT,10,10,420,0.338796804,8.14559026,NA,NA,NA
PD_UP,8/23/2016,10:10,PD,UP_1,10,10,1272,1.026070321,24.66950193,NA,NA,NA
SMD_DOWN,8/23/2016,12:45,SMD,DOWN,10,10,518,0.417849392,10.04622799,NA,NA,NA
SMD_OUT,8/23/2016,12:20,SMD,OUT,10,10,597,0.481575457,11.57837473,NA,NA,NA
SMD_SIDE,8/23/2016,11:45,SMD,SIDE,10,10,551,0.444469141,10.68623865,NA,NA,NA
SMD_UP,8/23/2016,11:00,SMD,UP,10,10,633,0.510615183,12.27656818,NA,NA,NA
WB,8/23/2016,9:55,PD,UP_2,10,10,3536,2.852346427,68.57811228,NA,NA,NA
ID,9/7/2016,13:15,ID,OUT,10,1,4956,0.402916493,9.687200771,NA,NA,NA
ID_UP,9/7/2016,12:50,ID,UP_1,10,10,1067,0.867457421,20.85601942,NA,NA,NA
MR,9/7/2016,13:30,ID,UP_2,10,1,9516,0.77363869,18.60036371,NA,NA,NA
PD,9/7/2016,9:45,PD,OUT,10,1,2306,0.187474865,4.507402134,NA,NA,NA
PD_UP,9/7/2016,10:30,PD,UP_1,10,1,4045,0.328853352,7.906522824,NA,NA,NA
SMD_DOWN,9/7/2016,11:55,SMD,DOWN,10,1,3918,0.318528414,7.658283418,NA,NA,NA
SMD_SIDE,9/7/2016,11:30,SMD,SIDE,10,1,6157,0.500556265,12.03472461,NA,NA,NA
SMD_UP,9/7/2016,11:00,SMD,UP,10,10,1584,1.287771842,30.96151336,NA,NA,NA
SMD_UP,9/7/2016,11:45,SMD,UP,10,1,7234,0.588114994,14.13987296,NA,NA,NA
WB,9/7/2016,10:05,PD,UP_2,10,10,3240,2.634078768,63.33036823,NA,NA,NA
ID,9/21/2016,15:55,ID,OUT,10,10,687,0.550457573,13.23448685,NA,NA,NA
ID_UP,9/21/2016,15:30,ID,UP_1,10,10,868,0.695483513,16.72130216,NA,NA,NA
MR,9/21/2016,16:10,ID,UP_2,10,10,1695,1.358115847,32.65277324,NA,NA,NA
PD,9/21/2016,10:30,PD,OUT,10,1,6603,0.529064244,12.72013343,NA,NA,NA
PD_UP,9/21/2016,11:00,PD,UP_1,10,1,5976,0.478825977,11.51226978,NA,NA,NA
SMD_DOWN,9/21/2016,14:25,SMD,DOWN,10,10,6502,5.209716364,125.2556528,NA,NA,NA
SMD_OUT,9/21/2016,14:10,SMD,OUT,10,10,1412,1.131362582,27.20101228,NA,NA,NA
SMD_SIDE,9/21/2016,13:20,SMD,SIDE,10,10,2367,1.896554696,45.59829749,NA,NA,NA
SMD_UP,9/21/2016,12:45,SMD,UP,10,10,2551,2.043984381,49.14290532,NA,NA,NA
WB,9/21/2016,10:45,PD,UP_2,10,10,5652,4.52865532,108.8811058,NA,NA,NA
ID,10/5/2016,8:45,ID,OUT,10,10,757,0.603824189,14.39369443,NA,NA,NA
ID_UP,10/5/2016,9:05,ID,UP_1,10,10,726,0.579096911,13.80425648,NA,NA,NA
MR,10/5/2016,8:30,ID,UP_2,10,10,290,0.231319703,5.514096942,NA,NA,NA
PD,10/5/2016,12:10,PD,OUT,10,10,549,0.437912127,10.43875594,NA,NA,NA
PD_UP,10/5/2016,11:25,PD,UP_1,10,100,169,1.348035508,32.13387529,NA,NA,NA
SMD_DOWN,10/5/2016,9:50,SMD,DOWN,10,10,742,0.591859377,14.10848252,NA,NA,NA
SMD_OUT,10/5/2016,10:00,SMD,OUT,10,10,522,0.416375465,9.925374496,NA,NA,NA
SMD_SIDE,10/5/2016,10:20,SMD,SIDE,10,100,176,1.403871298,33.4648642,NA,NA,NA
SMD_UP,10/5/2016,10:45,SMD,UP,10,10,1081,0.862264133,20.55427171,NA,NA,NA
WB,10/5/2016,11:40,PD,UP_2,10,100,604,4.817831047,114.8453294,NA,NA,NA
ID,10/19/2016,15:10,ID,OUT,10,10,938,0.767968375,18.30649106,NA,NA,NA
ID_UP,10/19/2016,14:40,ID,UP_1,10,10,1346,1.102010056,26.26922918,NA,NA,NA
MR,10/19/2016,15:30,ID,UP_2,10,10,852,0.697557628,16.62807078,NA,NA,NA
PD,10/19/2016,9:55,PD,OUT,10,10,681,0.557554865,13.29074671,NA,NA,NA
PD_UP,10/19/2016,11:00,PD,UP_1,10,10,968,0.792530263,18.89198651,NA,NA,NA
SMD_DOWN,10/19/2016,13:45,SMD,DOWN,10,10,634,0.519074573,12.37347051,NA,NA,NA
SMD_OUT,10/19/2016,13:10,SMD,OUT,10,10,1417,1.160139859,27.65490175,NA,NA,NA
SMD_SIDE,10/19/2016,12:45,SMD,SIDE,10,100,277,2.116650326,50.45577598,NA,NA,NA
SMD_UP,10/19/2016,12:15,SMD,UP,10,10,827,0.677089388,16.1401579,NA,NA,NA
WB,10/19/2016,10:45,PD,UP_2,10,100,557,4.256224664,101.4580044,NA,NA,NA
CC,11/2/2016,9:50,CCBP,DOWN,10,1,5728,0.485005764,11.58125233,NA,NA,NA
CCBP_OUT,11/2/2016,9:35,CCBP,OUT,10,10,1000,0.84672794,20.21866677,NA,NA,NA
CCBP_SIDE,11/2/2016,9:25,CCBP,SIDE,10,10,1021,0.864509226,20.64325877,NA,NA,NA
CCBP_UP_1,11/2/2016,9:00,CCBP,UP_1,10,10,898,0.76036169,18.15636276,NA,NA,NA
CCBP_UP_2,11/2/2016,9:05,CCBP,UP_2,10,1,3303,0.279674238,6.678225635,NA,NA,NA
CCBP_UP_3,11/2/2016,9:15,CCBP,UP_3,10,1,1607,0.13606918,3.24913975,NA,NA,NA
ID,11/2/2016,14:30,ID,OUT,10,1,5899,0.499484812,11.92699153,NA,NA,NA
ID_UP,11/2/2016,13:55,ID,UP_1,10,1,4070,0.344618271,8.228997376,NA,NA,NA
MR,11/2/2016,14:40,ID,UP_2,10,10,679,0.574928271,13.72847474,NA,NA,NA
PD,11/2/2016,10:30,PD,OUT,10,1,5286,0.447580389,10.68758726,NA,NA,NA
PD_UP,11/2/2016,11:15,PD,UP_1,10,10,1012,0.856888675,20.46129077,NA,NA,NA
SMD_DOWN,11/2/2016,13:05,SMD,DOWN,10,1,4617,0.39093429,9.334958449,NA,NA,NA
SMD_OUT,11/2/2016,12:45,SMD,OUT,10,10,966,0.81793919,19.5312321,NA,NA,NA
SMD_SIDE,11/2/2016,12:10,SMD,SIDE,10,100,1467,11.74250554,280.39444,NA,NA,NA
SMD_UP,11/2/2016,11:45,SMD,UP,10,1,4664,0.394913911,9.429986182,NA,NA,NA
WB,11/2/2016,11:00,PD,UP_2,10,10,2826,2.392853157,57.1379523,NA,NA,NA
CC,11/16/2016,11:00,CCBP,DOWN,10,1,3798,0.315024614,7.527512643,NA,NA,NA
CCBP_OUT,11/16/2016,9:35,CCBP,OUT,10,1,8593,0.712745262,17.0310469,NA,NA,NA
CCBP_SIDE,11/16/2016,10:00,CCBP,SIDE,10,1,3824,0.31718118,7.579043798,NA,NA,NA
CCBP_UP_1,11/16/2016,10:35,CCBP,UP_1,10,1,6053,0.502065294,11.9968494,NA,NA,NA
CCBP_UP_2,11/16/2016,10:25,CCBP,UP_2,10,1,5196,0.430981541,10.29830324,NA,NA,NA
CCBP_UP_3,11/16/2016,10:10,CCBP,UP_3,10,1,2240,0.185796507,4.439607246,NA,NA,NA
ID,11/16/2016,15:45,ID,OUT,10,10,1213,1.006121265,24.04126602,NA,NA,NA
ID_UP,11/16/2016,15:20,ID,UP_1,10,10,1103,0.914881909,21.86110175,NA,NA,NA
MR,11/16/2016,16:00,ID,UP_2,10,10,1088,0.902440179,21.56380662,NA,NA,NA
PD,11/16/2016,11:30,PD,OUT,10,10,1580,1.310528936,31.31508682,NA,NA,NA
PD_UP,11/16/2016,11:55,PD,UP_1,10,10,1104,0.915711358,21.88092143,NA,NA,NA
SMD_DOWN,11/16/2016,14:25,SMD,DOWN,10,1,6001,0.497752161,11.89378709,NA,NA,NA
SMD_OUT,11/16/2016,13:55,SMD,OUT,10,10,1358,1.126391326,26.91511893,NA,NA,NA
SMD_SIDE,11/16/2016,13:30,SMD,SIDE,10,100,2009,15.523639,370.9373291,NA,NA,NA
SMD_UP,11/16/2016,12:45,SMD,UP,10,1,9371,0.777276371,18.57301763,NA,NA,NA
WB,11/16/2016,11:45,PD,UP_2,10,10,1736,1.439922932,34.40695616,NA,NA,NA
CC,12/14/2016,9:55,CCBP,DOWN,10,1,3451,0.291134595,7.059386108,NA,NA,NA
CCBP_OUT,12/14/2016,8:50,CCBP,OUT,10,10,1118,0.94317148,22.86987444,NA,NA,NA
CCBP_SIDE,12/14/2016,9:05,CCBP,SIDE,10,1,10924,0.921574709,22.34619932,NA,NA,NA
CCBP_UP_1,12/14/2016,9:40,CCBP,UP_1,10,1,7647,0.645119169,15.64274864,NA,NA,NA
CCBP_UP_2,12/14/2016,9:25,CCBP,UP_2,10,1,8380,0.706956798,17.1421778,NA,NA,NA
CCBP_UP_3,12/14/2016,9:15,CCBP,UP_3,10,10,1209,1.019941252,24.73137585,NA,NA,NA
ID,12/14/2016,14:20,ID,OUT,10,1,8342,0.703751027,17.06444477,NA,NA,NA
ID_UP,12/14/2016,14:00,ID,UP_1,10,1,5352,0.451507492,10.948083,NA,NA,NA
MR,12/14/2016,14:35,ID,UP_2,10,1,7736,0.652627421,15.82480757,NA,NA,NA
PD,12/14/2016,10:30,PD,OUT,10,1,4088,0.344873436,8.362437093,NA,NA,NA
PD_UP,12/14/2016,11:00,PD,UP_1,10,1,3367,0.284048155,6.887555209,NA,NA,NA
SMD_DOWN,12/14/2016,13:05,SMD,DOWN,10,1,7234,0.610277503,14.79791339,NA,NA,NA
SMD_OUT,12/14/2016,12:45,SMD,OUT,10,10,1301,1.097554647,26.61333331,NA,NA,NA
SMD_SIDE,12/14/2016,12:35,SMD,SIDE,10,100,991,7.880188563,191.077579,NA,NA,NA
SMD_UP,12/14/2016,11:45,SMD,UP,10,1,5788,0.488289492,11.8399672,NA,NA,NA
WB,12/14/2016,10:45,PD,UP_2,10,10,1704,1.437535064,34.85712526,NA,NA,NA
CC,6/21/2017,11:15,CCBP,DOWN,10,10,2698,2.235482722,53.47188716,19543.5,0.020470273,0.495520111
CCBP_OUT,6/21/2017,9:50,CCBP,OUT,10,10,2965,2.456710997,58.76358244,18182,0.018546174,0.448943811
CCBP_SIDE,6/21/2017,10:20,CCBP,SIDE,10,10,6738,5.582906812,133.5409843,17730,0.017907399,0.433481094
CCBP_UP_1,6/21/2017,11:00,CCBP,UP_1,10,10,4061,3.364824067,80.48529791,15924,0.015355124,0.371698649
CCBP_UP_2,6/21/2017,10:50,CCBP,UP_2,10,100,6649,50.43572553,1206.403162,14466,0.01329465,0.321821127
CCBP_UP_3,6/21/2017,10:40,CCBP,UP_3,10,100,16347,123.9995195,2966.020829,15192,0.014320647,0.346657259
ID,6/21/2017,17:00,ID,OUT,10,10,1630,1.350569621,32.30510603,19820,0.020861028,0.504979052
ID_UP,6/21/2017,16:35,ID,UP,10,10,1024,0.848456007,20.29474146,19159,0.01992689,0.48236654
MR,6/21/2017,17:15,ID,UP_2,10,10,1983,1.643054943,39.30124249,15272.5,0.014434411,0.349411128
PD,6/21/2017,11:50,PD,OUT,10,10,4450,3.687137921,88.19492137,23683,0.026320296,0.637130539
PD_UP,6/21/2017,12:30,PD,UP_1,10,10,736,0.609827755,14.58684542,21155,0.022747677,0.550648799
SMD_DOWN,6/21/2017,15:30,SMD,DOWN,10,10,927,0.768084686,18.37229036,22768,0.0250272,0.605828802
SMD_OUT,6/21/2017,15:15,SMD,OUT,10,10,2706,2.242111284,53.63043983,24990,0.028167374,0.681842419
SMD_SIDE,6/21/2017,14:10,SMD,SIDE,10,10,4373,3.623338007,86.66885195,37953,0.046486942,1.125300801
SMD_UP,6/21/2017,13:20,SMD,UP,10,10,2202,1.824511843,43.64162177,24234,0.02709898,0.65598
WB,6/21/2017,12:15,PD,UP_2,10,10,2453,2.032482994,48.61621172,35518,0.043045752,1.04200055
CC,8/30/2017,9:35,CCBP,DOWN,10,10,1119,0.914101909,21.86496618,23700.5,0.023815935,0.575530804
CCBP_OUT,8/30/2017,8:45,CCBP,OUT,10,10,5417,4.425102805,105.8467576,22644,0.022318355,0.539340603
CCBP_SIDE,8/30/2017,8:55,CCBP,SIDE,10,10,6769,5.529540499,132.2644826,19435,0.017769624,0.429416935
CCBP_UP_1,8/30/2017,9:25,CCBP,UP_1,10,10,5702,4.657916964,111.4155828,18212,0.016036031,0.387523309
CCBP_UP_3,8/30/2017,9:15,CCBP,UP_3,10,100,9048,68.73359923,1644.081266,19581,0.017976578,0.434418137
ID,8/30/2017,15:25,ID,OUT,10,10,815,0.665766806,15.924886,32166,0.035815712,0.865514851
ID_UP,8/30/2017,15:05,ID,UP,10,10,1574,1.285787671,30.75554671,29918,0.03262919,0.78851005
MR,8/30/2017,15:35,ID,UP_2,10,10,2105,1.71955721,41.13114728,19497.5,0.017858217,0.43155786
PD,8/30/2017,10:00,PD,OUT,10,10,568,0.463994534,11.09857086,44700,0.053582554,1.29486457
PD_UP,8/30/2017,10:25,PD,UP_1,10,10,1914,1.563530878,37.39905743,64045,0.081003933,1.957523762
SMD_DOWN,8/30/2017,14:10,SMD,DOWN,10,10,345,0.281827666,6.741209412,24666,0.025184523,0.608603817
SMD_OUT,8/30/2017,14:00,SMD,OUT,10,10,1073,0.876524886,20.96613826,28505,0.030626275,0.740108012
SMD_SIDE,8/30/2017,13:10,SMD,SIDE,10,10,4836,3.950488677,94.49417019,24361.5,0.024752897,0.598173229
SMD_UP,8/30/2017,11:10,SMD,UP,10,10,2861,2.3371274,55.90318878,38275,0.04447517,1.074777451
WB,8/30/2017,10:10,PD,UP_2,10,10,1735,1.417307249,33.90144443,70328,0.089910035,2.172746698
CC,10/11/2017,9:25,CCBP,DOWN,10,10,1345,1.088378831,26.03360315,24327,0.024288057,0.58793651
CCBP_OUT,10/11/2017,8:20,CCBP,OUT,10,10,4109,3.325017557,79.53314151,20644,0.019234211,0.465598996
CCBP_SIDE,10/11/2017,8:35,CCBP,SIDE,10,100,2178,16.37923984,391.785119,18755,0.016642108,0.402852441
CCBP_UP_1,10/11/2017,9:10,CCBP,UP_1,10,100,3831,28.8103158,689.1316763,17924.5,0.015502489,0.375265879
CCBP_UP_2,10/11/2017,9:00,CCBP,UP_2,10,100,9287,69.84113882,1670.573187,17508,0.014930964,0.361431078
CCBP_UP_3,10/11/2017,8:50,CCBP,UP_3,10,100,26301,197.7917295,4731.102119,20424,0.018932325,0.458291298
ID,10/11/2017,14:20,ID,OUT,10,10,862,0.697533496,16.68473302,27399,0.028503484,0.689978553
ID_UP,10/11/2017,14:00,ID,UP,10,10,1568,1.268831231,30.34995519,28156,0.029542246,0.715123678
MR,10/11/2017,14:30,ID,UP_2,10,10,1687,1.365126459,32.6533,20961.5,0.019669888,0.476145334
PD,10/11/2017,9:50,PD,OUT,10,10,1088,0.880413508,21.05915258,31009,0.033457158,0.809891239
PD_UP,10/11/2017,10:15,PD,UP_1,10,10,1003,0.811631202,19.41390629,34521,0.038276356,0.926548679
SMD_DOWN,10/11/2017,13:05,SMD,DOWN,10,10,404,0.326918251,7.819758863,24136,0.024025965,0.581592099
SMD_OUT,10/11/2017,12:00,SMD,OUT,10,10,756,0.611757915,14.63301411,22648,0.021984118,0.532165485
SMD_SIDE,10/11/2017,11:45,SMD,SIDE,10,10,2473,2.001160482,47.86698928,18916,0.016863034,0.408200347
SMD_UP,10/11/2017,11:00,SMD,UP,10,100,1004,7.550393386,180.6025067,19700.5,0.017939532,0.434258935
WB,10/11/2017,10:00,PD,UP_2,10,10,2669,2.159764386,51.66073368,63201,0.077631312,1.87920681
CC,11/8/2017,9:05,CCBP,DOWN,10,10,807,0.668975043,16.00162582,24296.5,0.028986163,0.696905649
CCBP_OUT,11/8/2017,7:50,CCBP,OUT,10,10,2063,1.710155532,40.90626278,20029,0.022328045,0.536826511
CCBP_SIDE,11/8/2017,8:05,CCBP,SIDE,10,100,1037,8.007390829,191.5337098,16749,0.017210616,0.413789705
CCBP_UP_1,11/8/2017,8:50,CCBP,UP_1,10,10,963,0.798293639,19.09487691,19517,0.021529227,0.517620766
CCBP_UP_2,11/8/2017,8:40,CCBP,UP_2,10,100,521,4.022999636,96.22860444,18725,0.020293555,0.487911879
CCBP_UP_3,11/8/2017,8:25,CCBP,UP_3,10,1000,622,48.0289016,1148.832859,17709,0.0187084,0.449800478
ID,11/8/2017,14:05,ID,OUT,10,10,1027,0.851347422,20.36390299,22232,0.025765147,0.619463732
ID_UP,11/8/2017,13:45,ID,UP,10,10,602,0.499037145,11.93677663,22575,0.026300293,0.632330081
MR,11/8/2017,14:20,ID,UP_2,10,10,888,0.736121237,17.60773696,20953.5,0.023770442,0.571505635
PD,11/8/2017,9:30,PD,OUT,10,10,1669,1.383543182,33.09382093,23751,0.028135078,0.676443277
PD_UP,11/8/2017,10:00,PD,UP_1,10,10,461,0.38215303,9.140953534,24233,0.028887091,0.694523686
SMD_DOWN,11/8/2017,13:00,SMD,DOWN,10,10,609,0.504839903,12.07557636,24355,0.029077434,0.699100055
SMD_OUT,11/8/2017,12:25,SMD,OUT,10,10,1592,1.319712849,31.56702392,26637,0.032637791,0.784700662
SMD_SIDE,11/8/2017,11:45,SMD,SIDE,10,1000,508,39.22617687,938.2750683,58033,0.081621569,1.962402969
SMD_UP,11/8/2017,10:55,SMD,UP,10,10,1451,1.202828734,28.77120082,27916,0.034633277,0.832677514
WB,11/8/2017,9:45,PD,UP_2,10,10,1711,1.418359727,33.9266193,39220,0.052269683,1.256704361
CC,12/13/2017,9:10,CCBP,DOWN,10,10,682,0.576501432,13.78969259,29969.5,0.032774874,0.78934119
CCBP_OUT,12/13/2017,7:55,CCBP,OUT,10,10,2315,1.956892692,46.80812076,28001,0.030039438,0.723461696
CCBP_SIDE,12/13/2017,8:15,CCBP,SIDE,10,10,1872,1.582420354,37.85088642,43422,0.051468523,1.239553987
CCBP_UP_1,12/13/2017,8:50,CCBP,UP_1,10,10,550,0.46492051,11.12071983,29233,0.03175143,0.764692855
CCBP_UP_2,12/13/2017,8:40,CCBP,UP_2,10,100,566,4.45259092,106.5042628,23627,0.023961309,0.577077694
CCBP_UP_3,12/13/2017,8:30,CCBP,UP_3,10,100,1062,8.354508052,199.8366203,25736,0.026891985,0.647659281
ID,12/13/2017,13:10,ID,OUT,10,10,1009,0.852917808,20.40146602,31801,0.035319934,0.850635725
ID_UP,12/13/2017,12:45,ID,UP_1,10,10,613,0.518175041,12.39454774,31409,0.034775209,0.83751672
MR,12/13/2017,13:20,ID,UP_2,10,10,832,0.703297935,16.82261619,31522,0.034932234,0.841298474
PD,12/13/2017,9:40,PD,OUT,10,100,1977,15.55260115,372.0122395,32439,0.036206501,0.871987575
PD_UP,12/13/2017,10:05,PD,UP_1,10,10,386,0.326289667,7.804723375,30242,0.033153541,0.798460906
SMD_DOWN,12/13/2017,11:45,SMD,DOWN,10,10,812,0.686391735,16.41822637,35536,0.040510105,0.975634409
SMD_OUT,12/13/2017,11:30,SMD,OUT,10,10,1517,1.282335297,30.67296725,39288,0.0457239,1.10120203
SMD_SIDE,12/13/2017,11:15,SMD,SIDE,10,100,307,2.415097902,57.76821321,97492,0.126604418,3.04910656
SMD_UP,12/13/2017,10:50,SMD,UP,10,10,1524,1.288252467,30.81450369,39534,0.046065742,1.109434875
WB,12/13/2017,9:50,PD,UP_2,10,10,1508,1.274727507,30.49099184,45130,0.053841967,1.296715367
