"Date","Site","Discharge.m3s.OUT","HL.myr","RSpCond","RTemp","RDO.mgL","RDO.pct","RTSS","RChl","RPO4","RNH4","RCl","RNO3","RSO4","RBr","RDOC","RTDN","RDON","RDIN","RTDP","RN2O","RCH4","RAFDM","RAsh","RPC","RPN","RTN","RNAr","RN2","RFlag"
2015-06-18,"ID",1.48789495151347,362.026504057779,-0.0194221591759813,-0.0481362942792691,-1.27171057222098,-0.0949020942802478,NA,NA,NA,NA,NA,NA,NA,NA,NA,NA,NA,NA,NA,NA,NA,NA,NA,NA,NA,NA,NA,NA,0
2015-06-18,"PD",0.337835405543272,65.6999978367956,-0.112480384368339,-0.0550603082074974,0.0889960216303851,0.0820961974041971,NA,NA,NA,NA,NA,NA,NA,NA,NA,NA,NA,NA,NA,NA,NA,NA,NA,NA,NA,NA,NA,NA,0
2015-06-18,"SMD",0.360677092531158,187.049824698031,-0.00815149935458237,-0.0169794459338695,-0.264630060289524,-0.265311636220047,NA,NA,NA,NA,NA,NA,NA,NA,NA,NA,NA,NA,NA,NA,NA,NA,NA,NA,NA,NA,NA,NA,0
2015-06-19,"BRDS",0.0226282571962237,11.5739703993141,-0.00697186632063382,-0.374494269539938,-0.577323552380913,-0.710805779801799,NA,NA,NA,NA,NA,NA,NA,NA,NA,NA,NA,NA,NA,NA,NA,NA,NA,NA,NA,NA,NA,NA,0
2015-06-19,"LH",0.00302886021927582,26.4813240574113,0.0228093947606144,-0.24363587898174,-0.0608354359405664,-0.177896012221461,NA,NA,NA,NA,NA,NA,NA,NA,NA,NA,NA,NA,NA,NA,NA,NA,NA,NA,NA,NA,NA,NA,0
2015-06-19,"LMPD",1.31458437623275,213.07942479891,0.0266007574096033,-0.0359633827375764,-0.020034909673604,-0.0224785705412234,NA,NA,NA,NA,NA,NA,NA,NA,NA,NA,NA,NA,NA,NA,NA,NA,NA,NA,NA,NA,NA,NA,0
2015-06-19,"MCLN",1.51858640882201,90.9511402352889,0.0063412315002799,-0.0357157706540271,0.0354384849206746,0.0270186007607109,NA,NA,NA,NA,NA,NA,NA,NA,NA,NA,NA,NA,NA,NA,NA,NA,NA,NA,NA,NA,NA,NA,0
2015-06-19,"OMPD",0.137591770619826,47.4088399701376,-0.0116781853595233,-0.32323375696093,0.0109903424378155,0.0149216365810719,NA,NA,NA,NA,NA,NA,NA,NA,NA,NA,NA,NA,NA,NA,NA,NA,NA,NA,NA,NA,NA,NA,0
2015-06-24,"BRDS",0.0977300144687401,49.9872475717884,-0.081588443451459,-0.186739643766894,0.134536047809935,0.114943310590265,-0.104755553705113,NA,0.421481480736687,0.165604561667904,-0.0930087782773067,0.566745841851273,-0.0360516535928991,-0.320052486762413,-0.214922552480082,0.191125883462967,-0.0505437922788582,0.517284476935256,NA,NA,NA,NA,NA,NA,NA,NA,NA,NA,0
2015-06-24,"LH",0.0130814560965401,114.371167025364,0.314139793746931,-0.210131332082551,0.167937535906409,0.113737149768192,-0.895872420327825,NA,0.0977932999192579,-0.327642070362274,0.393261838862902,0.748329829815417,0.350532299523385,0.616299821534801,-0.528872835997325,0.284165482011274,-0.456744437540547,0.669265738971638,NA,NA,NA,NA,NA,NA,NA,NA,NA,NA,1
2015-06-24,"LMPD",3.70780208681032,600.993249432823,-0.030961302954331,0.0391251609975996,0.0720403948373314,0.0800723203935464,0.178095328074986,NA,-4.32994165406136,-0.427083015040131,0.0232913296762273,0.0150165435003652,-0.12635100859907,-0.150953920160202,-0.0402349402599964,-0.039784146211592,-0.0345967725246637,-0.0473409818388639,NA,NA,NA,NA,NA,NA,NA,NA,NA,NA,0
2015-06-24,"MCLN",4.283192435139,256.528857073892,-0.107717137522621,0.0600779388113513,0.123414992942695,0.15213758623517,-0.00346434117817918,NA,0.443328530476251,0.273635160098149,0.10292058109265,0.338185737953276,0.264187081548164,0.559078001597302,0.00435488141213173,0.231117111355355,0.163459255117809,0.330094284669557,NA,NA,NA,NA,NA,NA,NA,NA,NA,NA,0
2015-06-24,"OMPD",0.594250172112207,204.755787246441,-0.126816801460858,-0.105350776656341,0.0808922284339014,0.082144964100987,-0.0271356651686781,NA,0.0517832013697448,0.253735129347664,0.144315966024934,0.285168418823469,0.0963906286915656,-0.019704331390413,0.0720329837285582,0.170987330158736,0.0728922162764468,0.280974294232598,NA,NA,NA,NA,NA,NA,NA,NA,NA,NA,0
2015-06-26,"ID",2.88088999723564,700.962479382943,-0.0140936166628566,0.0192153479412649,-0.0163081627982347,0.00220073296859754,0.277296221968878,NA,-0.166575927317031,-0.274310706591699,-0.0461492674527586,-0.376225485278124,-0.13540014262231,0.116681380515743,-0.113009741271849,-0.167761239557136,-0.140813108959777,-0.351006097980676,NA,NA,-0.145900248737107,NA,NA,0.151811476335344,0.151470477007701,-0.0923517025061472,NA,NA,0
2015-06-26,"PD",0.39359464723488,76.5436868001503,-0.119061056575628,-0.0775795359974303,0.298608837505938,0.284967509834393,-0.00946468413247436,NA,0.541946511270366,-0.556734040348061,-0.0961484537984449,0.437536543973988,0.110701835923898,-0.203251899397433,-0.293379615084559,0.0498420926721259,-0.136099060728929,0.288224369203763,NA,NA,NA,NA,NA,0.17945708944928,0.172420716263526,0.0778689560846614,NA,NA,0
2015-06-26,"SMD",1.30011510098441,674.249368097555,-0.00233329164151551,-0.0169794459338695,0.189191825756428,0.18883782288608,0.378512560931189,NA,-0.22004603794441,-0.340954484929554,0.00410911263284602,-0.382668934664919,-0.00508402197176089,0.051540445813448,-0.0565927657786928,-0.0855496377191166,-0.0267521911298953,-0.368772027670112,NA,NA,-0.510066894178302,0.310389792667257,1,0.191384049438332,0.169634311770057,-0.032210395803312,NA,NA,0
2015-07-07,"BRDS",0.0872052436797988,44.6040055255958,-0.0817916853770677,-0.110104016277707,0.440316567238739,0.450848226400058,0.562946089907099,NA,0.498822210947708,0.539572008357059,-0.0520754322297554,0.689792620270014,0.0752163407943808,0.066985128116681,-0.376414675962253,0.226956358195962,-0.439998188344714,0.680363180955599,NA,NA,NA,NA,NA,NA,NA,NA,NA,NA,0
2015-07-07,"LH",0.0116726839015281,102.05427211494,-0.14029710977738,-0.143052891203069,-0.147570325648492,-0.205607476635514,0.449390243847378,NA,0.769630058812791,0.928970401183288,-0.0399793741303668,0.763521550283996,0.0310912354965802,0.244628339140534,-0.189617526867323,0.436597991859403,-0.53121390966088,0.778717099765776,NA,NA,NA,NA,NA,NA,NA,NA,NA,NA,0
2015-07-07,"LMPD",3.23028212108474,523.592603672536,0.0169437570141866,0.0461654033856403,0.043057941740177,0.0660922864404529,0.383571495944162,NA,0.697962362378163,0.40580813703404,-0.0321298498145338,-0.0866684300747193,-0.037364052306055,0.287975631678818,-0.0234833559058976,0.176601009512148,0.233033100465768,0.0621230016672955,NA,NA,NA,NA,NA,NA,NA,NA,NA,NA,0
2015-07-07,"MCLN",3.73156916697716,223.491049723466,-0.0557075608731698,0.0647948059733241,0.199402521281972,0.24245843503591,-1.04168562895217,NA,-0.0623084155592145,0.601423378415051,0.132808284652969,0.707397466527871,0.192003868125926,-0.140949502873167,-0.0881999176220999,0.472545292557166,0.361766732437011,0.683381136982508,NA,NA,NA,NA,NA,NA,NA,NA,NA,NA,0
2015-07-07,"OMPD",0.530253999730892,182.705164004517,-0.233339295965796,-0.0877354164171033,0.146879670085962,0.137851359429381,-0.187056996890932,NA,0.336118771183115,0.237755224298254,0.00409883984136325,0.253724778269897,0.0750691434345242,-0.725923350542293,-0.16625482980923,0.0115996452698846,-0.262384019267152,0.251364868870433,NA,NA,NA,NA,NA,NA,NA,NA,NA,NA,0
2015-07-10,"ID",2.7385401385487,666.326686284021,-0.00992686876219351,-0.0392723799396317,0.119232954756936,0.11950158734402,0.259286162046178,NA,-0.706426309427813,0.0318802824663337,-0.0139310663054483,-0.0887727467143166,-0.40202337235548,0.114418082485006,-0.0121621015281841,0.0300458072914655,0.042423160446832,-0.0548751014108044,NA,NA,NA,NA,NA,0.219639997157781,0.216938876017182,0.0670970313614209,NA,NA,0
2015-07-10,"PD",0.5739921938842,111.626209916886,-0.166869919996935,0.00269772106129206,0.447025010190111,0.46015654118524,0.794150414266656,NA,0.0289794008661032,-0.711325066803133,-0.187017044846315,0.277666860842587,-0.0404374728083071,-2.15052939077102,0.01075427404407,-0.0209394735762056,-0.0888254828297496,0.144673397832282,NA,NA,NA,NA,NA,0.128910614196157,0.167407020698253,0.0317924393112389,NA,NA,0
2015-07-10,"SMD",1.06805154532482,553.899480888744,-0.0227142924334966,-0.0259792640394787,0.657162599154252,0.62184162350226,0.288114387810697,NA,-0.184871716338977,0.0555243726842416,-0.0273056767456948,0.132596443024839,0.0468984445313721,0.00264073630279684,-0.0452611686593875,-0.0549356886319602,-0.12761627847039,0.115383443250613,NA,NA,NA,0.151698586931186,0.505285945632709,0.201989830368967,0.0573407281505995,-0.0300031446687542,NA,NA,0
2015-07-22,"BRDS",0.0242069728145649,12.381456706243,0.028058111321929,-0.34930847806469,0.297394959740043,0.236000188127773,-0.928305620217079,NA,0.686927137200614,0.924646616253035,-0.121660751664763,0.963289907233355,0.201499315773514,0.100024364945056,-0.619095360061218,0.53040904477093,-1.14674301743215,0.960276392375399,NA,NA,NA,NA,NA,NA,NA,NA,NA,NA,0
2015-07-22,"LH",0.00324017604852763,28.3288582939748,-0.0178721614802354,-0.313856874832484,0.903803131991051,0.896335051678592,0.0791195716835218,NA,-1.1273018609604,-0.0353070792967387,0.242480076391405,0.859350895350427,0.283980133526916,0.14102947777944,-0.624329528044711,0.308944724915715,-4.00400218721528,0.790632275659016,NA,NA,NA,NA,NA,NA,NA,NA,NA,NA,1
2015-07-22,"LMPD",0.671336892990656,108.81620198064,0.0966144130678388,0.00646725046912694,0.00982833969112244,0.0145407744126183,-1.44970288624788,NA,-0.797638645902459,0.751550680357344,-0.147908574718643,0.193231365954478,-0.0644418771720746,-0.102999033268083,-0.0559152367099026,0.227158408783707,0.209834961910597,0.247360875862756,NA,NA,NA,NA,NA,NA,NA,NA,NA,NA,1
2015-07-22,"MCLN",0.775517418180471,46.4472703338334,0.0330262152473489,-0.0810103811344468,-0.111447003659799,-0.135588907861119,0.739563296528653,NA,-0.133923846521285,0.554809384250879,0.0639963427499598,0.558859577096156,0.0733032055119996,0.0318312509796384,-0.0245194044339977,0.23080455837572,-0.0243476072487496,0.558539736583357,NA,NA,NA,NA,NA,NA,NA,NA,NA,NA,0
2015-07-22,"OMPD",0.147191196477024,50.7164334564263,-0.127159804211262,-0.187690829325617,-0.150742356099191,-0.202231029037669,0.0830937736537883,NA,-0.0496939736001057,0.77202550280719,-0.561257373968832,0.615208518321825,0.091020635030271,-0.605430447458892,-0.273602219169712,0.325347340487097,NA,0.629395871199423,NA,NA,NA,NA,NA,NA,NA,NA,NA,NA,1
2015-07-24,"ID",0.959166904961985,233.379272547497,0.067017160364471,-0.0521184830945944,0.088437351324874,0.0786033112321972,0.381998975424332,NA,-0.0298088436419087,-0.00680067066970085,-0.0182122321138795,0.102015678831437,-0.0158042307969824,0.142226025845965,-0.0228571323478877,-0.072553307701886,-0.114830934578345,0.0832580321003361,NA,NA,0.532991975171488,NA,NA,0.344708801660478,0.183400208560232,-0.00192660079455169,NA,NA,0
2015-07-24,"PD",0.166293738456737,32.3397076730635,-0.0548609482718189,-0.140412576767624,0.349082673197586,0.324319320513432,0.353456998313659,NA,0.216996449772458,0.284360271255008,-0.226898302301917,0.531075084608018,-0.079860746767428,-0.149508957986885,-0.0696171221172906,0.194220538894414,NA,0.484756313396759,NA,NA,NA,NA,NA,0.346520540611148,0.229839946845366,0.203905780840093,NA,NA,1
2015-07-24,"SMD",0.140356511977241,72.7899317817145,0.0146528851993768,-0.0429448785960108,-0.223472734448361,-0.240058808267751,-0.152576705391719,NA,-0.0227067076286206,0.384468858750731,0.0142916756329575,0.385558707621184,0.0756063042716969,-0.0357544510895716,-0.0220797296153035,0.16028361361384,-0.161566295220113,0.385499618086502,NA,NA,-0.781155872849461,-0.110338521327983,-0.33989386950046,-0.282103247607596,-0.454568641079706,0.0894174379174145,NA,NA,0
2015-08-07,"ID",0.430438858410502,104.732041037216,0.0221802517291395,-0.0988972034838588,0.0499689452214352,0.0130656254558105,-0.151662833430179,NA,0.101692363389578,0.0339968934999733,0.0284596032446456,0.263583446933214,0.142751150333849,0.186116469168903,-0.0361517861971398,0.0699785731225765,0.0289985198409819,0.229541915688899,0.565210844759369,NA,NA,NA,NA,-0.090091562866867,-0.0920323538238122,0.0473381427664845,NA,NA,0
2015-08-07,"PD",0.042639420117112,8.29223273668295,-0.279336860421842,-0.135377287161651,0.563326401249591,0.548320770409633,-0.374095046950039,NA,0.36488696683227,0.35836663271974,-0.412149413707767,0.838189809539313,-0.145463884283607,-0.981048951048951,0.0673898755828444,0.483830382684499,0.132351863157592,0.799771094285545,-3.7646016372932,NA,NA,NA,NA,-0.178949772067671,-0.382805926253573,0.384088530671098,NA,NA,1
2015-08-07,"SMD",0.117429751056656,60.8999429249405,-0.0291588404959519,-0.026100337825653,-0.192718103729807,-0.207349982611145,-0.316091047679125,NA,0.501287231692571,0.336979154756121,-0.0426742650932555,0.674319800679543,0.199468585874516,0.0627223623529186,-0.0762976628749182,0.200097533699809,-0.209807837625769,0.654477757420561,0.527594089750178,NA,NA,0.15659361929683,-1.4043836167685,-0.307263582490296,-0.241107147517091,0.158726731551895,NA,NA,0
2015-08-26,"ID",0.627017234692463,152.562421983346,-0.0251005001545494,0.010201312281486,0.15453115486097,0.166484407598864,-0.301423299635649,NA,0.0824338120741209,0.106630406150501,-0.0242541869902582,0.122098886334647,-0.0126637200468671,0.338467395405293,0.0353799519206643,-0.0124093096577971,-0.0552561654221224,0.120180415517839,-8.83164151106701,NA,NA,NA,NA,0.0777836426262753,-0.00660623290710306,-0.0115734023352761,NA,NA,0
2015-08-26,"PD",0.03279955393624,6.37864056667919,-0.141248786610633,-0.00911913337992577,0.520184449382344,0.527816298714678,-0.211661531168523,NA,0.0483182124485315,0.597914916999806,-0.179160580846584,0.599858533937867,-0.495638162847767,-0.324788823738923,-0.065362381279912,0.244907048759152,-0.110946154603218,0.599638822933899,-4.57054213002796,NA,NA,NA,NA,-0.295799097232427,-0.258915296513939,0.178387496540245,NA,NA,0
2015-08-26,"SMD",0.217245039454814,112.66489441114,0.091018371333444,-0.0417838226639637,-0.169820287519306,-0.186748085383504,0.337841691562434,NA,0.124948071595008,0.746095372748287,0.0472364904660478,0.415751231857734,0.118129497072249,-0.630781032680186,-0.0367256846408351,-0.0056706347896971,-0.221903004999602,0.434859330942387,0.242241316846106,NA,NA,0.13927155584224,0.482127105918126,0.22680856211212,0.0412536564761566,0.00187615131412443,NA,NA,0
2015-09-08,"BRDS",0.00503685459185045,2.57626583639217,0.132625412194188,-0.15257968098241,0.572364864353406,0.566263816017831,0.203042805637227,0.207889055298861,0.478805353416113,0.520875805898786,0.207889018885385,0.941813707842099,0.531337960856741,-0.646672833004807,-1.15281288399073,0.193987893156122,-1.19351625393365,0.911604104961827,NA,NA,NA,NA,NA,NA,NA,NA,NA,NA,1
2015-09-08,"LH",0.000674198121898605,5.89451399284569,0.245342453424534,-0.0487804878048779,0.873028996633792,0.870884475583417,-32.2634212839365,0.393780426398847,-0.128363544435906,-2.52278440399839,0.393780115428021,0.827044903522787,0.58904380260403,0.425870844074295,-1.35002817711152,-0.208715804072317,-1.168034569478,0.442285344134689,NA,NA,NA,NA,NA,NA,NA,NA,NA,NA,1
2015-09-08,"LMPD",0.222749019306105,36.1051247575931,0.0924867984120641,0.0421576949965044,0.433438759788487,0.45207499781534,-4.54785653650255,0.102652856305723,-0.27497048714144,0.520719684439468,0.102628610533108,0.214287152974282,0.0945695648331592,-0.0170375619133146,-0.0983248030944284,0.0246244765019896,-0.0815558809436309,0.260190109225027,NA,NA,NA,NA,NA,NA,NA,NA,NA,NA,1
2015-09-08,"MCLN",0.257316030383729,15.4111654287573,-0.179936952940926,-0.124551614389888,0.177647567509321,0.182186361298025,-1.43406352919728,-0.283342619025838,-0.0985185037077494,-1.04580832705087,-0.283328458633498,0.746633159418039,0.0544120633698422,-0.128996344725473,-0.0866522246563446,-0.330896560543562,-0.745179229556402,0.569609921193901,NA,NA,NA,NA,NA,NA,NA,NA,NA,NA,0
2015-09-08,"OMPD",0.0306267396396291,10.5527982657781,-0.0953973192018713,-0.0651992940650853,-0.109719857407866,-0.174692567230576,-0.634883027926666,0.446652638246508,-0.190891752102243,0.378361781319157,0.446647933369901,0.784752239686161,0.447938681151722,0.709026930328639,-0.00216199165290245,-0.0237620471499538,-0.832932355062379,0.715732557096411,NA,NA,NA,NA,NA,NA,NA,NA,NA,NA,1
2015-09-16,"ID",0.121675236353835,29.6053564821737,-0.11574592283251,-0.168272008436903,0.0282995276178561,-0.0236973319323698,0.434890874978085,NA,0.0857397056952461,-1.26897936698014,-0.136122177093458,0.528322136026832,0.000650199636948351,-0.295245509114588,-0.236297286414592,-0.774537662146556,-1.3614610651984,0.33436692961397,-1.57581846946847,-0.0469201416977255,NA,NA,NA,0.185865512301136,-0.0381427442980774,-0.562485710772964,NA,NA,0
2015-09-16,"PD",0.00885587956278479,1.72223295300338,-0.33265614748568,-0.0649470175613153,0.449113903264459,0.442735622918479,0.373325661121766,NA,0.362835682152103,0.130695646086679,-0.312508185120852,0.947258625359359,-0.149918960380666,0.0961670367485498,-0.0183547324005473,0.565899078435552,-0.168797346752991,0.919139583716692,-1.22307355381841,NA,NA,NA,NA,0.166382261620903,-0.930830014424777,0.408092967549928,NA,NA,1
2015-09-16,"SMD",0.0559189290745981,28.9999728214002,0.031770567453107,-0.132307011967607,-0.959220244922467,-1.04621165627658,0.086502673268802,NA,-0.0659207301229605,0.878682610761417,-0.0128020269303889,0.834849491685953,-0.112146101308076,0.719660979254378,-0.0572178326706688,0.0302927287355604,-0.0871247452140261,0.851236575130772,0.570024594760896,-0.0209051028296462,NA,-0.0319864689783367,0.224292397979877,0.0091831432314782,-0.140864529222085,0.00375666127511392,NA,NA,0
2015-10-02,"ID",2.03695869216308,495.621706010763,-0.179948664396628,-0.0156079366946119,0.0692981985130636,0.0722011841346642,-0.132637497542077,NA,0.106355173889632,-0.509609720698498,-0.163493688732804,0.0262268443044763,0.349903571539688,0.0414103188721075,0.150892505787466,0.04557002053989,0.0629292992203665,-0.0403828355219008,-0.0868427662424651,-0.0680772181201744,0.18016928189211,NA,NA,NA,NA,NA,NA,NA,0
2015-10-02,"SMD",1.17429751056656,608.999429249405,0.0402060100372833,-0.0495749409958525,0.059093819706853,0.0488251064500868,0.263900591592017,NA,0.183782822970183,0.157210857697557,0.0957239095744863,-0.927447449393295,0.0503272257991715,0.122186162457081,0.0293724261264986,-0.144953807367476,0.0271224325793005,-0.714768027245097,0.865173179516343,0.00102214609705039,-0.0491798853174174,0.215940594776634,0.363720946367556,0.295675623676641,0.273552187213952,-0.0249272413143883,NA,NA,0
2015-10-06,"BRDS",0.0205984799726421,10.5357737189769,0.304257260495976,-0.391244477165424,0.384742674982651,0.317182473651206,0.434689760726526,0.386496195516909,-0.0419600988681609,-2.12143454723947,0.386494118349898,0.872657654871438,0.296838019603797,NA,-0.230877078476751,0.171733417766575,-0.633762358581357,0.707080976682421,NA,NA,NA,NA,NA,NA,NA,NA,NA,NA,1
2015-10-06,"LH",0.00275716843880922,24.1059228961152,0.257198128251379,-0.10987449680322,0.797528588156157,0.790722251578274,-154.742668597033,0.334076411232681,-0.875157962197472,0.907137271189025,0.334076306697954,0.915287923429628,0.40179556140317,NA,-1.1426898893405,-0.30637061765284,-1.6236084514857,0.913919192065718,NA,NA,NA,NA,NA,NA,NA,NA,NA,NA,1
2015-10-06,"LMPD",1.38480790060416,224.461872704835,0.208266605410992,0.0728849370817936,0.0120661889543592,0.0391866457443706,0.0688912106569151,0.293167528298575,0.335376354894076,0.244880945311978,0.293167286124878,0.39781551124007,0.193073830536401,NA,-0.061881960989218,0.134241465481247,-0.0254244120317015,0.384525785797019,NA,NA,NA,NA,NA,NA,NA,NA,NA,NA,1
2015-10-06,"MCLN",1.59970747766934,95.8096413162338,0.153680327068136,-0.0496877894022613,0.101167406121114,0.0933227928148017,-0.840107099800831,0.217782724760774,0.667788123123846,-1.82699387255148,0.217782815618955,-0.411004064626998,0.0975431251515475,NA,-0.157476558347023,-0.423543743519049,-0.377035873962972,-0.530329886269948,NA,NA,NA,NA,NA,NA,NA,NA,NA,NA,0
2015-10-06,"OMPD",0.125249651660573,43.1562197734807,0.0541442803331857,-0.154417572602772,0.288120169976542,0.270788421927995,-1.55365926589363,0.157279974846589,0.636950173753838,-0.926663703458793,0.157286135141712,0.460327636828116,0.242855193899437,NA,-0.303681835383779,-0.380771227833333,-1.26979111253245,0.292737246722237,NA,NA,NA,NA,NA,NA,NA,NA,NA,NA,0
2015-10-14,"ID",0.701581446385621,170.704980273258,0.0125149796028356,-0.0167934925216479,0.0493314653530548,0.0498534785852106,-0.405428277443706,NA,-0.0781052488091045,-0.968648104463148,0.0161619632383631,-0.0205370900432917,0.04548373698872,0.00728558071158732,0.00919638003769827,0.0159577722758252,0.0458052021001569,-0.211182116026068,0.52654668968934,0.980612321301073,-0.572320978244604,NA,NA,NA,NA,NA,NA,NA,0
2015-10-14,"SMD",0.114633804602926,59.4499442838704,0.00580089365504911,0.0180888108224709,-0.105965147453083,-0.0947811521801764,-0.178061297001378,NA,0.300713225602527,0.17345585010486,-0.167366875955437,0.103353372648281,-0.263209522995413,-1.03483711246008,-0.191110682302698,-0.03353842843638,-0.0894173601875019,0.108956744440317,0.681292181639859,0.999202882429617,0.200176412775067,0.00245425532584846,NA,-0.217629273719136,-0.413296419100854,-0.0773255129321114,NA,NA,1
2015-10-28,"ID",0.182004462178299,44.284335462193,-0.0548920965865456,-0.340137218872486,0.109159143268832,0.0568059414241961,-1.05056044645465,NA,-0.0381709678212106,-0.073533860053377,-0.0977422511044281,0.0763589105038624,0.0345184986160824,0.143441339547221,0.0495254548076618,-0.0716437929419569,-0.0925225706962483,0.0552731892645201,-1.00545676022743,-0.0462353597323383,-0.36370874387801,NA,NA,NA,NA,NA,NA,NA,0
2015-10-28,"SMD",0.112117452794569,58.1449455069074,0.0112287430774348,-0.0417838226639641,0.0467101759326963,0.043411257506384,0.128303332201966,NA,-0.276786248013526,0.839439168681406,0.0295225286744231,0.659311885612154,-0.020464659035001,-0.624834591829205,-0.0554821768451732,0.0780300847057438,-0.145436335738856,0.683935569849309,0.574350051336666,0.0887588170107224,-0.69991556119795,-0.29985717736125,0.690183639297574,0.125508880241701,-0.189910745498242,0.0429066366358792,NA,NA,0
2015-11-02,"BRDS",0.0366111669586742,18.72599197497,0.0760939336152028,-0.223758866552185,0.214471388877391,0.206917083294263,-2.2168710065922,0.214250791735147,0.430716874402966,-9.98629081223812,0.214251581070202,0.722665193950813,0.149574853748716,NA,-0.183505023297051,0.0481818043720399,-0.256530166434135,0.489935644023946,NA,NA,NA,NA,NA,NA,NA,NA,NA,NA,1
2015-11-02,"LH",0.00490051470693464,42.8451987241172,0.236914126374856,0.16309435821631,0.243656624696146,0.245567512565138,-7.47499383963403,0.35102945527845,-1.78486007070186,0.246572379033759,0.351025645871637,0.795336901210739,0.153634322814707,NA,-1.38073174742667,-0.616296587327752,-1.72451588071964,0.734962722747221,NA,NA,NA,NA,NA,NA,NA,NA,NA,NA,1
2015-11-02,"LMPD",3.28646094058187,532.698561997275,-0.0466305519445975,0.0455300582361209,0.0261818497624557,0.0521031888899651,-0.354541595360905,-0.165300341910977,0.0889434506449595,-0.00870118845500849,-0.165306301916817,0.0334744709925876,-0.195012376906701,NA,-0.0507169803556614,0.0677548111647202,0.0772191210509591,0.031714218094107,NA,NA,NA,NA,NA,NA,NA,NA,NA,NA,1
2015-11-02,"MCLN",3.79646602205502,227.377850588222,0.212933300943557,-0.0417254754362305,0.044183608843066,0.0412877339997036,-1.21301545645833,0.308429962872956,-0.991035566843922,0.121757282450903,0.308431623523562,0.374827503017888,0.22740989599319,NA,-0.160094732250364,-0.47906444570953,-0.729134911463738,0.363701734663023,NA,NA,NA,NA,NA,NA,NA,NA,NA,NA,1
2015-11-02,"OMPD",0.222615256783573,76.7046679915516,0.0348571531973608,-0.110978036883865,0.0886656553964601,0.0441522813270266,-0.68249143289702,0.140036242337349,-0.323862357350902,-1.92220377529431,0.140037486016828,0.419989677688335,0.0213062689084429,NA,-0.00337756967559548,-0.178609250582101,-0.447213330861607,0.355487564027012,NA,NA,NA,NA,NA,NA,NA,NA,NA,NA,0
2015-11-18,"ID",1.12185245774706,272.963036089122,0.0155358687840433,-0.169777245813429,0.0409164470007982,0.0229565312562705,-0.626869588888743,NA,0.045873024578118,0.206337495629754,-0.035350373607693,-0.144635357220644,0.00189315073604588,-0.586945387397446,-0.05666185150375,-0.108572175939511,-0.11542296873904,-0.0531383216906727,-2.94168916083801,0.843722188129866,-0.105110433134334,NA,NA,NA,NA,NA,NA,NA,0
2015-11-18,"SMD",0.715762292154856,371.199652113923,-0.0105326665618638,-0.0847780756627942,0.012077109664241,0.00471997325390864,0.169466785832538,NA,0.23046021187835,0.559962753918724,0.00424341031808849,0.30326089023254,0.0451177289019196,-0.18727715193765,-0.055835842080429,0.0445989040664799,-0.0879273328779817,0.362707685480001,-0.555726408614539,0.209338332640729,0.292608404824047,-0.0657859716652636,1,-0.189281590658015,-0.212422812080604,0.0190115173406378,NA,NA,0
2016-02-01,"BRDS",0.133814942887967,68.4440774444488,-0.269308839469809,0.445288956449849,-0.154695130468434,-0.0717502071950098,-19.4170235418204,0.00789784490809139,0.21703824116182,0.15974006423609,0.00789157498997047,-0.190473659598071,-0.164430700582336,NA,0.0555130632506935,-0.156278258153644,-0.140640602596361,-0.16092152513686,NA,NA,NA,NA,NA,NA,NA,NA,NA,NA,0
2016-02-01,"LMPD",6.3762960129238,1033.52626985796,NA,0.798259762308998,-0.0276885049435733,-0.0177681654298851,0.663766270479604,-0.0116784429922259,-0.183067856214765,-3.69054133135059,-0.0116747782048532,-0.00984225314783093,0.000509922803869529,NA,-0.0271398168339185,0.121732442681555,0.294035680013381,-0.0611626514922681,NA,NA,NA,NA,NA,NA,NA,NA,NA,NA,0
2016-02-01,"MCLN",7.36579305133753,441.151898149799,NA,0.160537335299999,-0.0113995480502261,-0.0126981451346252,0.70463752903688,-0.0933629870481884,0.0970447683014521,-0.529028286680867,-0.0933559777746368,-0.0669227823307898,-0.0721655960476922,NA,-0.0983097342576752,-0.273039424477819,-0.461430259976445,-0.0959910237335771,NA,NA,NA,NA,NA,NA,NA,NA,NA,NA,0
2016-02-01,"OMPD",0.813665620276714,280.357924075897,NA,-0.769088003207536,-0.0526583666413383,-0.0454853988122089,-4.62309166561015,0.0619252286739478,-0.534002612347027,-0.542161554160718,0.0619230541491242,-0.00542984535487449,-0.0592410188224462,NA,-0.0219864902713891,-0.100649388259088,-0.244410161127252,-0.0285444593191959,NA,NA,NA,NA,NA,NA,NA,NA,NA,NA,0
2016-03-09,"ID",6.7107790523842,1632.83024609203,-0.0303876802374286,0.00340250722033579,-0.0141331325715283,-0.009958067634194,-0.447847779139245,NA,NA,-0.0167934925216479,-0.0649621274959189,-0.0215548013225225,-0.0831018083064164,NA,-0.0157084805939593,-0.117974083935951,-0.13940897298883,-0.0213805014591148,NA,-0.00522558782559787,0.0256794095124178,NA,NA,NA,NA,NA,NA,NA,0
2016-03-09,"PD",1.22670331721537,238.561157193802,-0.0811202884016298,0.114936558581287,0.0120309511139239,0.0351768621308728,0.129416005749103,NA,NA,0.0673909538105634,-0.124003935666022,-0.156455562040913,-0.0705057288206887,NA,0.010193728804082,0.135385439502094,0.259823971524681,-0.151763634028066,NA,-0.206198280877594,-0.761199305046789,NA,NA,NA,NA,NA,NA,NA,0
2016-03-09,"SMD",1.38119754814257,716.299328688585,-0.0132058672847641,0.179064784607599,0.0233248086054451,0.0612497422148897,0.110142984807864,NA,NA,-1.06831970902163,-0.00349934936846994,-0.0905911920980793,-0.0488026084572723,NA,-0.0102528629373184,-0.0626714102788917,-0.010243108803403,-0.0981260918183731,NA,0.207164030376041,-0.284747969987646,0.110142984807864,NA,-0.0830244585359362,0.0159498584148929,-0.0541157570568682,NA,NA,0
2016-04-06,"SMD",2.63937345232103,1368.79871717009,-0.145298886381269,0.0508191837950553,0.00424163399733497,0.0174258288539431,0.186416443442741,NA,NA,-0.0169794459338695,-0.0303622029923576,-0.171835120148606,-0.0303968339800114,NA,-0.055081965463895,-0.089335173865892,-0.0314618841086507,-0.16972076086113,NA,NA,NA,-0.339140369531186,0.736592005983266,0.0376962446421922,0.017168868290409,-0.0681032752934609,NA,NA,0
2016-05-26,"ID",1.3557129398756,329.864696180208,-0.0146753303380227,0.0124672658353569,0.155001391098934,0.165770487959199,-0.474916897155472,NA,NA,0.327443219692725,-0.033278256086441,-0.162579345177861,-0.121073851148964,NA,-0.0179834145366862,-0.0876369384842673,-0.080510862167624,-0.117042561604093,NA,-0.0317232391833343,-0.253389033137294,NA,NA,NA,NA,NA,NA,NA,0
2016-05-26,"PD",0.0757669695927143,14.7346597090289,-0.205239165994918,-0.00384280742459395,0.173307298768449,0.180596854938921,-0.209463722125061,NA,NA,-0.312052027318596,-0.305543843716244,0.107408975624702,-0.307753683021864,NA,0.0398330227972415,0.0913041594593187,0.117813258487913,0.0609260233949585,NA,-0.254074980355271,NA,NA,NA,NA,NA,NA,NA,NA,1
2016-05-26,"SMD",0.270368022075682,140.21486859147,-0.137917542207086,0.0123564996219153,-0.0373481329768941,-0.0234735675554138,-0.0169794459338693,NA,NA,0.129244635641385,0.0156565219288715,0.0261161643365026,-0.0779729072879973,NA,0.00315072563256603,0.00226581070651937,-0.0350944556115298,0.0475322117602646,NA,-0.0672226276103033,-0.19829079518805,-0.169254892866326,0.186795096919432,-0.125685727550655,-0.146906045754428,-0.0192502803114271,NA,NA,0
2016-06-09,"ID",1.86749457467863,454.388618988237,-0.00972628011009366,-0.0404391473619834,0.203653684100606,0.197222430801161,-0.26920179505564,NA,NA,-0.594361615968523,-0.019284325619003,-0.0620866557327106,-0.0375520111159608,NA,0.0524557262440714,-0.0449321114853019,-0.0312037537631458,-0.136531687730391,NA,-0.0462208212112309,-0.855755246095965,NA,NA,NA,NA,NA,NA,NA,0
2016-06-09,"PD",0.551032506128832,107.16116152021,-0.453592119982901,-0.118115201847493,0.252879221793567,0.234730538922156,-0.252941176491061,NA,NA,0.052681786329975,-2.89257302409005,-1.1283912386707,-1.53094888147969,NA,0.0715339340250075,0.0696745485530485,0.358524059638742,-0.817759999144799,NA,-0.0785773420173267,0.282595433896593,NA,NA,NA,NA,NA,NA,NA,1
2016-06-09,"SMD",0.380248717707267,197.199815185522,0.0152786667084403,-0.0477970049015624,0.0192237058631292,0.00855770411173735,-0.756600861662789,NA,NA,0.150227075316288,0.0565105832934806,0.0416649384308121,-0.0726114767981506,NA,0.0229735391393717,0.0324856724064628,0.0200060318818379,0.055945598804075,NA,-0.0084027528161425,-3.79859601965251,-0.16598084799362,NA,-0.476956625581573,-0.45857892075601,-0.0333276604483766,NA,NA,0
2016-06-28,"ID",0.27080365974015,65.8904730619966,-0.0180984849752095,-0.0742951096445815,-0.581373992024254,-0.619686817232441,-0.876233751722597,NA,NA,0.790566552952624,0.066488371940088,0.967529366022393,0.0272199460595575,NA,-0.0535514307594462,0.0912017498192307,-0.0529851913215902,0.938801390425183,NA,NA,NA,NA,NA,NA,NA,NA,NA,NA,0
2016-06-28,"PD",0.0108238527989592,2.10495138700413,-0.0227729857228784,-0.0982018221935367,-0.458622685185185,-0.495282701110098,0.351598173515982,NA,NA,0.609143354272781,-0.0264262510813172,0.951735224689376,0.16417551244041,NA,-0.114189246508484,0.447582821595382,-0.130328532063423,0.927292031005867,NA,NA,NA,NA,NA,NA,NA,NA,NA,NA,0
2016-06-28,"SMD",0.0517250093940033,26.8249748597952,-0.00059856895238431,-0.0346660449935887,0.1000829363319,0.0981108205812804,-0.0169794459338695,NA,NA,0.783148991110959,-0.0150599871146772,0.987429178665836,0.0674052433744563,NA,-0.139975051243388,0.195703850421085,-0.162609726180296,0.973626720924651,NA,NA,NA,-0.0169794459338695,NA,-0.394651388643143,-0.804352192218752,0.0721020098678427,NA,NA,0
2016-07-14,"ID",0.0918495516765717,22.3483331662091,-0.0586498457966639,-0.0167902780148841,0.200918197900952,0.208634268911738,0.764675517785976,NA,NA,0.709810912926159,-0.190114919974704,0.969392099449216,-0.0980368437567578,NA,-0.173746821089927,-0.0312170552217619,-0.223611347805798,0.939154391142005,NA,-0.00769688674146096,0.132112932927803,NA,NA,NA,NA,NA,NA,NA,0
2016-07-14,"PD",0.0039359464723488,0.765436868001502,-0.208122812385722,-0.127611279114893,-0.505541016989086,-0.56335005942163,-0.528251121076233,NA,NA,0.642551810742831,-0.258117148090546,0.989070504723037,-0.0416160781449825,NA,-0.192664998427527,0.536820493116752,-0.251994007535521,0.960653113800942,NA,0.0386374382625341,0.408462750023348,NA,NA,NA,NA,NA,NA,NA,1
2016-07-14,"SMD",0.0318737895725209,16.5299845081981,0.0067018348252634,-0.0046772752169274,-0.348721404233153,-0.38467453164909,0.067768841396783,NA,NA,0.828479939258269,-0.0246852277251085,0.987199755243123,0.271599281854765,NA,-0.213962696674979,0.15168345880246,-0.303643604742581,0.973656876295478,NA,-0.00969081292873784,-0.0806670256402039,0.0643690194545242,1,-0.461368692690913,-0.600702954612334,0.0347616851577571,NA,NA,0
2016-07-26,"ID",0.0562620870048373,13.6893848914786,-0.138226056726207,0.00775934319597623,-0.0769201050842217,-0.0495804734121828,0.171477442769815,NA,NA,0.784379421961821,-0.13892106105794,0.943982895628931,-0.157109672595012,NA,-0.0542965772034864,0.0951673871380479,0.000191644630256754,0.904858196531799,NA,-0.100202864053878,0.183069231639772,NA,NA,NA,NA,NA,NA,NA,0
2016-07-26,"PD",0.003279955393624,0.637864056667919,-0.427438875319946,-0.109634329604274,-0.518137654693096,-0.567891300046171,-0.00240535503343336,NA,NA,0.818960279868406,-0.65650608013758,0.99140835137826,-0.149828355386641,NA,0.228131068573321,0.494146212502775,0.187379675647105,0.964684325387819,NA,0.327125424975086,0.864279067093377,NA,NA,NA,NA,NA,NA,NA,1
2016-07-26,"SMD",0.0111837858149196,5.79999456428005,0.00364371139812289,-0.162262223924422,-0.657932878245132,-0.762607067546637,-1.15360353281921,NA,NA,-49.6875982422878,-0.0227645940002008,0.509456973137781,0.226399383915575,NA,-0.138816012323211,-0.215894593069031,0.114364494942587,-10.8989647037127,NA,0.00774535022609974,0.411058703015142,-0.74866038495919,-2.86730813749146,-1.26274960088594,-1.1627536132257,-0.526878414677973,NA,NA,2
2016-08-10,"ID",0.0223692635079473,5.44276748697344,-0.160580152780902,-0.0652085120969402,-0.0493369479520879,-0.0634849811422412,-0.767222501469614,NA,NA,0.938042292147248,0.0203099369861097,0.982479132646983,0.261098071356617,NA,0.077005936869818,0.320866563411805,0.0453050750903137,0.970873730787983,NA,0.133653052491915,0.762678952072589,NA,NA,NA,NA,NA,NA,NA,0
2016-08-10,"PD",0.0013119821574496,0.255145622667168,-0.092123019227518,-0.153742434926809,-0.32580473057087,-0.384812990253082,-0.198483242486595,NA,NA,0.165218729407281,-0.158582180169019,0.988835588942288,0.24705699095097,NA,-0.0287378975441513,0.522228259406014,-0.0713978362844501,0.925284175764406,NA,0.312514800280505,-0.845190738583903,NA,NA,NA,NA,NA,NA,NA,0
2016-08-10,"SMD",0.0450147379050515,23.3449781212272,0.0713961998217328,-0.126280975169753,-0.0897737641691359,-0.27216945560129,-0.0654070386942421,NA,NA,-2.45167386772158,0.236261386789532,-7.02848773706683,0.36498531097005,NA,0.0665398730339765,-0.388201657254714,-0.0222477089270789,-5.16266433388026,NA,0.127622075263362,0.509224058406658,-0.0419238064828184,-0.111590278561128,-0.459206620432769,-0.825376224116966,-0.519385361724006,NA,NA,1
2016-08-23,"ID",0.0189799811582584,4.61810574652292,-0.111887433623607,-0.0601211712884274,NA,NA,-1.45550274918926,NA,NA,0.586427140025855,-0.0565853504040349,0.92628293844768,-0.0145719648635347,NA,-0.182775786697014,0.0631398795317279,-0.0478035566692675,0.742743401615073,NA,-0.0287369964653846,-0.252643470749361,NA,NA,NA,NA,NA,NA,NA,0
2016-08-23,"PD",0.000655991078724799,0.127572811333584,-0.00212094432521142,-0.179751509484794,NA,NA,-0.266851704792796,NA,NA,0.806065414988456,0.225868744228724,0.994220839886515,0.49662471031831,NA,-0.157086524258029,0.471774625972784,-0.321079965024991,0.97576399536596,NA,0.278014137659467,0.708493000697137,NA,NA,NA,NA,NA,NA,NA,1
2016-08-23,"SMD",0.00726946077969776,3.76999646678203,0.0817688735325971,-0.1749568355935,NA,NA,0.106004114990552,NA,NA,-1.97367954546345,0.00371752115720008,-0.0169794459338694,0.544350548831505,NA,-0.115296185237716,-0.150874572463403,-0.138524916965495,-1.10403510356469,NA,-0.0154220851528971,0.0408582475912974,-0.597302182070644,0.614907165445271,-0.0762320298986441,-0.207043168060982,-0.176226550117534,NA,NA,2
2016-09-07,"ID",0.0138960576337249,3.38111313584714,-0.329041318378306,-0.059261933620445,-0.11361144694252,-0.1239174418752,-2.0966067228416,NA,NA,-0.0801612946579465,-0.444550911927378,0.973523047247866,-0.344806872348537,NA,-0.108892773584598,-0.0963552591720025,-0.367720113963372,0.579974060161379,NA,0.0145178931776198,0.521844209211359,NA,NA,NA,NA,NA,NA,NA,1
2016-09-07,"PD",0.0003279955393624,0.0637864056667919,0.0755386358754823,-0.128467052183247,0.312306092031142,0.287787213102343,-0.217922164570477,NA,NA,0.174568488619774,-0.0647656541294714,0.994399578259321,0.174807607300102,NA,-0.383895081979792,0.491223669522284,-0.245000534621436,0.908988924670565,NA,0.793825091465984,0.648913228646661,NA,NA,NA,NA,NA,NA,NA,0
2016-09-07,"SMD",0.00503270361671383,2.60999755392602,-0.0224033363121835,-0.096430965147453,-0.294337476643107,-0.335270722905538,0.687027128938712,NA,NA,0.496219715473809,-0.0283348055031664,0.715590493933748,0.411210957164492,NA,-0.148138285654656,0.00947851774597507,-0.0954722337692092,0.625731344391553,NA,0.046132547581132,0.535553704974449,0.435797719089138,1,0.468238580621181,0.336739167946393,0.153202890057957,NA,NA,0
2016-09-21,"ID",0.00948999057912918,2.30905287326146,-0.312766256014996,-0.0330129367601008,-0.350922058635456,-0.361115456069724,-0.121426480772745,NA,NA,0.246753097297244,-0.553704132001409,0.356097568794685,-0.526856786372365,NA,-0.378260385680384,-0.0176201183116302,-0.294933324992191,0.333379157157885,NA,0.0380447927375112,0.273841603914587,NA,NA,NA,NA,NA,NA,NA,1
2016-09-21,"PD",0.0003279955393624,0.0637864056667919,0.16987736270471,-0.134187239198887,-0.299435768067939,-0.343578450033265,-1.06337739053164,NA,NA,0.572730745940165,0.211626037198801,0.850955307387264,0.383196181324016,NA,-0.435872992587265,0.621691257947047,0.322655975090774,0.832541012471949,NA,0.801279167235503,0.37210974914805,NA,NA,NA,NA,NA,NA,NA,1
2016-09-21,"SMD",0.00335513574447589,1.73999836928401,-0.0719513078762409,-0.182038937158738,-1.37051324088183,-1.53221056672125,NA,NA,NA,0.788520256672477,-0.0815826640186044,0.83429408388937,0.203064024149549,NA,-0.188675763438528,0.0494496522416924,-0.236413072056085,0.811771425112174,NA,0.169304694913183,0.437093305387123,NA,NA,NA,NA,NA,NA,NA,0
2016-10-05,"ID",0.0210135505680717,5.11290279079323,-0.398108045620828,0.00658549046631168,-0.203268434339839,-0.193414919398026,-0.300597435840177,NA,NA,0.0847109170291125,-0.467808614924237,0.467719466957322,-0.43330357692932,NA,-0.516811944758061,0.00453818649140326,-0.596711978353283,0.430404878955997,NA,0.00485782182388706,-0.137849990653788,NA,NA,NA,NA,NA,NA,NA,1
2016-10-05,"PD",0.0013119821574496,0.255145622667168,0.187372137039321,-0.176502031216592,0.155051258666151,0.120976095130127,0.071747962876637,NA,NA,0.388421148007432,0.439341770479206,0.940298101710804,0.459163606538638,NA,-0.465016691514281,0.798564895129742,0.33175312689754,0.919446288040204,NA,0.843953520336563,0.730917444470667,NA,NA,NA,NA,NA,NA,NA,1
2016-10-05,"SMD",0.000838783936118972,0.434999592321003,-0.0689418993757461,-0.178404754812261,-0.5399338656154,-0.608246565662863,0.612834140853117,NA,NA,0.922370029946517,-0.124843008580762,0.955297606772138,0.39657844596739,NA,-0.148541200762138,0.188620826069071,0.0341759461856199,0.941516204770564,NA,0.127937481089504,0.508914643240929,0.400217877450306,1,-0.243444213862356,-0.692594914662495,0.00188159937680335,NA,NA,1
2016-10-19,"ID",0.0566010152398062,13.7718510655237,0.14938669737795,0.045035726040368,-0.0997454810046709,-0.0742848162605915,-0.530186717393358,NA,NA,-2.41137634794017,0.349039319145716,-0.439064255626305,-1.37433743989303,NA,0.367411763775894,-0.0355087411202372,0.125093723260863,-0.490137189586681,NA,-0.166539174836956,0.260584038564097,NA,NA,NA,NA,NA,NA,NA,1
2016-10-19,"PD",0.0003279955393624,0.0637864056667919,0.118159322356524,-0.171870961389344,-0.477273240235893,-0.525485277750691,0.874040529892035,NA,NA,0.949705642782177,0.153349391865161,0.743401187795342,-0.664564538849432,NA,-0.96354929615717,0.597237495721204,0.011219572998696,0.753750577662451,NA,0.757144799887307,0.488704082199142,NA,NA,NA,NA,NA,NA,NA,0
2016-10-19,"SMD",0.00391432503522187,2.02999809749802,-0.209796018736767,-0.230692517905479,-0.498193858090317,-0.575715188956825,0.878327483988233,NA,NA,-0.423319659110037,-0.00390506347774362,-0.0169794459338695,0.0783848732548807,NA,-0.113328829327862,-0.115774710815251,-0.111285687809597,-0.219044831287479,NA,0.226708709622973,-0.742514963813991,0.878327483988233,NA,0.277006659649154,0.351472045791181,0.0483615036218166,NA,NA,2
2016-11-02,"ID",2.26742989194194,551.698704361399,-0.015261776267467,0.0581270182992465,0.0234778357832437,0.0378648254572978,-0.211007931781024,NA,NA,-0.260029476708312,-0.0075396357494449,-0.0410466956732735,0.0166308633575208,NA,0.0605845337491931,-9.33961730584371e-05,0.0103239511458041,-0.0605972012671799,NA,-0.0695495608085638,-0.369720700518847,NA,NA,NA,NA,NA,NA,NA,0
2016-11-02,"PD",0.0137758126532208,2.67902903800526,-0.351179903577772,-0.0303968268678294,0.494264663084447,0.494979447305864,0.228684935601048,NA,NA,-0.00338626509443896,-0.431446274764461,0.30757306425909,-1.2711446281305,NA,-0.160901324893788,0.168358271437691,0.0263780321863059,0.291501712142654,NA,0.0753899632888168,0.539341064945917,NA,NA,NA,NA,NA,NA,NA,1
2016-11-02,"SMD",0.704578506339936,365.399657549643,-0.0670914766030747,-0.155087765752049,0.0251879945072909,-0.00377192066200109,0.264384867669734,NA,NA,0.705249545878254,-0.0289109647246566,-0.157661602621388,-0.036509561034306,NA,-0.0255060115422922,-0.0538262525905285,-0.0545701621288944,-0.0491998548026131,NA,0.234942957919526,-1.10635108218696,-0.362092484161037,0.777296855459462,0.150424692049643,-0.050878759564906,-0.0534056936700644,NA,NA,0
2016-11-16,"ID",1.80648749238423,439.544707660128,0.0573230028677241,-0.00306259609596971,0.0216122782377329,0.023918214588982,-1.19777993849354,NA,NA,0.122048366697227,0.111058504115564,-0.687316566038065,0.0788403486476734,NA,-0.0490321177726349,-0.240006706948814,-0.0978064334344225,-0.642298097378001,NA,-0.246138132236495,-0.119926719646249,NA,NA,NA,NA,NA,NA,NA,0
2016-11-16,"PD",0.0964306885725455,18.7532032660368,-0.787043420255715,0.0558081382132306,0.216503601459423,0.227686218697615,0.154194806485871,NA,NA,-0.48578051098104,-0.980761331964636,-1.29129778106271,-0.865951644325446,NA,0.236614105594927,-0.359066417088267,0.347482816429991,-1.25031814654037,NA,-0.225135675149183,-0.404028435617816,NA,NA,NA,NA,NA,NA,NA,1
2016-11-16,"SMD",1.16311372475164,603.199434685125,-0.110252708726621,0.0314481467296481,-0.0709672436809761,-0.061068150237361,0.134570432670988,NA,NA,0.0741311204860632,-0.117414030541528,0.0712336883266928,-0.0662214183165771,NA,-0.0506979658839707,0.0434816394301325,0.0291747995043384,0.0714530126423104,NA,0.0998592133927646,-0.473757430373774,0.0969559478245665,0.153720007391776,-1.1342275058991,-1.50777887049518,-0.155523464422419,NA,NA,1
2016-12-14,"ID",1.8166553394333,442.018692881479,-0.0177810353019572,0.0951664374854059,0.00142499572889581,0.00490618579132107,-1.95686472234475,NA,NA,-0.465629180278337,0.235824396696463,0.197226507222173,0.124447760806811,NA,0.161451761714667,0.103001222847513,0.0809726570706911,0.15885361973683,NA,-0.0987536064717586,-0.508499518523599,NA,NA,NA,NA,NA,NA,NA,1
2016-12-14,"PD",0.60679174782044,118.004850483565,-0.194167495993331,0.197337017962568,0.0549391555430775,0.0632624766650047,0.0527281317341354,NA,NA,-0.351811816520981,-0.243137360649393,-0.197721857562295,-0.0951267097688404,NA,0.0294689362532853,0.0442991771613779,0.129966112680338,-0.210468187459638,NA,-0.196361477266031,0.0985523941018595,NA,NA,NA,NA,NA,NA,NA,1
2016-12-14,"SMD",0.791252846405563,410.349615422813,-0.103036198273917,-0.0169794459338695,0.0125233707570448,0.015187787149197,NA,NA,NA,-0.0361727681936358,-0.0532633109203217,-0.0832655078079494,0.0031885088075855,NA,0.0227827022470181,0.00804927529641212,0.0663277756384458,-0.0788832950365803,NA,-0.0806597996871276,-1.2859195897145,NA,NA,0.050735739035615,0.0722656843841318,0.0141000965615067,NA,NA,0
2017-06-21,"ID",6.60910058189353,1608.09039387852,-0.0129089072485496,-0.0262343976114435,-0.0170911349246739,-0.0607865687482985,0.762024663456814,NA,NA,-0.120963205508948,-0.0648563698103042,0.0924637751777938,-0.0490656889586642,NA,0.00260284978359713,0.0735633603699882,0.0783043258076537,0.0432023420807814,NA,-0.0988722130748098,-0.462870025216046,NA,NA,NA,NA,NA,NA,NA,0
2017-06-21,"PD",0.957746974938207,186.256304547032,-0.0798982550314924,-0.0190759753593428,0.499071986070723,0.503115503852175,-0.0940077822954648,NA,NA,-0.363101774357454,-0.169581925588984,-0.804054546337672,-0.150168853067302,NA,-0.0792792481762664,0.032046302441921,0.190281103722392,-0.661984930452563,NA,-0.102632113457136,-4.1039071528663,NA,NA,NA,NA,NA,NA,NA,0
2017-06-21,"SMD",1.74467058712746,904.799152027687,-0.00501498186405925,-0.0211645465344203,-0.0373700112658768,-0.0382997697479966,0.186416443252904,NA,NA,0.0109278417634551,-0.0228108452420491,-0.104754457636495,-0.0138128853431473,NA,-0.0206968609454535,0.0661351130554281,0.0889932105667047,-0.0446828933232933,NA,-0.0570744923455431,-0.24974858336196,0.0327824873226188,0.917296427792798,0.198284832903623,0.0674370193306929,0.0663595281564726,NA,NA,0
2017-07-26,"ID",2.62669382100897,639.112848849154,-0.0131612434788775,0.0685196413643653,0.164034209107019,0.196607262123521,-0.463841731181364,NA,NA,-0.0244913705808923,-0.0333551927298061,-0.0944204124649958,-0.0945538423446717,NA,-0.0306864813292043,-0.0487789686618991,-0.0374424129100528,-0.084524602916104,NA,NA,NA,NA,NA,NA,NA,NA,NA,NA,0
2017-07-26,"PD",0.148909974870529,28.9590281727235,-0.379974164486105,-0.0368409852636059,0.526528850111947,0.528863251940842,-0.337556329873131,NA,NA,-0.224895375398643,-0.600284210203568,-0.491887799611603,-2.18840569744935,NA,0.0857924468898145,-0.137604620973054,0.144124952629134,-0.459504481003265,NA,NA,NA,NA,NA,NA,NA,NA,NA,NA,1
2017-07-26,"SMD",1.17709345702029,610.449427890475,0.0328161578218379,-0.0280335703461943,0.057017192856095,0.0526033582616058,0.504389955865612,NA,NA,-0.332389839436436,-0.0140917047078197,0.0260710372042054,-0.203995205987815,NA,0.048426744213007,-0.0351708835989314,-0.0358207796222376,-0.0331976180893599,NA,NA,NA,0.307550720663222,0.727322062122266,0.164344212516987,0.205430779577134,0.035132567008947,NA,NA,0
2017-08-30,"ID",0.106423465780234,25.8943786501464,-0.115650359046782,-0.0735687636776789,0.16613269825468,0.147571974681051,0.485608555506915,NA,NA,-0.275259274668103,-0.102196193500245,0.57414934265014,0.0687604327890608,NA,-0.157390758833187,0.0700687906236017,-0.219827284140799,0.526785515812045,NA,-0.176610107185591,0.492950639285483,NA,NA,NA,NA,NA,NA,NA,0
2017-08-30,"PD",0.00852788402342239,1.65844654733659,-0.295054988486077,-0.147564226166846,0.436187906939007,0.41722245117428,-0.0954667043675171,NA,NA,-0.400826102193486,-0.137696662783586,0.663788217541563,0.66464594185993,NA,0.187813301791227,0.461194290486935,0.166532786300211,0.628002171732355,NA,0.322180136865256,0.689837104371788,NA,NA,NA,NA,NA,NA,NA,0
2017-08-30,"SMD",0.0411004128698296,21.3149800237292,0.396894362007463,-0.300787663403786,-0.463302713741837,-0.594599191660659,0.106938217216492,NA,NA,0.383525754718588,0.027463735073439,0.109686257511786,-0.00494611062860792,NA,-0.116446795015807,-0.155973383210121,-0.257554168251984,0.191227320994287,NA,0.299692568657195,0.618588274801478,0.368394710629245,-0.717779175139312,0.0361905464705369,-0.115838337164785,-0.143357106557399,NA,NA,0
2017-10-11,"ID",0.223353706844505,54.3452086956893,-0.00719551867129476,-0.026850747033461,0.0675643852625719,0.0643345932177622,-4.82651768044191,NA,NA,-0.176856639491469,-0.00382789452097722,0.118168444648208,-0.00864610414308774,-0.280057682802009,-0.0271072624465941,-0.0240980154034948,-0.0418359026721444,0.064268159517717,NA,-0.0197600956505458,0.44580172311255,NA,NA,NA,NA,NA,NA,NA,0
2017-10-11,"PD",0.05739921938842,11.1626209916886,-0.0413807505107428,-0.0666270582244102,0.572474441171374,0.567567818116505,0.726995234166527,NA,NA,0.140353612097661,-0.0640718687006062,0.547090542168815,0.0920186978687252,-0.055246328754145,-0.0912437421707638,0.110322183280043,-0.0874778341326864,0.501387917105252,NA,0.177023594309095,0.0328027812379056,NA,NA,NA,NA,NA,NA,NA,0
2017-10-11,"SMD",0.0262818966650611,13.6299872260581,0.0229290844207749,-0.19061008304453,-0.305431797871476,-0.383818460360015,0.87687512995961,NA,NA,-6.11031896554066,0.0203894113550969,-0.0169794459338694,-0.170385413485932,NA,-0.0948937983726299,-0.475333241709046,-0.432295935246944,-3.4021679662397,NA,-0.246264190466061,0.917600952185202,0.749728731780521,1,0.791297351701235,0.690944140338944,0.250288208411309,NA,NA,2
2017-11-08,"ID",3.02662913827227,736.422934222315,-0.0191795400520601,-0.0460522558908576,0.0284842962166925,0.0228174154142996,0.713574420311366,NA,NA,-0.0883618371272883,-0.0154071614670938,0.114062964402478,0.0308643259626763,-0.040412058047038,0.00423742015436486,-0.0390360694728156,-0.0390736280389171,-0.0370926017869339,NA,-0.00711105527822015,-0.645792495040002,NA,NA,NA,NA,NA,NA,NA,0
2017-11-08,"PD",0.370634959479512,72.0786384034748,-0.0919106877434334,-0.160973837209302,0.436011460082254,0.42204367902423,-2.18493695935481,NA,NA,-0.302710839627687,-0.107801607724931,0.366787853535959,0.0617779473584148,-0.00944300213886173,-0.0715922498010217,0.0645576184664742,-0.0625311064249047,0.320783424820188,NA,0.064909840726252,-1.96711523807757,NA,NA,NA,NA,NA,NA,NA,0
2017-11-08,"SMD",0.461331164865435,239.249775776552,-0.00939004708361672,-0.0805406613047364,0.0805185835435664,0.0684810117076322,-0.0568821388387106,NA,NA,0.0254045104422807,-0.0121177890777927,0.131496360144388,0.00535592694852567,NA,-0.0278285924648702,0.0411517791880134,0.031228111999065,0.100282971202806,NA,0.0416164348774519,-0.115803775331146,-0.227906318035237,0.075380504710758,0.0293528451599485,-0.0699231458309385,0.00400501517981925,NA,NA,0
2017-12-04,"SMD",0.450147379050515,233.449781212272,-0.0371357953127389,-0.152576705391719,-0.000836915046030079,-0.0195540774425629,NA,NA,NA,0.101293081947802,-0.0134817548903972,-0.00609959825777507,-0.0109057386935702,NA,-0.0228104823915718,-0.081530040075503,-0.136030710845997,0.0128543742482233,NA,NA,NA,NA,NA,NA,NA,NA,NA,NA,0
2017-12-13,"ID",2.59280099751208,630.866231444649,-0.0206154354898531,-0.263209366765369,-0.0017746646683308,-0.00741024254575108,NA,NA,NA,-0.145692817614657,-0.0517670145203637,-0.183867327740184,-0.0587015106423794,0.0452124598466062,-0.0621202058188982,-0.114670791759312,-0.0912529539730199,-0.179534091677674,NA,-0.0321911671977944,-0.608360037811195,NA,NA,NA,NA,NA,NA,NA,0
2017-12-13,"PD",0.688790632661039,133.951451900263,-0.211735924183587,-0.226193331734229,0.067906877803074,0.062538771435702,NA,NA,NA,-1.38592612350168,-0.0698710715936134,-0.0621703591186884,0.0352676738522907,0.0220873671968315,0.0149230804015414,-0.162827289785959,-0.15016064310563,-0.187915264509802,NA,-0.0663184431529973,-37.4859535505088,NA,NA,NA,NA,NA,NA,NA,0
2017-12-13,"SMD",0.933846115545788,484.299546117384,-0.0243090275261857,-0.0169794459338694,-0.0316916259835457,-0.0366375537805293,0.0236997320987454,NA,NA,-0.068120428363813,-0.0189519693394734,-0.00170805115682394,0.018244452724357,NA,-0.0160873121806132,-0.0408035961340779,-0.0595937211361812,-0.0121180587681023,NA,-0.0094326900717379,-0.0123082806540033,0.0236997320987454,NA,-0.142947950446249,-0.13882733292921,-0.0524152562524887,NA,NA,0
2018-01-03,"ID",NA,NA,NA,NA,NA,NA,NA,NA,NA,NA,NA,NA,NA,NA,NA,NA,NA,NA,NA,NA,NA,NA,NA,NA,NA,NA,NA,NA,3
2018-01-03,"PD",0.373914914873136,72.7165024601427,-0.277627965328231,-2.44165170556553,NA,NA,NA,NA,NA,-1.45615649145077,-0.345812173461549,-3.72771520219894,-0.242566650756776,-0.865939250073912,-0.0711968488348319,-0.461972129927191,0.158891037389048,-3.20252647637297,NA,-1.03025919074391,0.753552114764819,NA,NA,NA,NA,NA,NA,NA,1
2018-01-03,"SMD",0.374656824799807,194.299817903381,-0.0739302949061662,NA,NA,NA,-0.0565286466824454,NA,NA,0.0329143432235415,-0.0234555279009274,0.0199856226331772,0.011856442062203,0.125255441609329,-0.0409737732096129,-0.0608721116862127,-0.172481705944687,0.0256537151122832,NA,0.271837694633197,0.877284480228183,NA,NA,NA,NA,NA,NA,NA,0
2018-02-13,"ID",11.7947025769177,2869.82285676781,0.0115609138527234,0.0869462770970782,-0.0135119943962533,-0.0155502923463622,0.258765355907263,NA,NA,-0.0465022514296068,0.00781523058531611,0.0549416796067757,0.0241947952459845,-0.0777791837280748,-0.0397540048718143,-0.0275537427427267,-0.150290467982415,0.0515470972914465,NA,0.127682597751263,-0.314226027052665,NA,NA,NA,NA,NA,NA,NA,0
2018-02-13,"PD",2.63052422568645,511.566973447671,-0.0390039559254721,-0.887740029542098,-0.0656369223154813,-0.0651383573006086,-0.597173899495317,NA,NA,-0.382260002725051,-0.0443287519773297,-0.176562485024488,-0.00649958995752977,-0.116271963624413,-0.0568869503010466,-0.0998347552225645,-0.0331747855222446,-0.188904839907003,NA,-0.0631793185500662,-1.48853549514454,NA,NA,NA,NA,NA,NA,NA,0
2018-02-13,"SMD",5.34025772662412,2769.49740444372,0.0328724876903399,-0.0169794459338695,-0.0159532305494761,-0.0154948044069587,-0.368684837732506,NA,NA,-0.239032686403484,0.00985031290992916,-0.0735575450765205,0.0342022427345273,0.778045176411474,-0.0536998562679937,-0.0200341908569303,0.0688978145841554,-0.0791018996737467,NA,-0.0227971130506925,-0.565345008206252,NA,NA,NA,NA,NA,NA,NA,0
2018-03-06,"ID",20.4034797451277,4964.46367751214,-0.160462757039338,-0.0348830042936089,-0.0324673172833165,-0.0319534019768112,0.0894493616354665,NA,NA,0.245092979775419,0.0441104514473637,0.132228867267034,0.0249669581267937,0.285724032253315,0.0566162929516207,0.0555752415162067,0.0128011524616771,0.137544723602302,NA,-0.0635114923395361,-0.0815158051833391,NA,NA,NA,NA,NA,NA,NA,0
2018-03-06,"PD",2.80108190615489,544.735904394403,-0.00579257677318987,-0.000906842539158988,0.0233711489960877,0.026733193277311,0.246817538896747,NA,NA,0.658489002800859,-0.210419050741013,-0.511705132828465,-0.279492714198812,-0.00439887367851114,-0.0778076669533397,-0.0144085472103749,0.137583351292748,-0.303754798580059,NA,-0.0270525882521777,-0.441432248458411,NA,NA,NA,NA,NA,NA,NA,1
2018-03-06,"SMD",6.37475791450419,3305.99690163963,-0.0234296326945493,-0.045228874987588,0.00383896647009904,0.00226070574596058,-2.38993148644623,NA,NA,-0.271033461000962,-0.00928761996856561,-0.117836911646319,-0.00606822744273842,-0.12440685219449,-0.00344495371528819,0.0345429949925594,0.205075721836104,-0.121835081865076,NA,-0.0496494858806921,-0.0428829699017949,NA,NA,NA,NA,NA,NA,NA,0
2018-04-10,"ID",11.998059517899,2919.30256119484,-0.0243478757664215,-0.0475450275402967,-0.0312967230177574,-0.0364914068953486,0.543401950556784,NA,NA,0.024246887927912,0.273957347744643,0.327217308744102,0.234728736279735,NA,-0.0229972869424457,0.0734241057368135,-0.0216313020859058,0.297186098238658,NA,-0.0188232807510827,-0.348476340456492,NA,NA,NA,NA,NA,-0.0288555295211778,-0.0329554511099384,1
2018-04-10,"PD",2.26972913238781,441.4019272142,-0.0283645901546332,-0.00483488628629086,0.0753451894399648,0.0800802815605449,-0.280167459077805,NA,NA,-1.44595894760251,-0.0267235560951163,0.553268341942751,-0.0265734842141286,-2.29551924285556,-0.0750991999552943,-0.0438420067453886,NA,0.508998063367476,NA,0.00618321774935084,-1.58047405021526,NA,NA,NA,NA,NA,-0.0846165744687782,-0.148902068600847,0
2018-04-10,"SMD",3.80248717707267,1971.99815185522,-0.0152439861285215,-0.0473370413348806,0.0113644628156811,0.0133370145140236,0.248319539717626,NA,NA,0.461047752083984,-0.0629653179658378,-0.150612765235843,-0.0166739287405501,NA,-0.00085226046062495,0.0406244519963977,0.171667962697135,-0.110253993931228,NA,-0.181205381825633,-0.227396323119221,NA,NA,NA,NA,NA,0.0107269749559046,0.0735011919236681,0
2018-05-08,"ID",9.28663363814784,2259.57316883443,-0.0256702949470362,-0.0191728901077498,-0.0242928841693067,-0.0248524813115779,-0.174409284427573,NA,NA,-2.56058233812648,-0.0410603582009763,-1.98408123301686,-0.0307697951407266,NA,-0.026700591374908,0.0115582716399372,0.0480314118742909,-2.18231827893732,NA,-0.055387448823941,-0.289506251744504,NA,NA,NA,NA,NA,-0.0159910442128844,0.0224639172185947,0
2018-05-08,"PD",1.84005497582306,357.841735790702,-0.0775132048413537,-0.0259133031011465,0.28781566114599,0.28994214343391,-0.075908516913573,NA,NA,-0.436323617898901,-0.0649001637580852,0.620373896918799,-0.00994146469157675,-0.165091994032819,-0.0130814578624668,0.118840187335868,-0.0236587602316459,0.49932134202742,NA,0.048362697205792,-3.93123756485043,NA,NA,NA,NA,NA,-0.0368995888175443,-0.10000299604399,2
2018-05-08,"SMD",2.48559639736589,1289.04879191124,-0.0188627412041174,-0.0400926151596392,0.0619828135897777,0.0521230035975345,0.198575980106461,NA,NA,0.0840755160439282,-0.0467454659258798,-0.0418216919414145,-0.055590313895888,-20.6955615132559,-0.00383271543870327,-0.0305782064317225,-0.0331506486181996,-0.0153982974199678,NA,-0.14291286165346,-0.234903612799685,NA,NA,NA,NA,NA,-0.0191201769610897,-0.0488470851025253,0
2018-06-05,"ID",2.36910836243261,576.438556574914,-0.0358979564479249,-0.0234001494584383,0.143094615037833,0.143362978584702,0.444774860003251,NA,NA,-7.80869159498819,-0.027698402747439,-0.0898113539824201,-0.0189787665697481,-0.00792018849601604,-0.0583482831136237,-0.134440759757746,-0.0949232964412554,-0.262775479068724,NA,-0.0429025234597123,-2.01581926329277,NA,NA,NA,NA,NA,-0.0160866671350378,0.0622641177639341,0
2018-06-05,"PD",0.18728545297593,36.4220376357382,-0.121784739112773,-0.0864496196333321,0.443840082733522,0.434064593471491,-0.174583538748733,NA,NA,-0.658709697231571,0.117896900311862,0.224023651679793,0.081650761326386,0.132544055179375,-0.0109482265988154,-0.0308975323547766,-0.165205886959118,0.113469814195397,NA,0.0922053814672393,-0.614473295380293,NA,NA,NA,NA,NA,-0.0494277726627445,-0.093305109244941,0
2018-06-05,"SMD",0.88072313292492,456.749571937054,-0.020324773058652,-0.0541860110290111,0.049387734798859,0.0364453654847954,-0.603564860060108,NA,NA,0.296218834324977,0.367179623679838,0.232037951107882,0.366682283486775,0.369407622105039,0.284012493367503,0.295760101731254,0.327623395625325,0.253062346434118,NA,-0.0515432049608661,-0.0881680070559435,NA,NA,NA,NA,NA,-0.0131828781958558,-0.302327084542582,1
2018-07-11,"ID",2.34538338598478,570.665924391761,-0.00123557643159796,-0.0134005047996512,0.196592347403473,0.191392091439925,-6.96289105393503,NA,NA,-0.665634419455401,-0.0851701144340122,-0.108005999938389,-0.161712779513347,-0.113720975183414,0.0864685949013603,0.0879387522984079,0.143606803607874,-0.250088150941297,NA,-0.0856039691394138,0.4514714065616,NA,NA,NA,NA,NA,NA,NA,0
2018-07-11,"PD",0.163013783063113,31.7018436163956,-0.0970564703739171,-0.0984429934706177,0.431494661921708,0.416411708297183,0.183746881758756,NA,NA,-2.75051964234088,-0.117569572074471,0.346013065260569,-0.0236745895701318,-0.120729574497685,-0.0934521929196462,8.97071654470871e-05,-0.126298895443566,0.212925579745941,NA,-0.221357316950711,-0.210642708078599,NA,NA,NA,NA,NA,NA,NA,0
2018-07-11,"SMD",0.399820342883377,207.349805673012,-0.00912025392510685,-0.054186011029011,0.0435100378391489,0.0239516153575866,0.1476743690725,NA,NA,-1.70459094532007,-0.851475720746557,-0.658415085296628,-0.727403837434999,-0.828319665667876,-0.419781212969241,-0.446719555107689,-0.319054147804812,-0.710140518565471,NA,-0.11317090718426,0.112863150911847,NA,NA,NA,NA,NA,NA,NA,1
2018-08-07,"ID",1.10490604599861,268.83972738687,-0.0101502293921857,-0.0549048027621373,0.0269494641495898,0.00716226228698432,0.432256161437659,NA,NA,NA,NA,NA,NA,NA,NA,NA,NA,NA,NA,-0.100345482750361,0.701789321379207,NA,NA,NA,NA,NA,-0.0300462580341363,-0.0394380829806051,0
2018-08-07,"PD",0.0370634959479512,7.20786384034748,-0.397596196774185,-0.00273794516230671,0.432746048281172,0.426691228581625,0.393222392246977,NA,NA,NA,NA,NA,NA,NA,NA,NA,NA,NA,NA,-0.0579017354082063,0.842164833176007,NA,NA,NA,NA,NA,-0.0515789222325845,-0.124572548182173,0
2018-08-07,"SMD",0.222277743071528,115.274891965066,0.0346284662478492,-0.0556478659313549,-0.236503643514308,-0.258602222095463,-0.359232144028231,NA,NA,NA,NA,NA,NA,NA,NA,NA,NA,NA,NA,-0.00205078589975764,0.151371881434178,NA,NA,NA,NA,NA,-0.0214078964061653,-0.0457652058111338,0
2018-09-05,"ID",0.993059728458874,241.625889952003,-0.00974236029576677,-0.0668044881725781,0.0425010133849455,0.0255651470679947,-1.00218947052024,NA,NA,NA,NA,NA,NA,NA,NA,NA,NA,NA,NA,-0.0568000949785301,-0.339065989389496,NA,NA,NA,NA,NA,-0.0163941874613634,0.0374323615932413,0
2018-09-05,"PD",0.0232876832947304,4.52883480234222,-0.0755420531229606,-0.0689056166763171,0.280115709777541,0.269546094151549,-4.80857167214756,NA,NA,NA,NA,NA,NA,NA,NA,NA,NA,NA,NA,0.354533823035665,0.776493776229497,NA,NA,NA,NA,NA,-0.0397109900187722,-0.118045257438154,0
2018-09-05,"SMD",0.271206806011801,140.649868183791,0.023022771304074,0.00411971269546391,0.1153105632933,0.118850000612093,0.673175836307068,NA,NA,NA,NA,NA,NA,NA,NA,NA,NA,NA,NA,-0.0141403848627766,-0.234932125289389,NA,NA,NA,NA,NA,-0.0177211545216972,-0.032706463852209,0
2018-10-17,"ID",5.18560199502416,1261.7324628893,-0.0563850609791369,-0.0408562113297024,-0.021769453653597,-0.0252667131415898,-0.358059164179878,NA,NA,NA,NA,NA,NA,NA,NA,NA,NA,NA,NA,-0.0538016997050499,-0.289166435632712,NA,NA,NA,NA,NA,-0.0139846547461142,-0.00322109726766232,0
2018-10-17,"PD",0.701910454235535,136.502908126935,-0.052088826104694,-0.118118893138637,0.235455854959719,0.223995114542067,-0.34158488359715,NA,NA,NA,NA,NA,NA,NA,NA,NA,NA,NA,NA,0.0572548052604985,-1.21225786107851,NA,NA,NA,NA,NA,-0.0671945283497125,-0.20938966639583,0
2018-10-17,"SMD",2.05781658994521,1067.19899982753,0.0296411470033975,-0.0463153914896541,-0.0723150922567418,-0.078867997742345,-0.277881952161335,NA,NA,NA,NA,NA,NA,NA,NA,NA,NA,NA,NA,-0.158589507081593,-0.0513368595859116,NA,NA,NA,NA,NA,-0.0183614167153683,-0.0537353853894993,0
2018-11-13,"ID",20.0984443336557,4890.24412087159,-0.0430501469981432,-0.021727928694894,-0.125372985376389,-0.127224179090791,-0.0150814137387293,NA,NA,NA,NA,NA,NA,NA,NA,NA,NA,NA,NA,NA,NA,NA,NA,NA,NA,NA,NA,NA,0
2018-11-13,"PD",3.90314691841256,759.058227434823,-0.167069996803799,0.0552665044707723,-0.0502649569908054,-0.0397345678841529,-0.129846099217316,NA,NA,NA,NA,NA,NA,NA,NA,NA,NA,NA,NA,NA,NA,NA,NA,NA,NA,NA,NA,NA,0
2018-11-13,"SMD",7.40925810238425,3842.49639883553,-0.0431902563960826,-0.0540669881080413,-0.00191308377188619,-0.00555271058629786,0.246038782429472,NA,NA,NA,NA,NA,NA,NA,NA,NA,NA,NA,NA,NA,NA,NA,NA,NA,NA,NA,NA,NA,0
2019-01-07,"ID",9.11716952066339,2218.3400818119,0.886303688243358,-0.826107445805844,-0.0294013687017673,-0.0384306850354981,0.205641920720051,NA,NA,NA,NA,NA,NA,NA,NA,NA,NA,NA,NA,NA,NA,NA,NA,NA,NA,NA,NA,NA,0
2019-01-07,"PD",1.83349506503581,356.566007677367,-0.0352142880047887,-0.00313971742543164,0.0110286786432934,0.00827240298772194,-0.391697975911007,NA,NA,NA,NA,NA,NA,NA,NA,NA,NA,NA,NA,NA,NA,NA,NA,NA,NA,NA,NA,NA,0
2019-01-07,"SMD",2.991662705491,1551.49854594491,-0.0147589667942758,-0.0169794459338695,-0.0556197320768703,-0.0169794459338695,-1.83466929149743,NA,NA,NA,NA,NA,NA,NA,NA,NA,NA,NA,NA,NA,NA,NA,NA,NA,NA,NA,NA,NA,0
2019-02-06,"ID",8.20206328624736,1995.68141189026,-0.027339695675478,-0.217404963870562,-0.0164684208219367,-0.0181379096051836,-0.688469496447907,NA,NA,NA,NA,NA,NA,NA,NA,NA,NA,NA,NA,NA,NA,NA,NA,NA,NA,NA,NA,NA,0
2019-02-06,"PD",1.67605720614186,325.948532957306,-0.0806999586074137,0.627187864644107,-0.0194538759617011,-0.0176873248495427,-0.074436462256824,NA,NA,NA,NA,NA,NA,NA,NA,NA,NA,NA,NA,NA,NA,NA,NA,NA,NA,NA,NA,NA,0
2019-02-06,"SMD",2.43247341474502,1261.49881773091,-0.0227359333636839,-2.05093833780161,0.0205401841102928,0.0146216102957141,NA,NA,NA,NA,NA,NA,NA,NA,NA,NA,NA,NA,NA,NA,NA,NA,NA,NA,NA,NA,NA,NA,0
2019-03-06,"ID",9.01549105017272,2193.60022959839,-0.027754695272024,-2.44138543516874,-0.021002547742961,-0.0269054206928388,NA,NA,NA,NA,NA,NA,NA,NA,NA,NA,NA,NA,NA,NA,NA,NA,NA,NA,NA,NA,NA,NA,0
2019-03-06,"PD",1.31854206823685,256.421350780503,-2.35987422748238,0.0561299852289512,-0.026180161338512,-0.0256438969764835,NA,NA,NA,NA,NA,NA,NA,NA,NA,NA,NA,NA,NA,NA,NA,NA,NA,NA,NA,NA,NA,NA,0
2019-03-06,"SMD",2.31783961014209,1202.04887344704,-0.113017977084454,-2.05093833780161,0.000135354307710248,-0.00389090737616206,NA,NA,NA,NA,NA,NA,NA,NA,NA,NA,NA,NA,NA,NA,NA,NA,NA,NA,NA,NA,NA,NA,0
2019-04-17,"ID",9.45609775563229,2300.80625585695,-0.0219101118080504,-0.0164294130627574,-0.0135778836184588,-0.0142916972044812,NA,NA,NA,NA,NA,NA,NA,NA,NA,NA,NA,NA,NA,NA,NA,NA,NA,NA,NA,NA,NA,NA,0
2019-04-17,"PD",2.17133047057909,422.266005514162,-0.0691092068636876,-0.00542764345001787,0.160193172722372,0.168957506612413,NA,NA,NA,NA,NA,NA,NA,NA,NA,NA,NA,NA,NA,NA,NA,NA,NA,NA,NA,NA,NA,NA,0
2019-04-17,"SMD",3.41105467355049,1768.99834210541,-0.0134016818320792,-0.000169868315127895,0.0469321620244885,0.0504180084712155,NA,NA,NA,NA,NA,NA,NA,NA,NA,NA,NA,NA,NA,NA,NA,NA,NA,NA,NA,NA,NA,NA,0
2019-05-08,"SMD",3.43901413808778,1783.49832851611,NA,NA,NA,NA,NA,NA,NA,-0.062944492488017,-0.0236869235838685,0.0173358114442673,-0.0251249048283044,0.0805905378088634,0.0184801015331578,0.00217617400466582,0.000623403642595012,0.00647185514186552,NA,NA,NA,NA,NA,NA,NA,NA,NA,NA,0
2019-06-05,"ID",4.10103164312368,997.84070594513,-0.022226069665299,0.0460121837490252,0.128946970378634,0.153710131850459,NA,NA,NA,NA,NA,NA,NA,NA,NA,NA,NA,NA,NA,NA,-0.4787911957537,NA,NA,NA,NA,NA,NA,NA,0
2019-06-05,"PD",1.07254541371505,208.581546530409,-0.0763396184039934,-0.0368607512778214,0.263735023987512,0.265522373459292,NA,NA,NA,NA,NA,NA,NA,NA,NA,NA,NA,NA,NA,NA,-1.74885921118164,NA,NA,NA,NA,NA,NA,NA,0
2019-06-05,"SMD",1.16590967120537,604.649433326195,-0.00906520900053192,-0.0224470773636214,0.0644453789856725,0.0638813051189765,NA,NA,NA,-0.101948943047652,-0.0713845374237183,-0.0847780756627939,-0.0904566712489911,-0.160667899886117,-0.0725573682569122,-0.05627998192573,-0.0397069511729766,-0.0900089360997183,NA,NA,-0.162382991103851,NA,NA,NA,NA,NA,NA,NA,0
2019-07-09,"ID",3.12830760876294,761.162786435831,0.0112778117983262,-0.0302643448352263,0.248295008140222,0.257355286563784,NA,NA,NA,NA,NA,NA,NA,NA,NA,NA,NA,NA,NA,NA,NA,NA,NA,NA,NA,NA,NA,NA,0
2019-07-09,"PD",0.266004382422906,51.7307749957682,-0.0910961548942505,-0.0928380425094026,0.53361178990882,0.521544535106389,NA,NA,NA,NA,NA,NA,NA,NA,NA,NA,NA,NA,NA,NA,NA,NA,NA,NA,NA,NA,NA,NA,0
2019-07-09,"SMD",0.735333917330965,381.349642601413,-0.0207670788796194,0.0392960965288744,0.182874723789453,0.170870260639903,NA,NA,NA,0.100572420231336,-0.0168549751204255,-0.0377076894178719,-0.0143142442813869,-0.00105804560613758,-0.0143093297584621,-0.055572529482146,-0.0762296204586554,-0.0108150994783996,NA,NA,NA,NA,NA,NA,NA,NA,NA,NA,0
2019-08-06,"ID",2.0945764921078,509.640955598422,-9.30421146462476,-0.0412358708176404,0.141345131507785,0.138096245257295,NA,NA,NA,NA,NA,NA,NA,NA,NA,NA,NA,NA,NA,NA,NA,NA,NA,NA,NA,NA,NA,NA,0
2019-08-06,"PD",0.124310309418349,24.1750477477141,-0.136242871487391,-0.0934258169984569,0.570005704201501,0.558317092879551,NA,NA,NA,NA,NA,NA,NA,NA,NA,NA,NA,NA,NA,NA,NA,NA,NA,NA,NA,NA,NA,NA,0
2019-08-06,"SMD",0.2991662705491,155.149854594491,0.00983020554066144,-0.0035391889391487,0.229713587980782,0.230746316537201,NA,NA,NA,0.0783156420580104,-0.0264375733389688,0.26575074797746,0.0163829299297346,-0.0574786274091122,-0.0637293832870138,0.0229298318779329,-0.189295558882094,0.253734194704991,NA,NA,NA,NA,NA,NA,NA,NA,NA,NA,0
2019-10-01,"ID",0.0901549105017272,21.9360022959839,0.0390529694694427,-0.105439833762596,-0.102632504084207,-0.137442396079173,NA,NA,NA,NA,NA,NA,NA,NA,NA,NA,NA,NA,NA,NA,NA,NA,NA,NA,NA,NA,NA,NA,0
2019-10-01,"PD",0.0203357234404688,3.9547571513411,-0.377459602179814,-0.129708717184089,0.161988945364018,0.135309440935707,NA,NA,NA,NA,NA,NA,NA,NA,NA,NA,NA,NA,NA,NA,NA,NA,NA,NA,NA,NA,NA,NA,0
2019-10-01,"SMD",0.0472514950680354,24.5049770340832,0.027755720309556,-0.0358123986363486,-0.092690189393735,-0.101559914704607,NA,NA,NA,-0.406581233767701,-0.00275101318101776,0.585171661216981,0.180372832707994,0.0835421817399306,-0.0912305629356108,0.0612015363480471,-0.326022152052036,0.529512320828649,NA,NA,NA,NA,NA,NA,NA,NA,NA,NA,0
2019-11-26,"SMD",3.38309520901319,1754.49835569471,-0.0164206660185213,-0.257842998918207,0.621430617733708,0.0137992510426913,NA,NA,NA,NA,NA,NA,NA,NA,NA,NA,NA,NA,NA,NA,NA,NA,NA,NA,NA,NA,NA,NA,0
2020-03-04,"SMD",2.53871937998675,1316.59876609157,-0.0211992776597361,0.012498219165663,-0.00181681308714483,0.00409784828237664,NA,NA,NA,NA,NA,NA,NA,NA,NA,NA,NA,NA,NA,NA,NA,NA,NA,NA,NA,NA,NA,NA,0
2020-04-01,"SMD",4.30575753874406,2232.99790724782,-0.0174319395694352,-0.0618461861956577,0.00924311825500839,0.00110637184607619,NA,NA,NA,NA,NA,NA,NA,NA,NA,NA,NA,NA,NA,NA,NA,NA,NA,NA,NA,NA,NA,NA,0
2020-05-04,"SMD",4.44555486143055,2305.49783930132,0.0166437365143513,-0.0169794459338694,0.0161967969698702,0.0163251441084093,NA,NA,NA,NA,NA,NA,NA,NA,NA,NA,NA,NA,NA,NA,NA,NA,NA,NA,NA,NA,NA,NA,0
2020-05-20,"SMD",1.54615838891264,801.849248511716,-0.00962221554782455,-0.0169794459338695,0.0184307019050536,0.0232009408945805,NA,NA,NA,NA,NA,NA,NA,NA,NA,NA,NA,NA,NA,NA,NA,NA,NA,NA,NA,NA,NA,NA,0
2020-06-03,"SMD",0.561985237199711,291.449726855072,-0.334680462928087,-0.0876785518009299,-0.0599767386847498,-0.0850106610134937,NA,NA,NA,NA,NA,NA,NA,NA,NA,NA,NA,NA,NA,NA,NA,NA,NA,NA,NA,NA,NA,NA,0
2020-06-16,"SMD",0.249118829027335,129.194878919338,0.0205287346296443,-0.0119448942213256,0.159265235562867,0.162233492521568,NA,NA,NA,NA,NA,NA,NA,NA,NA,NA,NA,NA,NA,NA,NA,NA,NA,NA,NA,NA,NA,NA,0
