Sample,date,GPP,GPP.lower,GPP.upper,ER,ER.lower,ER.upper,K600,K600.lower,K600.upper
SMD_OUT,6/6/18,0.46174621,-1.852138826,2.704703147,-5.088568038,-9.356332566,-1.115663348,0.595827506,0.373071245,0.79140559
SMD_OUT,6/7/18,0.738276854,-2.205363895,3.001391472,-5.826488985,-10.0878346,-1.22196752,0.569123154,0.367862621,0.762404276
SMD_OUT,6/8/18,-0.579614304,-2.634577766,1.394271537,-5.685855257,-9.637619364,-1.698141947,0.536106252,0.350602892,0.706112534
SMD_OUT,6/9/18,1.698960366,-0.530890675,4.107949281,-7.431512854,-11.88874106,-3.088955305,0.515338732,0.348463414,0.681052184
SMD_OUT,6/10/18,0.250463418,-2.025731555,2.470538174,-6.817499169,-10.53691846,-2.784161491,0.482329197,0.321417892,0.630000071
SMD_OUT,6/11/18,0.368340696,-1.913600981,3.018671072,-5.476316561,-9.754525395,-1.18850236,0.454419614,0.302611871,0.613655337
SMD_OUT,6/12/18,3.845160907,1.473312344,5.88363556,-8.475798652,-12.28822175,-3.935100193,0.432180126,0.274900322,0.599237577
SMD_OUT,6/13/18,4.530545971,2.206855407,6.608835258,-9.733383698,-13.63398,-5.366692538,0.401222766,0.211674951,0.57719266
SMD_OUT,6/14/18,3.598807528,1.544439741,5.748910079,-9.131730151,-13.43051979,-4.58353973,0.408287727,0.231751729,0.579632747
SMD_OUT,6/15/18,6.323357455,3.838373796,8.842730619,-12.07564664,-16.75204993,-7.910101637,0.411697342,0.240769633,0.564707457
SMD_OUT,6/16/18,2.729320812,0.422611458,5.133877175,-6.425885624,-10.9284442,-2.119825449,0.433793618,0.269568474,0.603457749
SMD_OUT,6/17/18,2.487884701,0.523989411,4.788607914,-8.438428897,-12.93162349,-4.12797413,0.451133995,0.283517459,0.608949853
SMD_OUT,6/18/18,3.357540183,0.952258444,5.740418371,-7.852164264,-12.53981227,-3.390890442,0.442970816,0.283896708,0.619855204
SMD_OUT,6/19/18,6.26900818,4.034323704,8.446465434,-13.795663,-18.17438586,-9.732248574,0.429398265,0.26574977,0.597756639
SMD_OUT,6/20/18,6.241197274,3.886097919,8.245315419,-11.57599733,-15.84232493,-7.498198976,0.409575966,0.24934571,0.593590582
SMD_OUT,6/21/18,5.639556104,3.446366183,8.086096074,-10.95986685,-15.42054956,-6.453418471,0.403015596,0.231976484,0.562050076
SMD_OUT,6/22/18,3.520108031,1.329009133,5.629668382,-10.02912522,-14.12315122,-5.459681596,0.433356336,0.272781552,0.595602151
SMD_OUT,6/23/18,0.440945148,-2.043208593,3.12874368,-8.607046939,-13.66108189,-4.024770561,0.477804458,0.287384956,0.666401115
SMD_OUT,6/24/18,-1.952434788,-4.295271372,0.96234408,-3.974381971,-8.661824556,0.854581252,0.461092152,0.287376866,0.628882323
SMD_OUT,6/25/18,2.622201787,0.284167064,4.549261657,-6.885064939,-10.7596362,-2.351904386,0.619530795,0.436660381,0.789662302
SMD_OUT,6/26/18,2.76457107,0.452979906,4.974540757,-8.609663836,-12.27025783,-4.224056046,0.627676206,0.464310007,0.798849747
SMD_OUT,6/27/18,1.870121846,-0.547739764,4.389825704,-7.035783067,-11.12984021,-2.640904017,0.606208846,0.412012474,0.793966829
SMD_OUT,6/28/18,2.16901026,-0.091945959,4.620318926,-8.938584287,-13.29050459,-4.806974879,0.659442136,0.477737638,0.870694496
SMD_OUT,6/29/18,1.915874291,-0.254267194,4.124079107,-11.48433304,-16.4506665,-6.807181172,0.738671495,0.512104367,1.007230848
SMD_OUT,6/30/18,2.303666616,-0.26479609,4.717469676,-11.35595569,-16.01464741,-6.750604096,0.673653347,0.462997937,0.931726928
SMD_OUT,7/1/18,2.70451984,0.067554659,5.446864603,-12.39819558,-17.30090538,-7.654139636,0.650744666,0.466825296,0.871381138
SMD_OUT,7/2/18,2.67480926,0.29520213,5.206758479,-14.55198621,-19.33123384,-9.819157281,0.631588083,0.449174888,0.818232476
SMD_OUT,7/3/18,2.054885287,-0.121069229,4.017997506,-13.87587538,-18.22211909,-8.912825887,0.609176211,0.432724779,0.773208056
SMD_OUT,7/4/18,0.936509389,-1.401649863,3.033936084,-12.20956223,-17.33918769,-6.501840936,0.594036417,0.384855643,0.783018201
SMD_OUT,7/5/18,0.635214257,-1.691834888,3.163906214,-11.7470573,-16.78972665,-6.284079532,0.55676466,0.357694797,0.731728977
SMD_OUT,7/6/18,0.541860163,-1.728642575,3.026077131,-9.849762097,-14.89690136,-5.019158862,0.572356181,0.369196721,0.755912489
SMD_OUT,7/7/18,0.890257841,-1.207226183,2.922747896,-10.9619655,-15.8305857,-5.541476193,0.592634917,0.357275049,0.797210147
SMD_OUT,7/8/18,0.779045301,-1.763176757,3.162609849,-8.94042106,-13.54243678,-4.264659884,0.507654473,0.332853471,0.675894931
SMD_OUT,7/9/18,0.478701445,-1.980105317,2.716341949,-8.817058611,-13.67752977,-4.046370614,0.465465311,0.293109697,0.624321923
SMD_OUT,7/10/18,4.170045397,2.126844682,6.465635219,-12.18633549,-16.66461172,-7.625808069,0.435559609,0.27436748,0.590442244
SMD_OUT,7/12/18,1.044781018,-1.078787607,3.435312802,-7.447784927,-12.31055037,-2.836410697,0.433314501,0.267008439,0.589302821
SMD_OUT,7/13/18,2.818062986,0.401173665,5.404893031,-10.07293146,-14.96783599,-5.394788308,0.458718806,0.262300031,0.62947744
SMD_OUT,7/14/18,-0.988577004,-3.657870653,1.254429786,-6.175208974,-11.21765756,-1.436806405,0.491268549,0.307066144,0.673195558
SMD_OUT,7/15/18,1.565849307,-0.720143644,3.970478841,-11.34034833,-16.06702476,-6.512616968,0.401961544,0.23097757,0.563730241
SMD_OUT,7/16/18,3.719127603,0.243003092,6.219477677,-11.0166033,-15.4185946,-6.03554057,0.417929836,0.250646927,0.587756064
SMD_OUT,7/17/18,3.62241365,2.020553462,5.235976338,-7.89330949,-12.12380427,-3.210919833,0.419023311,0.237657664,0.582446703
SMD_OUT,7/18/18,2.223424417,0.110141932,4.737182336,-9.465883062,-13.61060773,-4.68855709,0.598262772,0.381540794,0.792881267
SMD_OUT,7/19/18,1.540398884,-0.451859348,3.824364187,-9.851600562,-14.07985869,-5.288959885,0.546249554,0.357120735,0.713791249
SMD_OUT,7/20/18,0.227012168,-2.076880671,2.709137463,-7.19399546,-12.02805978,-2.837943476,0.506355982,0.324751731,0.673326328
SMD_OUT,7/21/18,0.321498082,-1.844491061,2.500485015,-7.777689361,-12.36410948,-3.359785708,0.467135202,0.307546303,0.62589649
SMD_OUT,7/22/18,0.135070434,-2.233602725,2.528767371,-8.47881479,-12.88611573,-3.721277701,0.452105979,0.27058177,0.606737025
SMD_OUT,7/23/18,0.800917729,-1.623525522,3.414763426,-7.638937185,-12.17920151,-3.401844967,0.479533823,0.312680996,0.627978232
SMD_OUT,7/24/18,0.397114572,-2.178879466,2.625180303,-9.601843582,-13.85947212,-4.807946468,0.478350644,0.3287184,0.633970371
SMD_OUT,7/25/18,0.037431389,-2.64262764,2.708910634,-9.934389422,-14.65838558,-5.18832192,0.451445919,0.298217611,0.604002086
SMD_OUT,7/26/18,2.251723366,-0.096128983,4.342327657,-8.22214426,-12.87412143,-3.435350472,0.511764231,0.32331981,0.675958168
SMD_OUT,7/27/18,1.245707753,-0.901411173,3.418129656,-10.73800072,-15.06039144,-5.654601922,0.519929752,0.323612335,0.682435831
SMD_OUT,7/28/18,-0.899888385,-3.022396882,1.331391438,-6.225718336,-10.72828458,-1.428280771,0.487006237,0.313149233,0.643816898
SMD_OUT,7/29/18,1.621868512,-0.540823528,3.931197626,-9.587634514,-14.13009797,-5.216237128,0.458886148,0.292166219,0.614429703
SMD_OUT,7/30/18,0.692615085,-1.761036526,3.212726655,-8.333139211,-12.7416322,-3.171675926,0.431474005,0.268957337,0.587706129
SMD_OUT,7/31/18,1.167939924,-1.335820983,3.385580706,-8.967721399,-13.5199388,-3.911769386,0.412662122,0.238164914,0.590826099
SMD_OUT,8/1/18,1.238775938,-1.231556293,3.999884114,-10.26581622,-15.19159672,-5.244276653,0.402928666,0.224999524,0.568228443
SMD_OUT,8/2/18,2.516109819,0.374280719,4.865560014,-10.30017717,-15.23033564,-5.678414168,0.421219511,0.262776026,0.589285197
SMD_OUT,8/3/18,-2.742280265,-5.03511521,-0.679910475,-5.568052546,-10.15003524,-0.51847908,0.416056471,0.252890299,0.573698937
SMD_OUT,8/4/18,0.381876005,-2.075156873,2.840216915,-8.801428447,-13.77775543,-3.696888076,0.417187398,0.246656708,0.571799616
SMD_OUT,8/7/18,4.633728001,2.398532261,6.879508247,-12.71516851,-18.05774926,-7.719602085,0.489145656,0.304850009,0.699678059
SMD_OUT,8/8/18,-1.059556041,-3.208575352,1.586453416,-9.205344383,-15.88625466,-3.717136088,0.540306698,0.314122939,0.835235767
SMD_OUT,8/9/18,3.423447921,0.920608223,5.735107118,-13.5198728,-19.3835955,-8.398801699,0.515690266,0.322644559,0.754686073
SMD_OUT,8/11/18,0.750859966,-1.840081261,3.133370648,-9.787947503,-16.06653235,-4.694348101,0.506844208,0.307786925,0.732198923
SMD_OUT,8/12/18,3.135770571,0.698046479,5.827797012,-5.473676855,-10.4306212,-1.195515158,0.672100394,0.491148232,0.890137034
SMD_OUT,8/13/18,0.704973349,-1.623498942,3.316620162,-12.10928652,-17.17236828,-7.440549964,0.813380857,0.563631814,1.071787495
SMD_OUT,8/14/18,0.846706982,-1.541896864,3.209460054,-10.64522078,-15.72377646,-5.892709549,0.756832361,0.51903745,1.034022531
SMD_OUT,8/15/18,1.05941685,-1.423615985,3.366472383,-12.46073924,-17.73093991,-7.43554211,0.74701053,0.522542765,1.024908184
SMD_OUT,8/16/18,-0.101653556,-2.717227543,2.592252431,-14.56891089,-19.63535383,-8.692204546,0.679233324,0.465594889,0.940266626
SMD_OUT,8/18/18,-0.448341415,-2.407735295,1.379139796,-10.88028229,-15.84291844,-5.878103607,0.649540905,0.473424408,0.863131554
SMD_OUT,8/19/18,0.963978162,-1.592706897,3.277295818,-12.94737508,-18.15535375,-8.114965644,0.639270453,0.459896906,0.818336047
SMD_OUT,8/23/18,-0.017218535,-2.403437029,2.408414895,-12.03640785,-17.52353055,-6.90463566,0.639802106,0.463983914,0.824886788
SMD_OUT,8/24/18,-0.287636348,-2.515982448,2.146980654,-10.58933514,-15.44265353,-5.509849617,0.624260344,0.442547021,0.810122855
SMD_OUT,8/25/18,-2.668075288,-5.128929014,-0.369959625,-10.65120955,-15.36003946,-5.354375357,0.616685931,0.427778771,0.786177119
SMD_OUT,8/26/18,0.969827139,-1.308737871,3.116636606,-12.28988889,-17.4027103,-7.345762916,0.603215837,0.412341982,0.782458811
SMD_OUT,8/30/18,0.124521719,-1.991889607,2.178936837,-9.282209036,-14.83980815,-4.776977051,0.462174108,0.296722619,0.617065802
SMD_OUT,9/6/18,3.868375448,1.901028507,5.882166005,-10.31073548,-14.79461117,-5.823336384,0.482697871,0.300240971,0.664984145
SMD_OUT,9/7/18,-1.306490153,-3.675388179,1.098326656,-8.072332206,-13.19700013,-3.266989376,0.500552175,0.3040878,0.717559281
SMD_OUT,9/8/18,-1.132690999,-3.287536201,1.057075127,-8.336644718,-13.54922367,-3.081012792,0.520183921,0.305682103,0.767070257
SMD_OUT,9/9/18,-0.595629762,-3.007785569,1.714607345,-7.315670668,-13.31650971,-2.150957541,0.548513017,0.325817141,0.855949441
SMD_OUT,9/10/18,-1.829313314,-4.446904721,0.378384826,-1.789568918,-6.133363061,2.984083602,0.487253559,0.312543248,0.678304431
SMD_OUT,9/11/18,2.575457832,0.410960564,4.867818356,-6.50329224,-10.91099682,-2.16897891,0.586247422,0.381388046,0.798091822
SMD_OUT,9/12/18,-0.0140511,-2.900482262,2.427616697,-6.131199639,-10.52564811,-1.414989724,0.596471336,0.379412077,0.799217616
SMD_OUT,9/13/18,0.917444379,-1.673617678,3.385813016,-6.834933414,-11.15194613,-2.585784345,0.634339351,0.468679444,0.822768844
SMD_OUT,9/14/18,0.875540008,-1.149076348,3.187538792,-7.992872211,-12.23456844,-3.700583588,0.625789527,0.455456476,0.802366919
SMD_OUT,9/15/18,0.922673605,-1.553437145,3.348447562,-8.091474291,-12.27884314,-3.591767608,0.616069338,0.443535338,0.791672231
SMD_OUT,9/16/18,1.393021243,-0.814524451,3.504108846,-8.372868441,-12.77646615,-3.848910234,0.600368163,0.3816151,0.799205275
SMD_OUT,9/17/18,2.044039363,-0.191026424,4.294737136,-10.0807415,-15.29045238,-5.524980779,0.545058352,0.375641844,0.717243385
SMD_OUT,9/18/18,1.936720657,-2.037668078,4.223722275,-7.323939832,-11.60369718,-3.105268952,0.83810591,0.597641644,1.120622084
SMD_OUT,9/19/18,0.422392778,-1.853535218,2.778922262,-12.39036348,-17.73830302,-6.718022085,1.168108146,0.756235672,1.560189404
SMD_OUT,9/20/18,0.883498435,-1.392376682,3.13875252,-11.26229614,-16.21796409,-5.850783678,0.997825482,0.663422501,1.294858728
SMD_OUT,9/21/18,1.436620351,-0.764341366,3.592499727,-10.55924333,-15.42445107,-5.672696581,0.850255545,0.582986106,1.117764679
SMD_OUT,9/22/18,0.434694446,-1.711931534,2.527688428,-10.0354957,-14.88642456,-5.475338975,0.72274375,0.498633415,1.009900133
SMD_OUT,9/23/18,0.892284282,-1.512503721,3.521069212,-9.383641674,-13.87498006,-4.607478557,0.665837256,0.479970583,0.894064904
SMD_OUT,9/24/18,0.445263505,-1.830288637,2.519419541,-9.873529803,-14.17947196,-5.504358594,0.645609601,0.464800477,0.83765856
SMD_OUT,9/25/18,-0.091145555,-2.345165595,1.992750741,-3.575846208,-8.02056907,0.604079282,0.637656535,0.481946332,0.820392518
SMD_OUT,9/26/18,-0.059678386,-2.391345641,2.146740403,-8.481004148,-13.12229217,-4.316512501,0.685498495,0.462106642,0.940935713
SMD_OUT,9/27/18,0.343976112,-1.508425299,2.535006289,-10.51255775,-15.55576544,-5.887560603,0.772409951,0.528967078,1.042556745
SMD_OUT,9/28/18,-0.010201423,-2.186336739,2.143085998,-9.82966904,-14.21227781,-4.846176643,0.761486381,0.520611105,1.037653894
SMD_OUT,9/29/18,-0.202893632,-2.26994838,2.01414449,-8.425003245,-13.49498983,-3.76863035,0.714465361,0.492612723,0.97273911
SMD_OUT,9/30/18,0.015800417,-2.332601582,2.760288301,-6.594524983,-11.46092832,-2.052283571,0.681170851,0.476560992,0.947424217
SMD_OUT,10/1/18,0.945440717,-1.22644836,3.12702294,-8.325698935,-12.66727447,-4.199119832,0.658587219,0.471720727,0.875273188
SMD_OUT,10/2/18,-0.520789185,-2.783436817,1.476383228,-5.968799713,-10.30748601,-1.270231982,0.664186663,0.468708747,0.902526243
SMD_OUT,10/3/18,0.391511061,-1.974115231,2.657255316,-7.441811439,-12.89183978,-2.996871003,0.670815401,0.476069584,0.914639677
SMD_OUT,10/4/18,-1.606230419,-3.924100073,0.680298851,-6.131460149,-10.66845334,-1.643162927,0.663034595,0.481518788,0.877337835
SMD_OUT,10/5/18,-0.909048758,-3.119197985,0.990035471,-8.237363839,-12.70458679,-4.132557682,0.655330029,0.477398657,0.876549468
SMD_OUT,10/6/18,0.87528503,-1.203078843,2.873332006,-6.884987132,-10.8763687,-2.533389582,0.648192116,0.474503667,0.846293532
SMD_OUT,10/7/18,0.304415904,-1.385372825,2.194769451,-8.219076898,-11.88686303,-4.274036761,0.632080823,0.458129485,0.810679118
SMD_OUT,10/8/18,0.602093663,-1.463037312,2.553413648,-8.33160464,-12.41182565,-4.129407683,0.628453023,0.459736592,0.80207498
SMD_OUT,10/9/18,1.870071868,-0.264323375,4.228042823,-9.599299156,-14.01947462,-5.289771959,0.616692143,0.438058773,0.784827698
SMD_OUT,10/10/18,2.541744577,0.489219268,4.714387652,-11.77420329,-16.24021615,-7.321899638,0.605352064,0.40843675,0.791925479
SMD_OUT,10/11/18,0.134480547,-1.978886417,2.304012228,-6.304719663,-10.95672025,-2.267272989,0.622404297,0.441162667,0.789842868
SMD_OUT,10/12/18,3.777068801,2.256331933,5.426885864,-14.57640486,-19.48118161,-9.958357864,0.685017708,0.456616609,0.946239058
SMD_OUT,10/13/18,0.717243865,-1.377555165,2.58351065,-8.874424198,-14.08352386,-4.118988572,0.679236999,0.469505597,0.949202861
SMD_OUT,10/14/18,1.692057281,-0.351459487,3.628641511,-5.97148976,-10.84745526,-1.538587692,0.691561943,0.480814591,0.949819767
SMD_OUT,10/15/18,3.411807702,1.316185135,5.654199128,-5.239695742,-9.136332978,-1.062486488,0.67856105,0.466604235,0.934376926
SMD_OUT,10/16/18,0.796114609,-1.568809459,2.914216122,-5.965838904,-10.84853892,-2.025530023,0.671671192,0.478175936,0.900729755
SMD_OUT,10/18/18,0.894859736,-1.140428884,3.001018842,-3.841689187,-7.805181138,-0.076904638,0.647559394,0.484315775,0.838919536
SMD_OUT,10/19/18,0.948120545,-1.320567842,2.962143262,-3.593282399,-7.457481372,0.080706745,0.634729218,0.472959258,0.821491023
SMD_OUT,10/20/18,0.81553936,-1.333497771,2.781034795,-5.43121828,-9.531836835,-1.476609323,0.625972578,0.446069892,0.799043872
SMD_OUT,10/21/18,1.116710795,-0.643549829,3.060358943,-4.808359715,-8.433624433,-1.087196675,0.615683833,0.428536674,0.790765083
SMD_OUT,10/22/18,0.549593342,-1.415617231,2.739376863,-3.332672814,-7.212228175,0.981660922,0.603562709,0.409315011,0.803927803
SMD_OUT,10/23/18,0.483856229,-1.657082033,2.519528788,-3.659523091,-7.471266325,0.368262942,0.602054297,0.38574249,0.805372133
SMD_OUT,10/24/18,0.560693841,-1.652465028,2.860731048,-4.976174719,-8.801505962,-1.109879121,0.606146942,0.412956223,0.79500458
SMD_OUT,10/25/18,1.003687979,-0.886029391,3.014033324,-4.020611919,-7.976705503,-0.045870837,0.60421041,0.418314418,0.796731227
SMD_OUT,10/26/18,0.438866039,-1.452457834,2.375915121,-3.330749492,-7.111250187,0.393907291,0.596276475,0.38882993,0.806294425
SMD_OUT,10/27/18,2.126047344,-0.096835645,4.058737762,-5.05962709,-8.766303577,-1.074081542,0.622696764,0.443689559,0.803277341
SMD_OUT,10/28/18,-0.138159515,-2.261151847,1.851128609,-6.327585416,-10.41093105,-2.556871712,0.691033217,0.475230451,0.96553798
SMD_OUT,10/29/18,1.191010412,-1.680221148,2.998018017,-5.809058999,-9.936810981,0.279845623,0.771680031,0.524917387,1.050931643
SMD_OUT,10/30/18,0.310389514,-1.882835345,2.438420624,-4.487045138,-9.173805166,-0.570242686,0.825999995,0.573585293,1.100247853
SMD_OUT,10/31/18,0.591106964,-1.389467341,2.428430304,-3.930939299,-8.055728126,-0.398540272,0.788983234,0.539965702,1.057089902
SMD_OUT,11/1/18,0.457313888,-1.824374247,2.838057282,-5.526167785,-10.0001121,-1.609533143,0.751639559,0.518601114,1.014689668
SMD_OUT,11/2/18,0.334654763,-2.038699148,2.244750248,-6.524770923,-10.45341976,-2.274526344,0.768179906,0.534775235,1.033412033
SMD_OUT,11/4/18,0.328869993,-1.495552599,2.176515663,-8.976448308,-14.67914108,-3.210953482,1.433336649,0.821986052,2.083033344
SMD_OUT,11/5/18,0.370746046,-2.041156077,2.71986901,-8.077167861,-13.39100273,-2.834138638,1.372520801,0.816573859,1.969451782
SMD_OUT,11/6/18,0.304918819,-1.646749757,2.179163142,-9.637982446,-14.88226198,-4.520515843,1.449068213,0.826527969,2.123362693
SMD_OUT,11/7/18,0.119835569,-1.500993264,1.995384124,-9.891506475,-15.51667451,-4.432886652,1.489516172,0.844174636,2.243783557
SMD_OUT,11/8/18,0.659349259,-1.216699185,2.336118335,-8.409859613,-13.68423406,-3.395459046,1.385651282,0.809758359,2.000714002
SMD_OUT,11/9/18,-0.160016163,-2.027954534,1.632679854,-5.339598693,-9.851383676,-0.487088148,1.311373299,0.781183458,1.854573301
SMD_OUT,11/10/18,-0.104910216,-1.762990496,1.488568346,-9.389833315,-14.91408216,-4.319083999,1.541559803,0.855005511,2.347105403
SMD_OUT,11/11/18,0.241537765,-1.600536473,2.024259468,-6.346126615,-11.33318498,-1.31540882,1.500964784,0.853089909,2.256023577
SMD_OUT,11/12/18,-0.980100947,-2.835530621,0.896471679,-5.518640065,-10.07753533,-0.723998689,1.414901827,0.835095473,2.066170601
SMD_SIDE,6/6/18,4.507494947,0.842553794,8.034868066,0.810045894,-5.338959639,6.917063161,0.397865864,0.141752198,0.638348402
SMD_SIDE,6/7/18,5.022850249,1.644962303,8.78535334,-1.261289652,-7.630551601,5.056390343,0.452819053,0.166894818,0.706416398
SMD_SIDE,6/8/18,3.730326829,0.548044198,6.938549705,-0.260874125,-6.134276784,6.074251793,0.513011729,0.21137273,0.763530142
SMD_SIDE,6/9/18,1.066794485,-2.599080872,4.738834057,2.121072245,-3.873012589,7.890956161,0.556924666,0.250275244,0.810176804
SMD_SIDE,6/10/18,5.948583602,2.337115189,9.775410976,-2.618012378,-8.889621969,3.451285827,0.645742465,0.31998962,0.918498042
SMD_SIDE,6/11/18,8.840288816,4.904425035,12.85319026,-1.998986897,-8.106932811,4.202949077,0.750364626,0.396516286,1.066943007
SMD_SIDE,6/12/18,7.337713879,3.681168563,11.26988398,-0.705853333,-7.270484062,5.976317244,0.858752575,0.483194637,1.249069952
SMD_SIDE,6/13/18,7.839471982,4.780803749,10.59716801,-3.332001706,-9.052175499,3.746253652,0.968603623,0.587767589,1.452872867
SMD_SIDE,6/14/18,4.747655819,2.098671484,7.425924005,0.757088969,-5.053798799,6.823029242,1.01508109,0.64131101,1.497279092
SMD_SIDE,6/15/18,1.190737001,-2.434634293,4.830917507,2.512374986,-3.074039225,8.286208711,1.036996564,0.67576724,1.484196825
SMD_SIDE,6/16/18,-0.552296125,-4.062918992,3.11776926,3.109213805,-2.681808757,8.782059834,1.066853494,0.691278646,1.494157708
SMD_SIDE,6/17/18,11.29253459,7.580344905,15.02325612,-4.64014192,-10.49186378,1.404700259,1.125159549,0.740536867,1.531018379
SMD_SIDE,6/18/18,-1.108709437,-5.110800918,2.760508976,5.77858638,-0.496036931,12.03512604,1.095718082,0.715382394,1.507817115
SMD_SIDE,6/19/18,2.176771458,-1.858628813,6.059496841,-2.394515382,-8.015275758,4.395746976,0.804626406,0.454919517,1.170306031
SMD_SIDE,6/20/18,4.429822114,0.95035122,7.97138528,-2.894309247,-8.621718051,2.839573406,0.957001543,0.564526558,1.442970341
SMD_SIDE,6/21/18,5.385019889,1.593382252,9.062146951,-1.627110336,-7.632287315,4.608576953,1.036725869,0.668629758,1.493733901
SMD_SIDE,6/22/18,10.81179368,7.214010459,14.40908692,-4.825678736,-10.82704951,1.081423091,1.073304727,0.698278896,1.494205111
SMD_SIDE,6/23/18,6.827589892,2.897689041,10.37610074,-4.331052155,-10.39165167,2.273826046,1.174428771,0.743252096,1.670806005
SMD_SIDE,6/24/18,4.178715947,0.564332827,7.648879663,2.453994424,-3.23031426,8.551887245,1.130445857,0.726061863,1.556428354
SMD_SIDE,6/25/18,5.070598002,1.742948479,8.584979939,-5.713853705,-11.78762233,0.040551635,0.325130082,0.138758135,0.519183458
SMD_SIDE,6/26/18,5.422204315,2.933687412,7.960197605,-2.816890175,-8.418662631,2.276349949,0.309241159,0.144099173,0.511237941
SMD_SIDE,6/27/18,-0.38894262,-3.743594857,2.98714257,3.83232654,-2.614168409,9.641132725,0.351008446,0.135454579,0.566207276
SMD_SIDE,6/28/18,9.884022132,7.051378175,12.75617713,-8.200048316,-13.75141058,-2.62583354,0.262194231,0.109135612,0.471754128
SMD_SIDE,6/29/18,4.23198491,1.545430558,6.98886571,-5.628809623,-11.45638561,0.195053968,0.213984157,0.065235045,0.403312535
SMD_SIDE,6/30/18,4.529130645,0.856444694,8.389766295,-4.25801534,-10.3333401,1.62449389,0.231669954,0.087863291,0.443993575
SMD_SIDE,7/1/18,8.581329263,4.389359882,12.86986517,-8.936510098,-14.91628377,-2.592083169,0.261810165,0.112786798,0.453802165
SMD_SIDE,7/2/18,5.881380074,2.02563403,9.95453248,-4.586113752,-10.47792738,0.85132832,0.293799617,0.125346846,0.513894719
SMD_SIDE,7/3/18,1.789050244,-1.166952712,4.879991546,-1.869379293,-7.386996835,3.519013841,0.323523495,0.122067106,0.532543761
SMD_SIDE,7/4/18,1.269251907,-1.348610716,3.719236818,-2.66015652,-7.975129197,2.427693776,0.380144933,0.144705811,0.620223117
SMD_SIDE,7/5/18,1.292313232,-1.636651602,4.177642014,-1.874620008,-7.395875744,3.964834772,0.46084447,0.181415565,0.718063869
SMD_SIDE,7/6/18,4.195351971,-0.00390666,8.294333936,-4.198808766,-10.58096943,1.741602831,0.435689807,0.137780773,0.702192908
SMD_SIDE,7/7/18,-0.326924709,-2.982316911,2.29570536,-0.460851882,-5.822187825,5.238622133,0.413834753,0.134399088,0.682672019
SMD_SIDE,7/8/18,0.182708531,-2.685539619,2.788841175,-0.339287543,-5.821586209,4.712393013,0.561784286,0.253291851,0.825270606
SMD_SIDE,7/9/18,1.569283002,-1.021417562,4.49544892,-1.689949959,-7.099620177,3.712027366,0.694009299,0.361221457,0.982026536
SMD_SIDE,7/10/18,2.866327934,0.117313812,5.546446235,-2.683572182,-8.190867845,2.497924748,0.810862572,0.459328297,1.161873598
SMD_SIDE,7/12/18,10.90222103,7.296456606,14.50105617,-6.401778088,-12.28042607,-0.201243698,1.058859577,0.695220528,1.489819045
SMD_SIDE,7/13/18,18.08951019,13.96447981,22.00735501,-8.657559772,-15.26101853,-2.887869785,1.175831709,0.758828556,1.641085603
SMD_SIDE,7/14/18,5.817738043,2.221584361,9.279704605,-3.53610533,-9.32987905,2.595993765,1.179841859,0.726478939,1.707413722
SMD_SIDE,7/15/18,1.21810214,-2.003567929,4.799750254,-1.423049421,-7.151881563,4.232954947,0.954338726,0.578537163,1.423376224
SMD_SIDE,7/16/18,4.046160285,0.400939169,7.460369982,-3.179032922,-8.782959498,2.552619439,1.030804497,0.654479247,1.496978723
SMD_SIDE,7/17/18,-0.408893932,-2.99893411,2.098032349,3.065314112,-2.298082152,8.499529007,0.835920989,0.478577257,1.212378745
SMD_SIDE,7/18/18,0.92160892,-2.876042679,4.469527047,-2.070235199,-7.876328051,3.537286496,0.394914732,0.130658238,0.643161971
SMD_SIDE,7/19/18,-0.075608976,-3.228252454,3.453820878,-0.205507106,-5.980506282,5.853841016,0.489209044,0.193076134,0.765679793
SMD_SIDE,7/20/18,6.278749333,2.432884386,10.00443836,-6.034198322,-11.7236756,-0.44423034,0.568156211,0.245363729,0.836241623
SMD_SIDE,7/21/18,7.533224038,3.819431051,11.44666058,-5.316423138,-11.45316951,0.46665944,0.676822,0.341406049,0.965803713
SMD_SIDE,7/22/18,2.273847049,-0.923710672,5.530767736,-2.515509671,-8.434596506,2.922683557,0.732768639,0.380500418,1.051155598
SMD_SIDE,7/23/18,2.836606685,-0.93354361,6.466148883,-1.605309054,-7.291752006,4.111488795,0.63715287,0.309518905,0.901909484
SMD_SIDE,7/24/18,10.66102986,7.060441192,14.45420703,-9.752389883,-15.62378439,-3.520820351,0.665193701,0.330000715,0.953659857
SMD_SIDE,7/25/18,2.917996195,-1.279068554,6.848967849,1.152925362,-4.795225732,7.152951079,0.747935951,0.399957814,1.054596536
SMD_SIDE,7/26/18,1.483073215,-2.030010227,4.816774754,-5.220735029,-10.97718275,0.530939588,0.559901435,0.239171796,0.826965057
SMD_SIDE,7/27/18,0.782586402,-2.642966133,4.50972963,-1.068211019,-6.41889936,4.900739262,0.519978471,0.210813133,0.784939531
SMD_SIDE,7/28/18,0.585556546,-2.841210276,4.039547338,-1.052369125,-6.734084163,4.503048349,0.625613678,0.308548148,0.892334338
SMD_SIDE,7/29/18,1.208963943,-2.570416809,4.943869991,-1.54777137,-7.646964055,4.174063614,0.717368575,0.366573703,1.009243326
SMD_SIDE,7/30/18,1.40577755,-2.213930501,4.849007784,-1.438989603,-7.0021951,4.241253516,0.826907602,0.44993653,1.188238785
SMD_SIDE,7/31/18,1.393572603,-2.200934757,5.089473641,-1.433652532,-7.392815629,4.374551775,0.936161339,0.561931159,1.398021413
SMD_SIDE,8/1/18,6.325992522,2.23727212,9.884275852,-5.806295528,-11.43665963,0.079653444,1.010259078,0.641108476,1.510813921
SMD_SIDE,8/2/18,0.716245213,-3.073056175,4.226504356,-1.128615025,-6.830924326,4.896856348,1.041421263,0.675312049,1.49254651
SMD_SIDE,8/3/18,1.04820343,-2.567355692,4.721742282,-1.255563819,-7.353952288,4.596816533,1.040154378,0.673005151,1.513803061
SMD_SIDE,8/4/18,5.000168747,1.362804922,8.670547405,-3.340840785,-9.664428709,2.439074541,1.039687466,0.671891484,1.513818801
SMD_SIDE,8/5/18,0.831847532,-3.156095898,4.634778932,-1.535034567,-7.559900638,4.091599417,1.047600275,0.672341774,1.492047345
SMD_SIDE,8/7/18,0.710430228,-3.024602718,4.238905901,-1.046547215,-6.981672603,5.045554508,1.222407459,0.750918099,1.781766205
SMD_SIDE,8/8/18,0.818466354,-2.719052461,4.287125396,-0.907999253,-6.657801617,4.671305002,1.311026564,0.724281486,2.048711031
SMD_SIDE,8/9/18,0.786564533,-2.621514093,4.298151918,-0.886221864,-6.832831948,4.855726268,1.261804327,0.742251093,1.891298351
SMD_SIDE,8/10/18,0.660507462,-2.710725978,4.425401752,-0.749210942,-6.520101532,5.10763532,1.35113844,0.73903136,2.164231907
SMD_SIDE,8/11/18,0.298461867,-3.4597049,4.272247478,-0.564560732,-6.795159219,5.504353339,1.245256562,0.740909927,1.863937538
SMD_SIDE,8/12/18,-0.463491882,-3.081729445,2.175835162,6.930844646,1.481863387,12.42305557,0.237179182,0.080093836,0.426927133
SMD_SIDE,8/13/18,-1.092093232,-3.828008523,1.763181668,-0.601557407,-6.043798137,4.69671982,0.22433871,0.090590341,0.40571279
SMD_SIDE,8/14/18,1.915274559,-0.99161513,4.918616955,-3.734402805,-9.737359954,1.827064652,0.217204965,0.05705676,0.411257763
SMD_SIDE,8/15/18,-5.211841633,-7.790360555,-2.641901746,3.204704284,-2.583452912,8.728990825,0.218905292,0.077129255,0.406668213
SMD_SIDE,8/16/18,3.375357471,0.378063567,6.256841601,-4.318718402,-9.81944006,1.219039623,0.223338403,0.060671605,0.431562576
SMD_SIDE,8/17/18,2.919680906,0.235804551,5.786380368,-3.291569979,-8.751903834,2.031591589,0.254492995,0.103138019,0.449372282
SMD_SIDE,8/18/18,0.435248457,-2.560668756,3.223270033,-1.094244079,-6.460497661,4.364876437,0.263570811,0.106475069,0.45953108
SMD_SIDE,8/19/18,2.019412304,-1.746792435,5.486059112,-2.205616444,-8.020525096,4.279082392,0.27105336,0.106125114,0.469483111
SMD_SIDE,8/20/18,0.75389644,-2.540629172,4.414585167,-0.987860578,-6.860001272,4.831150986,0.291633874,0.115253497,0.494123993
SMD_SIDE,8/21/18,0.330425619,-3.455887052,4.091793668,-1.198741485,-7.41354798,4.812077861,0.321256733,0.12869495,0.531824025
SMD_SIDE,8/22/18,0.60458423,-2.737039958,3.799185686,-0.929325692,-6.379551093,4.866573306,0.2975645,0.118422298,0.490695112
SMD_SIDE,8/23/18,1.070552946,-2.501535281,4.624930771,0.878896295,-5.10246634,6.477435688,0.275666476,0.119875015,0.46773627
SMD_SIDE,8/24/18,0.628973172,-2.947529258,4.270185161,-1.042617807,-6.949371207,4.62748162,0.295380746,0.127747752,0.499175525
SMD_SIDE,8/25/18,1.556488682,-2.110491371,5.103889666,-2.002879261,-7.449327019,4.229983095,0.326739509,0.140683372,0.553304678
SMD_SIDE,8/26/18,3.699878326,-0.030672905,7.21731706,-5.383548553,-11.17272836,1.044119797,0.371068944,0.146944341,0.600158979
SMD_SIDE,8/27/18,0.906177379,-2.688776546,4.641411905,-1.78497929,-7.908049927,3.856906224,0.421957325,0.140758365,0.694171384
SMD_SIDE,8/28/18,0.694674075,-3.009771354,4.674976568,-1.264126958,-7.578158813,4.68151281,0.506519139,0.194332798,0.762071337
SMD_SIDE,8/29/18,0.482578085,-2.728854067,3.665905479,-1.074117788,-6.675486163,4.306584097,0.592862468,0.270909449,0.861554361
SMD_SIDE,8/30/18,0.525781213,-2.813812177,3.922504273,-0.899089103,-6.594234761,4.492979036,0.696634095,0.347554048,0.979604582
SMD_SIDE,8/31/18,0.598298096,-2.733733638,3.938682182,-1.132355742,-6.727619726,4.842570154,0.801746701,0.448788098,1.153168858
SMD_SIDE,9/1/18,0.550072037,-2.810071871,4.08043705,-0.605271409,-6.419125893,5.070612609,0.920135599,0.567822184,1.358773419
SMD_SIDE,9/2/18,0.666327364,-3.02049895,4.144798115,-1.009532538,-6.826600282,4.542471021,1.016768591,0.643089366,1.50895302
SMD_SIDE,9/3/18,0.908852156,-2.957247064,4.320463426,-1.265808472,-7.534588257,4.563635877,1.061761885,0.686227464,1.508545045
SMD_SIDE,9/6/18,0.324409864,-3.107861426,3.58554374,-0.940786414,-6.383414056,4.8707072,1.183759909,0.734258865,1.665281791
SMD_SIDE,9/7/18,0.951309542,-2.70996127,4.3905593,-1.105131729,-7.107881823,4.510742041,1.226629955,0.736278055,1.800926807
SMD_SIDE,9/8/18,1.877820713,-1.512446901,5.007153352,0.577154872,-5.220236004,6.334155304,1.258959127,0.724809804,1.877945744
SMD_SIDE,9/9/18,6.35667698,2.775183882,10.10071048,-0.608877182,-6.46758995,5.768931263,1.322041839,0.724235437,2.071188364
SMD_SIDE,9/10/18,4.431350039,0.788594679,7.907734377,7.2715526,1.230110838,13.4849133,1.160798934,0.732138247,1.63827887
SMD_SIDE,9/11/18,-1.943643649,-5.363344947,1.24487792,2.534750441,-3.680045237,8.674590588,0.421556679,0.153202916,0.672225783
SMD_SIDE,9/12/18,-1.171411497,-3.828966366,1.475559332,1.984572445,-3.573378939,7.559833001,0.402438061,0.136136362,0.648950822
SMD_SIDE,9/13/18,-2.29446283,-5.451427405,1.026961865,3.53122216,-2.173407368,9.574606068,0.292544667,0.129310259,0.483133406
SMD_SIDE,9/14/18,2.018122877,-1.057737842,5.240667067,-1.066487225,-6.799272169,4.332573651,0.300299759,0.129538922,0.50525469
SMD_SIDE,9/15/18,3.600792132,0.055416801,7.388946934,-3.346116919,-9.200171648,2.65256009,0.332173655,0.12592382,0.53460775
SMD_SIDE,9/16/18,2.520245205,-0.616484911,5.891495904,0.449754904,-5.183560543,6.746407702,0.393498014,0.138633626,0.6299446
SMD_SIDE,9/17/18,1.259391455,-1.377951235,3.886117337,-0.26372204,-5.98279474,5.211037456,0.495372814,0.200229496,0.751174638
SMD_SIDE,9/18/18,1.38649186,-0.36298657,3.127603595,2.805244512,-2.456085805,8.553071232,0.217823589,0.076710258,0.391994217
SMD_SIDE,9/19/18,0.35210158,-2.808345308,3.311471672,0.584181172,-5.349671281,6.303190631,0.234849443,0.083104617,0.428553979
SMD_SIDE,9/20/18,-0.297654845,-3.909230855,3.091706154,1.456655198,-4.594097735,7.311043325,0.223876645,0.06156596,0.401000507
SMD_SIDE,9/21/18,0.667663319,-2.125935562,3.43421783,-0.41027009,-6.275982609,5.127693495,0.220267174,0.074588037,0.404044503
SMD_SIDE,9/22/18,2.291186059,-1.248101289,6.176055788,-0.743772619,-6.648446408,5.272693543,0.21667165,0.072352451,0.421475074
SMD_SIDE,9/23/18,1.259357959,-2.330157218,4.998726072,0.576201044,-5.474730698,6.52453133,0.237004163,0.091176721,0.414750026
SMD_SIDE,9/24/18,2.772943247,-1.005499854,6.427874779,-0.314154733,-6.531207557,5.820714764,0.271708513,0.091577395,0.462011961
SMD_SIDE,9/25/18,4.849775039,1.417930054,8.042857978,-0.387700686,-5.734965123,5.371975671,0.28236433,0.131760627,0.467056616
SMD_SIDE,9/26/18,2.13479841,-1.235071586,5.663821441,-2.617339144,-8.798002707,3.192820958,0.216667157,0.06813234,0.417829329
SMD_SIDE,9/27/18,0.249165915,-1.84640769,2.274814074,0.309179561,-5.22542863,5.474747304,0.217560659,0.068017538,0.414491218
SMD_SIDE,9/28/18,0.72880854,-2.223420898,3.829085767,0.854324671,-4.663613433,6.798356753,0.21721902,0.071165839,0.413158331
SMD_SIDE,9/29/18,1.251096904,-2.495304183,5.036568646,0.607173993,-5.05434152,6.626305302,0.216243575,0.067937792,0.404861665
SMD_SIDE,9/30/18,1.914093659,-1.408824755,5.317677959,-0.286496254,-6.403252605,5.744636555,0.22392971,0.06548192,0.417225196
SMD_SIDE,10/1/18,2.795200295,-0.620298065,6.174105932,-1.811464006,-7.786015259,4.28481161,0.248203582,0.08578601,0.433652763
SMD_SIDE,10/2/18,2.140425339,-1.117729521,5.437792878,-0.500891494,-6.321402451,5.214515455,0.247711155,0.100863121,0.450717875
SMD_SIDE,10/3/18,1.676226043,-2.100249381,5.202597949,0.321905235,-5.672809199,6.347335476,0.232719823,0.081096955,0.432640959
SMD_SIDE,10/4/18,3.955126747,0.318790883,7.494977852,-1.983578236,-8.116726025,4.339889738,0.238958983,0.067266538,0.442476516
SMD_SIDE,10/5/18,2.368310119,-0.926493596,5.687639623,-1.85213222,-7.460698847,4.06775183,0.258849846,0.106357992,0.452534656
SMD_SIDE,10/6/18,1.585739495,-1.193077595,4.304778769,1.402501058,-4.039741001,6.874571258,0.266308882,0.104638234,0.460401132
SMD_SIDE,10/7/18,0.568516418,-1.766078373,2.895329189,0.341505086,-4.695970345,5.884206189,0.282800611,0.114904907,0.477720943
SMD_SIDE,10/8/18,5.283611721,2.17386172,8.498253683,-8.349038444,-14.37885017,-2.332439848,0.316285797,0.129489891,0.52517629
SMD_SIDE,10/9/18,1.113417942,-2.20683825,4.419891811,-0.185075211,-5.786765707,5.722745515,0.330227741,0.11495561,0.548284494
SMD_SIDE,10/10/18,-0.1098357,-2.930673452,2.858019703,4.176509861,-1.212568955,10.05279388,0.356804457,0.145422096,0.577486623
SMD_SIDE,10/11/18,-2.235192057,-5.163796278,0.644990579,4.454231909,-1.548197873,10.26692154,0.307714852,0.117925466,0.501857028
SMD_SIDE,10/12/18,0.429495987,-2.200056662,3.118509658,-1.225172864,-6.528679718,4.267465849,0.21774083,0.079449865,0.404350946
SMD_SIDE,10/13/18,-0.214099897,-3.626830426,2.997053161,2.886323504,-2.822284564,8.743056483,0.216945876,0.058770604,0.400150141
SMD_SIDE,10/14/18,2.319440785,-1.033225872,5.738709765,-0.358537563,-6.085335446,5.154379754,0.221924678,0.074609939,0.413030807
SMD_SIDE,10/15/18,0.765601963,-2.218656913,4.085161365,1.478961397,-4.003866628,7.127737791,0.221296439,0.04855151,0.416235171
SMD_SIDE,10/16/18,6.989416512,3.539292569,10.46385084,-6.276910166,-11.8652002,-0.041855882,0.235289505,0.065421821,0.428861158
SMD_SIDE,10/18/18,2.938141146,-0.431709865,6.368633995,-0.725718637,-6.629151767,5.635806564,0.275345798,0.112965332,0.462712399
SMD_SIDE,10/19/18,3.708548393,0.076817749,7.181937811,-1.003587529,-7.217435953,4.93080397,0.286700726,0.108727043,0.469432946
SMD_SIDE,10/20/18,2.6566179,-0.592479612,5.768007162,-0.40156868,-6.221118321,5.032171095,0.31254301,0.124330675,0.515060651
SMD_SIDE,10/21/18,0.891135134,-2.096099705,3.697365766,2.879035387,-2.755935425,8.531784216,0.337099514,0.128382235,0.538324863
SMD_SIDE,10/22/18,0.838433091,-2.750938659,4.30674335,0.607482069,-5.35651242,6.725647354,0.368364343,0.132824237,0.590523205
SMD_SIDE,10/23/18,4.301160962,1.095957121,7.576234435,0.596191627,-5.546866981,6.324860787,0.382766318,0.126751763,0.617308018
SMD_SIDE,10/24/18,2.200143342,-1.294539153,5.630281043,-0.307057555,-6.418962464,5.697904762,0.369929833,0.113890712,0.595921505
SMD_SIDE,10/25/18,2.491809256,-0.797992559,5.715643604,1.252382526,-4.9674466,7.513623398,0.378679028,0.145468758,0.613701861
SMD_SIDE,10/26/18,0.626279185,-2.592120098,4.085419133,2.157638032,-3.8945687,7.920244336,0.402055918,0.1298887,0.647916076
SMD_SIDE,10/27/18,3.333572652,-0.087359683,6.608166566,1.830559166,-4.198670546,8.395782547,0.310471192,0.104763416,0.518433998
SMD_SIDE,10/28/18,0.370271447,-2.531880817,3.29762822,-2.014882202,-7.362466056,3.791970017,0.215448333,0.075803126,0.400302288
SMD_SIDE,10/29/18,4.64820075,1.792580271,7.291458301,-2.658780807,-8.08234194,2.976269225,0.211402602,0.005427703,0.40698811
SMD_SIDE,10/30/18,2.568319644,-0.328371225,5.870233752,-1.976730936,-7.669418228,3.867376688,0.2210837,0.061795258,0.412699024
SMD_SIDE,10/31/18,1.102340984,-2.15336569,4.258868143,3.855662302,-1.67707329,10.01924501,0.216740235,0.066739892,0.407133088
SMD_SIDE,11/1/18,0.714524657,-2.929501616,4.338248033,0.104187488,-5.861190966,6.218185277,0.212466668,0.068658814,0.402909972
SMD_SIDE,11/2/18,1.573541442,-1.730607263,4.802837349,-0.811829033,-6.668502161,5.387141489,0.217116982,0.073485348,0.408215552
SMD_SIDE,11/4/18,0.812416428,-2.005200023,3.407065132,2.22052631,-3.600351262,7.938404028,0.241165007,0.074634303,0.461350988
SMD_SIDE,11/5/18,-0.08686742,-3.532246491,3.48108543,1.829224201,-4.44714519,7.963686837,0.239742604,0.069127559,0.450371733
SMD_SIDE,11/6/18,1.19566583,-1.65092814,3.953515336,0.278706354,-5.33011515,6.226830418,0.243029801,0.072787691,0.460156357
SMD_SIDE,11/7/18,1.315757679,-1.844108025,4.747566565,-0.194525917,-6.230723684,5.79097979,0.243794215,0.074912877,0.46983732
SMD_SIDE,11/8/18,0.22939391,-2.757910536,3.076823059,2.722860601,-3.547939902,8.801073214,0.236872387,0.070417932,0.449038888
SMD_SIDE,11/9/18,-0.099360876,-3.00380118,2.929915269,3.573833483,-1.931382402,9.456722057,0.233919209,0.074508604,0.434474626
SMD_SIDE,11/10/18,-0.724040649,-3.793703996,2.562230468,1.845286148,-4.453259204,8.040041708,0.240714747,0.057086229,0.48427773
SMD_SIDE,11/11/18,0.724945073,-2.274004861,3.587190612,2.792666128,-3.041195667,9.193001578,0.240167689,0.072695454,0.475009734
SMD_SIDE,11/12/18,0.189827992,-2.632439924,3.476537587,2.921956621,-2.94945218,8.905817254,0.236509832,0.068835624,0.439805096
CCBP_OUT,6/6/18,-0.025126262,-1.979185651,1.732123677,-6.652052363,-9.969364426,-2.404231362,1.905164909,1.24201225,2.375303602
CCBP_OUT,6/7/18,-0.265585125,-2.265784762,1.574155988,-4.32505945,-7.914987155,-0.453232374,1.689993158,1.149989529,2.212259806
CCBP_OUT,6/8/18,0.076048425,-1.796407707,2.111639062,-3.949565934,-7.491841075,-0.269500296,1.52298342,0.919026608,2.051541063
CCBP_OUT,6/9/18,1.555431513,-0.562259482,3.582002859,-5.155891273,-8.548274376,-1.526209273,1.312387182,0.760860716,1.79876636
CCBP_OUT,6/10/18,0.239365292,-1.669324945,2.117563318,-2.586230622,-6.006934653,0.850757728,1.183937332,0.68834302,1.81614849
CCBP_OUT,6/11/18,1.666176042,-0.197348812,3.672642791,-4.047146693,-7.330277459,-0.752025409,1.029485258,0.488960757,1.6451193
CCBP_OUT,6/12/18,2.240359953,0.275996206,4.241117103,-4.607163745,-8.520986273,-0.939296232,1.064262727,0.586906822,1.638194386
CCBP_OUT,6/13/18,0.32914317,-1.760622569,2.403259911,-1.830305408,-5.225763049,1.806277701,1.062864332,0.559927431,1.598000178
CCBP_OUT,6/14/18,2.62147503,0.621159353,4.65803618,-5.981584462,-9.364284632,-2.596481741,1.04823312,0.466824953,1.560383362
CCBP_OUT,6/15/18,0.793955108,-1.089814711,2.43826818,-5.250135317,-8.365709801,-1.836586653,1.144304779,0.723683413,1.616090255
CCBP_OUT,6/16/18,-0.011922115,-1.842309086,2.205286082,-2.791380741,-6.43188094,0.65922205,1.11658942,0.608654456,1.608296979
CCBP_OUT,6/17/18,2.012720295,-0.192323007,4.258393514,-3.68227581,-7.116796902,-0.263244775,1.087639957,0.501179412,1.513002603
CCBP_OUT,6/18/18,1.040174636,-1.166406028,3.082377425,-2.933579712,-6.613894752,0.388114783,1.086756484,0.650492163,1.637849713
CCBP_OUT,6/19/18,1.661784245,-0.435597347,3.682901432,-3.531405914,-7.142989989,-0.23201913,1.023658713,0.484206955,1.581691054
CCBP_OUT,6/20/18,2.162637291,0.059719721,4.28155662,-4.27117198,-7.979795872,-1.181698267,1.050929006,0.43901118,1.537063737
CCBP_OUT,6/21/18,3.308001212,1.362050769,5.320932182,-5.679530054,-9.23948094,-2.289814027,1.123471847,0.62936047,1.537455237
CCBP_OUT,6/22/18,3.152539951,1.077665073,5.210062351,-6.371535624,-9.829032987,-3.054623389,1.177781783,0.67638284,1.656691068
CCBP_OUT,6/23/18,3.515265376,1.351471155,5.77304889,-7.965765075,-12.15237896,-4.309371681,1.198412806,0.76533201,1.704283568
CCBP_OUT,6/24/18,1.174251392,-0.716189064,3.04723025,-2.868519114,-6.343860107,0.597416562,1.169431875,0.748127917,1.678561652
CCBP_OUT,6/25/18,1.308872853,-0.268857383,2.962618507,-5.787061927,-9.424469471,-2.679705719,1.319186844,0.76190431,1.862464453
CCBP_OUT,6/26/18,2.46066982,0.529412479,4.458462885,-5.937375775,-9.362657751,-2.421502406,1.019789928,0.484493543,1.472035805
CCBP_OUT,6/27/18,3.115244972,0.925169131,5.471562985,-4.364792932,-7.887276165,-0.701350203,1.10061971,0.54750691,1.565390389
CCBP_OUT,6/28/18,0.499550168,-1.654219385,2.537631452,-7.700477625,-11.30893482,-3.918241185,2.198582105,1.436401938,2.740550352
CCBP_OUT,6/29/18,-0.634108017,-2.487782247,1.453025715,-5.211655377,-8.699304141,-1.624767288,1.718611446,1.089897085,2.205060651
CCBP_OUT,6/30/18,2.155434144,0.119579238,4.153906847,-4.854097008,-8.797975371,-1.448218717,1.151587399,0.544707862,1.646546624
CCBP_OUT,7/1/18,3.041652573,0.775131559,5.098335227,-6.196653244,-9.555704707,-2.50644611,0.992716817,0.112876741,1.464755369
CCBP_OUT,7/2/18,2.557120236,0.720698742,4.648894407,-7.606974909,-10.86446109,-3.674636507,1.094077951,0.603165137,1.508741902
CCBP_OUT,7/3/18,0.327350996,-1.895563324,2.292923146,-5.256512832,-9.466370697,-0.634815278,1.177007746,0.748398974,1.688436263
CCBP_OUT,7/4/18,1.660644313,-0.284746392,3.693135488,-5.522294201,-9.051492912,-1.958479751,1.106354651,0.625136584,1.537457946
CCBP_OUT,7/5/18,2.945241681,1.004211348,4.928204653,-7.842459086,-11.56911012,-4.424061916,1.200140382,0.745185374,1.661082494
CCBP_OUT,7/6/18,-2.488578491,-4.802784071,-0.379231875,5.838241138,2.631852954,9.560934588,1.155456626,0.543714549,1.598160954
CCBP_OUT,7/7/18,-2.03875795,-3.898594144,-0.218498845,1.577278061,-1.706420025,4.896428205,1.30303636,0.791201047,1.998403604
CCBP_OUT,7/8/18,-1.369038149,-3.212625473,0.568250546,0.605024417,-2.622381283,3.680920381,1.310967896,0.801692292,1.961684985
CCBP_OUT,7/9/18,-1.694680431,-4.27869421,0.260667611,0.986619051,-2.620081097,6.380625867,1.313780071,0.831106845,1.894252812
CCBP_OUT,7/10/18,-1.540099872,-3.419478768,0.469903887,1.343309763,-2.046215488,4.193232261,1.314693402,0.791663728,1.950986903
CCBP_OUT,7/12/18,0.838955613,-0.97420433,2.744679716,-6.622060926,-10.42513822,-2.908836155,1.300978201,0.709331411,1.894429689
CCBP_OUT,7/13/18,1.518721007,-0.216693102,3.484603283,-6.866813224,-10.94266022,-3.621838355,1.293164895,0.732621092,1.918077484
CCBP_OUT,7/14/18,1.257741015,-0.945208271,3.476999792,-6.990113396,-11.41585792,-2.350348764,1.305463634,0.671857,1.947369047
CCBP_OUT,7/15/18,1.381398128,-0.34154938,3.287124586,-7.192118273,-11.33005331,-3.344503303,1.297914479,0.723578866,1.901852377
CCBP_OUT,7/16/18,1.24186901,-1.054109921,3.222995572,-6.407944285,-11.02878696,-2.67387587,1.309080704,0.742251885,1.917551335
CCBP_OUT,7/17/18,0.370823098,-1.155964858,1.874094477,-7.124683333,-10.74921129,-3.437847068,1.294444343,0.78548698,1.88638107
CCBP_OUT,7/18/18,2.144559421,0.334488011,4.072727723,-7.467186817,-11.57324049,-3.837028844,1.247674696,0.688044237,1.814383558
CCBP_OUT,7/21/18,0.730464376,-1.157455961,2.532511392,-6.585536231,-10.87425366,-2.883532076,1.294433106,0.818773545,1.847152978
CCBP_OUT,7/22/18,1.875590619,-0.291112315,4.043388798,-8.540974524,-13.07521795,-4.462391128,1.294707192,0.783813111,1.930252066
CCBP_OUT,7/24/18,1.954385611,0.236466342,3.833006244,-7.043800397,-11.34665449,-3.560987396,1.286436563,0.710140112,1.910449839
CCBP_OUT,7/25/18,-0.877987783,-2.744528825,1.193598353,-5.775636817,-10.08192253,-1.146134205,1.347036267,0.790450656,2.004169976
CCBP_OUT,7/26/18,0.368668819,-1.501001412,2.28657956,-7.017668198,-11.04120501,-3.12098077,1.28377346,0.803522981,1.888655902
CCBP_OUT,8/1/18,1.293578841,-0.984875083,3.501704468,-7.571300874,-12.69608255,-3.006945394,1.45035396,0.689479109,2.451007612
CCBP_OUT,8/2/18,2.899863803,1.046413136,4.686132982,-6.109512282,-9.645057747,-2.498831028,1.28964879,0.526315328,1.93560276
CCBP_OUT,8/3/18,0.828408655,-1.078273449,2.618716482,-6.228297516,-10.2838209,-2.650034701,1.314514007,0.736528643,1.948804381
CCBP_OUT,8/4/18,1.394454762,-0.703316441,3.490364707,-7.626779437,-11.84014374,-3.86473303,1.306881335,0.752969327,1.913607969
CCBP_OUT,8/5/18,1.956129228,0.030700189,3.846220801,-7.003473176,-11.12576824,-3.248264365,1.301071622,0.660514594,2.04193437
CCBP_OUT,8/15/18,1.161314141,-0.517740589,3.259874544,-5.826524716,-9.442823299,-2.277723811,1.221906034,0.767509623,1.732535234
CCBP_OUT,8/16/18,1.002638247,-0.834417129,2.926527643,-5.730181647,-9.461231848,-2.283747251,1.261959042,0.659769136,1.917942831
CCBP_OUT,8/17/18,2.175914656,0.226436641,4.038351075,-7.137323672,-11.22421709,-3.641241398,1.278490052,0.753943032,1.861070736
CCBP_OUT,8/22/18,1.22810255,-0.77874902,2.869766883,-6.814832517,-11.08996785,-3.029486055,1.238561557,0.786852388,1.793431302
CCBP_OUT,8/23/18,1.245327605,-0.482565463,3.123312689,-5.913881713,-10.2502199,-2.303765435,1.053572991,0.543293563,1.558794633
CCBP_OUT,8/24/18,1.074091661,-0.687930683,2.99727776,-6.312539639,-10.05250515,-2.471098754,1.189926173,0.743012901,1.682169121
CCBP_OUT,8/25/18,1.032626111,-0.785923488,2.809103274,-6.14299106,-10.04775304,-2.44076469,1.246328563,0.785217485,1.797356133
CCBP_OUT,8/26/18,1.200302054,-0.70635714,3.113409117,-6.390606454,-10.44613611,-2.227601868,1.270340644,0.780524459,1.910225728
CCBP_OUT,8/27/18,0.526627196,-1.178276675,2.648580447,-4.942319423,-8.800714037,-1.357672564,1.320645247,0.821479273,2.001314562
CCBP_OUT,8/28/18,1.41209786,-0.336418863,3.296787983,-6.798424181,-10.873746,-2.679086548,1.30197192,0.796595442,1.887689283
CCBP_OUT,8/29/18,1.020128137,-0.666461841,2.928390837,-6.559442193,-10.79389317,-2.766497817,1.303858095,0.754229123,1.934825656
CCBP_OUT,8/30/18,0.118360373,-1.677307515,1.941638169,-6.804554174,-10.86336039,-2.727541851,1.293292406,0.696698494,1.883352189
CCBP_OUT,9/2/18,1.621785534,-0.279694776,3.369958537,-7.268419234,-11.39273974,-3.279617853,1.312504573,0.765698515,1.90888907
CCBP_OUT,9/3/18,0.729350544,-1.006675837,2.395538833,-5.624040786,-10.56891686,-1.393895223,1.33180204,0.798292504,1.980615759
CCBP_OUT,9/5/18,1.164919757,-0.551734772,2.842284075,-6.857277316,-10.91113372,-3.073463322,1.32594196,0.825277558,1.910680216
CCBP_OUT,9/6/18,0.913934334,-0.484396695,2.575293065,-6.893719259,-10.64493999,-3.114299371,1.290051592,0.795233785,1.850889327
CCBP_OUT,9/9/18,2.378949662,0.214413362,4.646265912,-7.862296473,-12.06881253,-3.950844227,1.316450228,0.872920457,1.869498333
CCBP_OUT,9/10/18,0.766143233,-1.352014172,2.726603758,-5.153534153,-9.16865039,-0.781703615,1.294463019,0.736571742,1.940798647
CCBP_OUT,9/11/18,1.097451722,-0.891020568,3.031009023,-6.476853549,-10.61946926,-2.887692157,1.111460463,0.658387113,1.733002753
CCBP_OUT,9/12/18,-0.090868651,-2.365685907,2.190921508,-5.025972166,-9.244453062,-1.018964212,1.130760377,0.711146157,1.667503535
CCBP_OUT,9/13/18,1.264986419,-0.755031871,3.323118604,-7.042324941,-11.05043153,-3.56776903,1.216054829,0.752601423,1.708761532
CCBP_OUT,9/14/18,1.06885539,-0.599320204,2.703737537,-6.343897338,-10.30310862,-2.472437654,1.246633324,0.778328179,1.81701483
CCBP_OUT,9/15/18,1.009593877,-1.603730093,3.169082379,-8.05219973,-12.41112848,-4.031312386,1.246166369,0.815969143,1.80651243
CCBP_OUT,9/16/18,0.69166613,-0.951022501,2.355651521,-6.56696009,-10.68859185,-2.824948275,1.268565965,0.793473893,1.844313741
CCBP_OUT,9/17/18,0.795388416,-0.927387803,2.511910167,-5.764162732,-10.03313144,-1.979574517,1.246997346,0.743172301,1.79437144
CCBP_OUT,9/18/18,-0.775532743,-2.584096013,1.022742408,-9.709965735,-13.91266979,-5.61585549,2.440162499,1.657701696,3.059261386
CCBP_OUT,9/19/18,1.364380395,-0.488694248,3.218960956,-12.7707489,-17.26944324,-8.027718171,2.442614905,1.678068423,3.063392629
CCBP_OUT,9/20/18,0.316070705,-3.203291172,2.205181911,-11.95269253,-16.62340608,-7.461955364,2.446479705,1.710661421,3.061289401
CCBP_OUT,9/21/18,0.407970945,-1.216944888,1.979739743,-11.88385577,-16.60866632,-7.472944754,2.445575391,1.745419398,3.081833267
CCBP_OUT,9/22/18,-0.457646989,-2.317933939,1.325051099,-10.87811633,-14.98392336,-6.503488761,2.312861674,1.642366194,2.918146813
CCBP_OUT,9/23/18,0.041479263,-1.491875272,1.706820358,-9.918376629,-13.8570333,-5.998134355,1.887216895,1.300625772,2.346769624
CCBP_OUT,9/24/18,0.667543628,-0.932309027,2.633943734,-8.700697924,-12.6834471,-4.982166694,1.720784899,1.163278917,2.201801683
CCBP_OUT,9/30/18,0.033373577,-1.474140658,1.604464967,-11.67597185,-15.81123924,-6.46118552,2.201701426,1.456390181,2.767332655
CCBP_OUT,10/1/18,-0.048954903,-1.543899292,1.64950293,-11.5055156,-15.26073688,-6.38776633,2.253250608,1.535415698,2.827578585
CCBP_OUT,10/4/18,0.194254701,-1.709504344,2.153312233,-13.01796612,-17.50864077,-7.889395154,2.433385058,1.610186212,3.053308409
CCBP_OUT,10/5/18,0.034869135,-1.245099682,1.26313223,-11.18383343,-15.28213333,-6.712163897,2.45366279,1.709326285,3.07105432
CCBP_OUT,10/8/18,0.340658736,-1.385722112,2.602349879,-13.44431192,-18.30428031,-8.650568265,2.416473239,1.698490352,3.047082219
CCBP_OUT,10/15/18,-0.726671843,-2.650674412,1.331839875,-9.581762995,-13.64748569,-4.76475055,2.451064257,1.694850923,3.061857181
CCBP_OUT,10/16/18,0.463436534,-0.833837064,1.873464893,-11.55381486,-15.68791665,-7.408926162,2.455278424,1.72939907,3.065451854
CCBP_OUT,10/18/18,0.493929315,-0.840808188,1.978468792,-9.534635243,-13.51408706,-5.31764615,2.447163949,1.60353638,3.093763755
CCBP_OUT,10/19/18,0.42354536,-1.098108097,1.93699098,-10.79921578,-14.69648468,-5.892598643,2.440485033,1.630708995,3.081368922
CCBP_OUT,10/20/18,-0.007365263,-1.952959721,1.948439101,-7.584566444,-11.83005606,-3.641568727,2.45424847,1.72430185,3.061042458
CCBP_OUT,10/21/18,1.731339491,0.01059799,3.256378048,-10.08636181,-13.54455376,-6.240181781,2.456141704,1.714450128,3.097139057
CCBP_OUT,10/22/18,0.242426311,-1.542286738,1.793170183,-9.327061568,-14.01081209,-4.972890922,2.470107028,1.744692493,3.105448595
CCBP_OUT,10/23/18,-0.374602243,-2.339189592,1.462110874,-7.898220763,-11.70773052,-4.160381951,2.457312464,1.72099514,3.06171965
CCBP_OUT,10/24/18,0.267844453,-1.664194425,2.24242064,-8.31828114,-12.03629561,-4.199659074,2.450705059,1.71296325,3.128816034
CCBP_OUT,10/25/18,0.799088281,-1.068758553,2.562340428,-8.051733709,-12.05732871,-3.980099343,2.442929586,1.673256067,3.068288864
CCBP_OUT,10/26/18,-0.084842431,-1.664179452,1.720037699,-7.704873714,-11.38480157,-3.560746726,2.458345464,1.686093347,3.112761124
CCBP_OUT,10/27/18,1.495857666,-0.278566768,3.447106571,-7.185815641,-10.42502755,-3.172943256,2.448069347,1.66966409,3.122608111
CCBP_OUT,10/28/18,1.060781342,-0.805710265,2.864871648,-7.584984123,-11.03591925,-3.87622633,2.464554851,1.743761956,3.081748674
CCBP_OUT,10/29/18,1.174214991,-0.468414136,2.776865862,-7.502963865,-10.81071913,-3.708631075,2.454249304,1.719779028,3.094691613
CCBP_OUT,10/30/18,0.96124177,-0.979674641,2.826009817,-7.851774783,-11.4345751,-4.141328882,2.453743038,1.726753297,3.043907413
CCBP_OUT,10/31/18,0.704749412,-1.034820216,2.4078969,-7.339185797,-10.71006029,-3.466374001,2.44538809,1.568053106,3.112909494
CCBP_OUT,11/1/18,0.080042929,-1.683570036,1.871543822,-8.458269178,-11.86926327,-4.414429745,2.451814512,1.728050873,3.06393165
CCBP_OUT,11/2/18,0.039876288,-1.75970871,1.632733218,-7.816218078,-11.35932995,-3.904514578,2.461609173,1.722764252,3.135535984
CCBP_OUT,11/4/18,0.844045481,-0.912811903,2.74197069,-7.984616601,-11.61038695,-4.36385742,2.470551394,1.765834752,3.072629508
CCBP_SIDE,6/6/18,-0.621715561,-2.115311209,0.921823499,2.876909482,-0.245581462,5.85183186,0.71506463,0.286479187,1.292634594
CCBP_SIDE,6/7/18,0.074794028,-1.446698145,1.761577544,2.582770021,-0.533499223,5.560572074,0.590935172,0.25063664,1.021437987
CCBP_SIDE,6/8/18,-1.287790693,-2.817619848,0.404424503,3.749066616,0.706588213,6.74351313,0.526828482,0.238304549,0.921904526
CCBP_SIDE,6/9/18,-1.142787662,-2.834829636,0.638154376,2.741280487,-0.381503998,5.726384628,0.444656892,0.19025862,0.799474266
CCBP_SIDE,6/10/18,-1.321446978,-2.999483863,0.274240127,1.882165475,-1.034017747,5.042338184,0.37136631,0.137170221,0.688789899
CCBP_SIDE,6/11/18,0.139044139,-1.463685898,1.555161483,-0.100129469,-2.580050202,2.765476689,0.306640087,0.084949075,0.590133256
CCBP_SIDE,6/12/18,2.452146308,0.820327957,4.118834435,-0.134866381,-3.31292739,2.663843896,0.309193724,0.11125612,0.564588331
CCBP_SIDE,6/13/18,2.485603101,0.832249674,4.154866769,-1.204230689,-4.052265655,1.872874183,0.306311245,0.082186868,0.589874318
CCBP_SIDE,6/14/18,2.114770261,0.577811488,3.780570052,-3.003858706,-5.883144208,-0.238709227,0.310996336,0.104055547,0.588019747
CCBP_SIDE,6/15/18,0.722095185,-0.759682168,1.964271279,0.027301472,-2.778825491,4.211388999,0.303588418,0.086601917,0.577958926
CCBP_SIDE,6/16/18,1.100583363,-0.45917575,2.937320264,1.142542222,-1.70438353,3.950110961,0.296983652,0.081960836,0.565566045
CCBP_SIDE,6/17/18,0.316871285,-1.32825483,2.072570518,0.885754844,-2.138653714,3.767836172,0.299761404,0.096407024,0.555796736
CCBP_SIDE,6/18/18,2.739304319,0.867703343,4.301906133,-1.38640707,-4.095415391,1.962613562,0.301223887,0.082977687,0.573916952
CCBP_SIDE,6/19/18,2.567432958,0.917475727,4.10742288,-2.195171036,-4.917886091,0.877527724,0.316424112,0.107543496,0.603854444
CCBP_SIDE,6/20/18,4.310903468,2.586996017,5.88771981,-3.219789194,-5.988071289,0.107447516,0.281995231,0.068294613,0.538385849
CCBP_SIDE,6/21/18,2.332963498,0.546780052,3.929785486,-1.735298076,-4.435400924,1.063754037,0.283385739,0.035272764,0.519452073
CCBP_SIDE,6/22/18,3.930563541,2.215844171,5.581414493,-2.570691346,-5.681164929,0.276048166,0.27890578,0.097483155,0.50411356
CCBP_SIDE,6/23/18,5.136926207,3.233628329,6.93923797,-6.063840472,-8.935011098,-2.856896762,0.301218982,0.090936869,0.564494922
CCBP_SIDE,6/24/18,2.117339444,0.591939576,3.582109177,1.541089841,-1.039201865,4.476735794,0.320230685,0.115773354,0.581560993
CCBP_SIDE,6/25/18,0.250639893,-1.108755418,1.645756371,0.130083736,-2.685962193,2.871824345,0.42340598,0.153993072,0.756191944
CCBP_SIDE,6/26/18,1.532771511,-0.075789463,3.151947959,0.498620097,-2.962983771,3.50558357,0.281597212,0.063406224,0.54103897
CCBP_SIDE,6/27/18,2.385377701,0.531973003,4.235417129,-0.819588158,-3.991082286,2.145891856,0.307183698,0.108863294,0.571878022
CCBP_SIDE,6/28/18,0.929910716,-0.63474907,2.707475232,0.442226815,-3.360307862,4.128706583,0.858412315,0.356039216,1.582907564
CCBP_SIDE,6/29/18,1.746859423,0.246724017,3.543659817,1.570713556,-1.687558124,4.698566471,0.613496135,0.261158788,1.05766481
CCBP_SIDE,6/30/18,1.803712646,0.200140149,3.604314175,-0.348526567,-3.209790645,2.796767725,0.372934623,0.123476856,0.701413503
CCBP_SIDE,7/1/18,1.420692819,-0.475870709,3.109647362,-0.105549687,-3.161020661,2.944286897,0.298072091,0.066077477,0.585577233
CCBP_SIDE,7/2/18,2.514073947,1.013220149,4.110610787,-1.956976394,-4.669174746,1.021819664,0.299075674,0.089976458,0.554310046
CCBP_SIDE,7/3/18,2.50606401,0.949911109,4.248305566,-1.949607731,-4.785301704,1.223183199,0.289371137,0.091509115,0.543468688
CCBP_SIDE,7/4/18,5.540601929,3.985830421,7.25718762,-5.516381021,-8.345282777,-2.364155652,0.282925316,0.070422511,0.510939989
CCBP_SIDE,7/5/18,6.331581715,4.514182821,7.878619701,-4.68070734,-7.434130182,-1.772609323,0.344467774,0.119572177,0.660098372
CCBP_SIDE,7/6/18,7.175861543,5.482273758,9.018278793,-7.396157643,-10.08810524,-4.423916019,0.331973989,0.126565073,0.616580627
CCBP_SIDE,7/7/18,8.132511302,6.548613638,9.70103634,-6.027367479,-8.924169701,-3.033350249,0.368905515,0.147363501,0.698349597
CCBP_SIDE,7/8/18,2.176980647,0.653486902,3.816327379,3.938370997,1.116368088,7.12178178,0.346950657,0.124608965,0.642989889
CCBP_SIDE,7/9/18,-1.480838385,-3.055278045,0.112504097,2.514558417,-0.454357242,5.748339793,0.340994493,0.119104594,0.610391651
CCBP_SIDE,7/10/18,-1.3565183,-2.939968917,0.213409393,3.019339294,0.125614042,6.406642771,0.367722656,0.147241822,0.6259708
CCBP_SIDE,7/12/18,2.719749567,1.285126372,4.367158595,-1.97187818,-4.713143848,0.834384249,0.377629091,0.142947119,0.617616587
CCBP_SIDE,7/13/18,3.002845853,1.449148635,4.742146642,-2.264755092,-4.984642622,0.710518277,0.402260551,0.179109389,0.66301025
CCBP_SIDE,7/14/18,3.276392738,1.707197729,5.096973625,-2.239584184,-5.146116848,0.332723372,0.440079538,0.188715611,0.702374928
CCBP_SIDE,7/15/18,1.96845578,0.237078527,3.376191012,-1.193717141,-3.986422551,1.404447926,0.421190216,0.193098066,0.69502351
CCBP_SIDE,7/16/18,3.738880651,2.10476397,5.582507084,-3.323514881,-6.100851101,-0.251149296,0.405535385,0.176134893,0.65293066
CCBP_SIDE,7/17/18,2.692266046,1.467281449,3.891561819,-2.320883793,-7.082338044,0.255581496,0.351932478,0.129036351,0.62968329
CCBP_SIDE,7/18/18,4.971978365,3.444614783,6.39970544,-4.3595741,-6.886180324,-1.448067424,0.291566987,0.078037177,0.53720485
CCBP_SIDE,7/19/18,1.85195972,0.307740546,3.357420506,-0.981396135,-3.901845957,1.72964958,0.310153168,0.090401996,0.55198888
CCBP_SIDE,7/20/18,2.242814896,0.600854852,3.813380831,-1.74822439,-4.170701984,1.110578373,0.307174888,0.06850544,0.555089767
CCBP_SIDE,7/21/18,2.399260005,0.870030436,4.041857066,-0.835308028,-3.752527613,1.786445616,0.334749911,0.104656918,0.58864623
CCBP_SIDE,7/22/18,2.317579515,0.743355496,4.133391617,-1.414151557,-4.074814076,1.458844278,0.319302143,0.086993292,0.590146147
CCBP_SIDE,7/23/18,4.164476909,2.733952637,5.666184102,-4.144211554,-6.904731927,-1.568322937,0.373188815,0.144204903,0.626066065
CCBP_SIDE,7/24/18,4.333742832,2.648461674,5.738754137,-3.819749251,-6.568291794,-0.998358968,0.431546265,0.19952021,0.67382416
CCBP_SIDE,7/25/18,4.781546243,3.130161564,6.304170372,-3.296500539,-5.745731123,-0.438610323,0.47324486,0.223398008,0.780091436
CCBP_SIDE,7/26/18,4.02286377,2.617192796,5.717883989,-4.197208614,-6.862264261,-1.529058959,0.321923056,0.097692891,0.602319476
CCBP_SIDE,7/27/18,3.491412373,1.840653977,4.968010187,-2.626199884,-5.356500196,0.271000569,0.295457308,0.087437466,0.551865243
CCBP_SIDE,7/28/18,4.240368836,2.559043353,5.764701544,-3.461020514,-6.431978166,-0.553485508,0.306608223,0.09323223,0.556792733
CCBP_SIDE,7/29/18,8.91335675,7.219177669,10.52364185,-7.962366301,-11.01795251,-5.276574347,0.358813539,0.147017056,0.608842659
CCBP_SIDE,7/30/18,8.004687753,6.272779809,9.690698828,-6.801661453,-10.0517314,-3.956823127,0.42234021,0.181578827,0.675118222
CCBP_SIDE,7/31/18,6.77587412,5.152659452,8.188860719,-4.961063413,-7.934241788,-2.369686992,0.539054181,0.268592794,0.877502231
CCBP_SIDE,8/1/18,8.851233906,6.967721317,10.75691907,-6.615045688,-9.737581327,-3.689291393,0.678648981,0.352463811,1.104091166
CCBP_SIDE,8/2/18,6.719170698,5.283495207,8.264537438,-5.179436704,-8.129965417,-2.31984062,0.507688411,0.264518662,0.839699697
CCBP_SIDE,8/3/18,4.582695906,3.115150661,6.183110262,-3.754492759,-6.417008602,-1.091853495,0.464586379,0.233611479,0.73837719
CCBP_SIDE,8/4/18,5.098250335,3.412390709,6.771859587,-3.960881337,-6.783207804,-0.961695513,0.454365208,0.219679659,0.734724331
CCBP_SIDE,8/5/18,3.353971221,1.756853523,4.923606091,-2.274403429,-5.047988074,0.654366837,0.475270509,0.197676745,0.768231526
CCBP_SIDE,8/7/18,3.304244117,1.776013508,4.861250846,-2.427630003,-5.32899556,0.184881756,0.587672341,0.268209465,0.971418754
CCBP_SIDE,8/8/18,1.645081143,0.17478206,3.140050826,-0.773384911,-3.774286224,1.79062587,0.60183282,0.273275031,1.029787737
CCBP_SIDE,8/9/18,2.766588122,1.352860157,4.1218483,-2.672941128,-5.444523433,-0.039246973,0.518883403,0.247289418,0.85577981
CCBP_SIDE,8/10/18,1.729407656,0.228641555,3.170071992,-0.920912352,-3.822525397,1.745868039,0.58760957,0.268654381,0.977691255
CCBP_SIDE,8/11/18,1.22031676,-0.627283258,3.059858122,-1.597721594,-4.219217951,1.451195012,0.407894025,0.174220646,0.704844965
CCBP_SIDE,8/12/18,2.024680049,0.27669302,3.984203864,-1.338954976,-4.354510807,1.588991337,0.316392855,0.089656212,0.584648472
CCBP_SIDE,8/13/18,0.48487177,-1.011684782,2.12879053,-0.495671519,-3.177269219,2.298331667,0.314218212,0.106496019,0.607252586
CCBP_SIDE,8/14/18,3.747288713,1.956170928,5.265050449,-2.752760684,-5.548703411,0.066477128,0.298885304,0.092014823,0.574229036
CCBP_SIDE,8/15/18,3.739993274,2.433746062,5.269254302,-2.971457159,-5.636336126,-0.360756024,0.317865294,0.114603968,0.612162661
CCBP_SIDE,8/16/18,4.358550585,2.724849572,5.757696003,-4.469519468,-7.249149199,-1.704100229,0.305339082,0.087590451,0.578067302
CCBP_SIDE,8/17/18,1.112717173,-0.395759208,2.684242426,-0.272184517,-3.082533479,2.324634491,0.355897963,0.123011138,0.629843682
CCBP_SIDE,8/18/18,2.110956195,0.532023016,3.701313834,-3.063556666,-5.767884107,-0.316498431,0.299018644,0.066156684,0.571304263
CCBP_SIDE,8/19/18,3.404796591,1.750921519,4.989596092,-2.60039161,-5.160934766,0.297018183,0.294610708,0.04540251,0.562070362
CCBP_SIDE,8/20/18,2.338902355,0.892726105,3.698120327,-2.029024215,-4.700616991,0.483738294,0.304202603,0.095924389,0.572608224
CCBP_SIDE,8/21/18,1.091483424,-0.827136082,2.839819067,-0.822398662,-3.533772587,2.134396138,0.334009532,0.116311392,0.595831527
CCBP_SIDE,8/22/18,2.175597883,0.862033634,3.725036593,-2.26694452,-4.999884534,0.368006924,0.401554104,0.17032114,0.744428315
CCBP_SIDE,8/23/18,2.657894181,0.420964891,4.290974713,-1.982326273,-5.002103619,1.947259982,0.321027958,0.108653711,0.589305352
CCBP_SIDE,8/24/18,1.369836685,-0.100424909,2.970852437,-0.981367214,-3.627616845,1.886661798,0.308728408,0.101031135,0.575134284
CCBP_SIDE,8/25/18,2.729000536,1.184059212,4.367462705,-2.344081018,-5.337180587,0.400187338,0.311509573,0.112882319,0.566178274
CCBP_SIDE,8/26/18,2.307977204,0.932448134,3.906562278,-2.820801091,-5.515264937,-0.222243693,0.306710995,0.100189649,0.58017077
CCBP_SIDE,8/27/18,2.303175457,0.845872995,3.801991756,-2.00358162,-4.47612987,0.5610289,0.336189948,0.124022035,0.612992262
CCBP_SIDE,8/28/18,1.673551297,0.243911156,3.266220395,-1.842720413,-4.753223576,0.637531804,0.33883882,0.12168544,0.611606335
CCBP_SIDE,8/29/18,1.326817026,0.00939815,2.858526297,-1.250805294,-3.852016357,1.287451675,0.348807297,0.130823252,0.64319799
CCBP_SIDE,8/30/18,0.722857819,-0.672274131,2.069873848,-0.892907565,-3.680466329,1.648447787,0.36994747,0.14481147,0.671028662
CCBP_SIDE,8/31/18,0.16721346,-1.235468121,1.644277714,-0.10646262,-2.59004518,2.598431775,0.427791745,0.195327814,0.723383124
CCBP_SIDE,9/2/18,1.005021063,-0.508057634,2.376451336,-1.154883509,-3.623324219,1.536108932,0.437860732,0.191536546,0.714133921
CCBP_SIDE,9/3/18,0.667291805,-0.8062864,2.064634256,-1.024291338,-3.572845509,1.605086895,0.436473396,0.193145126,0.731854868
CCBP_SIDE,9/4/18,0.653137651,-0.653884164,2.014516198,-0.43928921,-2.861264523,2.235006559,0.440213463,0.208174413,0.70704653
CCBP_SIDE,9/5/18,1.399950177,-0.035640123,2.747799551,-0.695157589,-3.338017522,1.893834044,0.414102688,0.179960072,0.676715101
CCBP_SIDE,9/6/18,1.995220467,0.831163783,3.249931076,-2.350234003,-5.06762324,0.206890195,0.383027245,0.163689318,0.661499602
CCBP_SIDE,9/7/18,2.210099921,0.465420001,3.827837065,-1.879465126,-4.439270416,1.064845043,0.369557327,0.156751271,0.637781582
CCBP_SIDE,9/8/18,1.123982056,-0.549532489,2.584463411,-1.036237269,-3.696551438,1.686124834,0.380990675,0.164727192,0.66378249
CCBP_SIDE,9/9/18,2.062245183,0.271663924,3.791452104,-1.222706949,-3.727855948,1.747173094,0.384494428,0.159582699,0.679986504
CCBP_SIDE,9/10/18,1.241007205,-0.545895249,2.754082904,-1.151339597,-3.961456721,1.569294335,0.319096965,0.119007219,0.595545963
CCBP_SIDE,9/11/18,-0.060821637,-1.703764643,1.484066921,0.594130195,-2.097252769,3.450479803,0.34517352,0.118699402,0.643927134
CCBP_SIDE,9/12/18,1.433260739,-0.454796921,3.248170083,-1.414060827,-4.177354057,1.616053851,0.319571423,0.115770629,0.585962743
CCBP_SIDE,9/13/18,0.118269996,-1.585478707,1.629252593,-0.065988697,-2.805704147,2.810415607,0.314386929,0.101304428,0.593652926
CCBP_SIDE,9/14/18,1.825894532,0.287032104,3.122005349,-1.996206799,-4.486979723,0.762816142,0.315420062,0.120197964,0.609115638
CCBP_SIDE,9/15/18,0.284887896,-1.403526123,2.274084173,-1.010099569,-3.780537086,1.912807654,0.3117933,0.091402526,0.602040321
CCBP_SIDE,9/17/18,1.923209303,0.453065278,3.312985264,-1.698889722,-4.36304189,1.177016144,0.316098012,0.124143444,0.598997855
CCBP_SIDE,9/18/18,0.524208485,-1.082826035,1.82297101,0.666261269,-2.078274518,3.727170049,1.009838903,0.372600075,1.925742098
CCBP_SIDE,9/19/18,1.273984123,-0.312641274,2.914803613,-0.520988355,-3.35415637,2.319280018,1.01244077,0.403355202,1.947841634
CCBP_SIDE,9/20/18,0.837128946,-0.607540217,2.408266064,0.015635373,-2.88798577,2.578917999,1.007962616,0.374948842,1.949793704
CCBP_SIDE,9/21/18,0.267707604,-1.134205952,1.714857648,0.42535276,-3.226086448,3.247135172,1.012049367,0.389052494,1.943594349
CCBP_SIDE,9/22/18,0.808114873,-0.714343691,2.285102099,-1.02148814,-3.602991086,1.839898651,0.928973801,0.375601995,1.750046551
CCBP_SIDE,9/23/18,-0.005009681,-1.223739385,1.3315988,0.108231271,-2.347223588,2.906676295,0.707952627,0.290927687,1.280781327
CCBP_SIDE,9/24/18,1.133977915,-0.353073668,2.565726403,-1.053301947,-3.397293634,1.741801875,0.621096501,0.263058852,1.077568678
CCBP_SIDE,9/27/18,0.373562819,-0.768637982,1.692565247,-0.244082817,-2.981723045,2.360938162,1.009774968,0.410577615,1.955767521
CCBP_SIDE,9/28/18,0.040481817,-1.451869958,1.50953995,-0.475123961,-3.11451551,2.291652113,1.013477573,0.379508047,1.975485453
CCBP_SIDE,9/30/18,-0.115991509,-1.398834234,1.175270325,0.274487302,-2.157436025,2.737527182,0.879250924,0.367718408,1.651684281
CCBP_SIDE,10/2/18,-0.394025047,-1.985696287,0.967838559,0.579093459,-2.251786621,3.353929682,1.012520694,0.390092798,1.959525612
CCBP_SIDE,10/3/18,-0.086618116,-1.613437484,1.437697923,-0.117840188,-2.735492836,2.655794386,1.013138049,0.379553843,1.949820448
CCBP_SIDE,10/4/18,0.012202012,-1.372658481,1.740923205,0.926377216,-1.856151925,3.577987193,1.014754896,0.405323351,1.963852047
CCBP_SIDE,10/5/18,-0.302007955,-1.428332874,0.711575906,0.452247545,-2.043549913,2.889278477,1.013418768,0.383709838,1.963000045
CCBP_SIDE,10/8/18,1.235966798,-0.406238185,2.863101205,-1.034968203,-3.659376103,1.622434343,0.989039308,0.378749167,1.869068437
CCBP_SIDE,10/9/18,1.470717389,0.17103074,2.593381852,-1.315333444,-3.887021427,1.327949687,1.013316758,0.373999083,1.976659442
CCBP_SIDE,10/10/18,0.746979233,-0.418962388,1.922106228,-0.418495463,-2.987023424,2.116565714,1.014610302,0.399035791,1.965689537
CCBP_SIDE,10/11/18,0.503815609,-1.049160331,1.964709214,-0.492760102,-3.102117219,2.392791079,1.010997307,0.386977898,1.959111241
CCBP_SIDE,10/12/18,0.101466467,-0.950389499,1.152248684,0.271391303,-2.315429571,2.562481112,1.015320082,0.397350146,1.969951592
CCBP_SIDE,10/13/18,0.108266226,-1.401289761,1.560991548,0.250826984,-2.24395494,3.106756037,1.013826938,0.377046962,1.942719209
CCBP_SIDE,10/14/18,-0.183818056,-1.347160592,1.052514505,0.581413886,-1.845385567,3.30057823,1.011816437,0.384582445,1.956115434
CCBP_SIDE,10/15/18,-0.528929604,-2.220432001,0.935825639,0.531403671,-2.024525974,3.435565085,1.012092124,0.395326124,1.970984019
CCBP_SIDE,10/16/18,0.366297002,-0.602139516,1.485338423,0.179402943,-2.402920415,2.771163891,1.008920256,0.391132454,1.943802006
CCBP_SIDE,10/18/18,1.023034442,-0.154185755,2.125231434,0.71366896,-1.904657082,3.427676561,1.00886309,0.36494597,1.929045675
CCBP_SIDE,10/19/18,0.780856625,-0.503473193,2.157245993,-0.326519646,-2.812906191,2.6706208,1.013468901,0.39751824,1.972073564
CCBP_SIDE,10/20/18,0.666626973,-1.013124485,2.148853161,2.062878876,-0.697808612,5.189704386,1.012737521,0.39213181,1.972152
CCBP_SIDE,10/21/18,0.955583026,-0.424445721,2.146322203,0.758062869,-2.209406921,4.231256281,1.009696277,0.383753944,1.950611479
CCBP_SIDE,10/22/18,-0.115086772,-1.409982552,1.12893539,1.409547534,-1.244397306,4.277133547,1.011957416,0.381699514,1.966129748
CCBP_SIDE,10/23/18,-0.642958536,-2.027796035,0.925614397,1.120049476,-1.885664517,3.859685947,1.011288981,0.406627943,1.926402389
CCBP_SIDE,10/24/18,-0.46706651,-1.923391082,1.143080666,3.091251594,-1.138296247,6.471193589,1.016055274,0.402692998,1.962435585
CCBP_SIDE,10/25/18,0.576970169,-0.994873828,2.071691212,1.308474325,-1.775091619,4.99535138,1.009870203,0.39734337,1.93176165
CCBP_SIDE,10/26/18,0.027642583,-1.220784008,1.451712326,1.230701184,-1.741391418,4.127573423,1.010071653,0.397325129,1.941940257
CCBP_SIDE,10/27/18,-0.844407279,-2.317148545,0.756341131,4.124404949,1.048380057,7.571216947,1.004915113,0.400053081,1.936711687
CCBP_SIDE,10/28/18,1.062383489,-0.474150635,2.597189265,0.997478095,-2.415872553,4.754853519,1.008801252,0.391257674,1.956781177
CCBP_SIDE,10/29/18,1.10718611,-0.230276973,2.391836189,1.388323857,-1.874772806,4.705939154,1.003052186,0.378616165,1.932937629
CCBP_SIDE,10/30/18,0.85309961,-0.60486986,2.28833727,1.542257172,-1.507821313,5.070019115,1.001918615,0.364755175,1.947434945
CCBP_SIDE,10/31/18,0.508983552,-0.923880301,1.996919568,1.524973816,-1.671058126,4.928438249,1.00721117,0.388208222,1.940336809
CCBP_SIDE,11/1/18,0.115041282,-1.371009474,1.644197449,0.874803984,-1.909731093,4.169191832,1.008038659,0.400775858,1.928225079
CCBP_SIDE,11/2/18,0.22442769,-1.198970021,1.761878773,1.456399189,-1.694897587,4.563443144,1.011269215,0.367480104,1.930179999
CCBP_SIDE,11/4/18,0.735230037,-0.647719394,2.11474141,1.536397492,-1.549232877,5.10607656,1.005365704,0.375978753,1.911425527