Date,Time,Discharge.cfs,DIN_UP_kg.day,DON_UP_kg.day,PN_UP_kg.day,DIN_OUT_kg.day,DON_OUT_kg.day,PN_OUT_kg.day,DIN_OUT_Scen_kg.day,DON_OUT_Scen_kg.day,PN_OUT_Scen_kg.day
20150618,1200,12.90,6.47,12.17,2.38,4.04,12.99,2.40,3.87,12.81,2.62
20150619,1200,10.90,5.26,10.24,2.04,3.16,10.95,2.06,3.09,10.81,2.26
20150620,1200,8.60,3.92,8.04,1.65,2.24,8.61,1.66,2.25,8.52,1.83
20150621,1200,24.70,14.40,23.67,4.26,10.39,25.10,4.30,9.17,24.64,4.63
20150622,1200,63.20,45.70,61.91,9.89,40.54,65.06,9.99,31.89,63.43,10.53
20150623,1200,68.30,50.26,67.03,10.60,45.36,70.39,10.72,35.35,68.58,11.27
20150624,1200,59.40,42.35,58.10,9.36,37.06,61.10,9.45,29.38,59.59,9.98
20150625,1200,53.10,36.90,51.81,8.46,31.51,54.53,8.55,25.32,53.23,9.05
20150626,1200,46.50,31.35,45.23,7.52,26.00,47.67,7.59,21.24,46.58,8.05
20150627,1200,39.10,25.34,37.87,6.44,20.22,39.99,6.49,16.87,39.12,6.92
20150628,1200,59.50,42.44,58.20,9.37,37.15,61.20,9.47,29.44,59.69,9.99
20150629,1200,85.50,66.21,84.35,12.96,62.77,88.38,13.11,47.59,85.98,13.72
20150630,1200,71.70,53.35,70.44,11.07,48.66,73.94,11.19,37.70,72.02,11.76
20150701,1200,64.40,46.76,63.11,10.06,41.66,66.32,10.17,32.70,64.64,10.71
20150702,1200,65.80,48.01,64.52,10.26,42.98,67.78,10.36,33.64,66.06,10.91
20150703,1200,58.70,41.74,57.40,9.26,36.43,60.37,9.35,28.92,58.89,9.87
20150704,1200,50.60,34.78,49.31,8.11,29.38,51.93,8.19,23.75,50.71,8.67
20150705,1200,44.80,29.95,43.53,7.27,24.63,45.90,7.34,20.21,44.86,7.80
20150706,1200,40.20,26.22,38.96,6.60,21.05,41.13,6.66,17.51,40.23,7.09
20150707,1200,36.50,23.28,35.30,6.05,18.30,37.29,6.11,15.40,36.50,6.52
20150708,1200,33.80,21.18,32.63,5.65,16.37,34.50,5.70,13.91,33.78,6.09
20150709,1200,30.00,18.29,28.88,5.07,13.77,30.57,5.12,11.87,29.96,5.49
20150710,1200,38.20,24.62,36.98,6.30,19.55,39.05,6.36,16.36,38.21,6.78
20150711,1200,34.80,21.96,33.62,5.80,17.08,35.53,5.85,14.46,34.79,6.25
20150712,1200,29.00,17.55,27.89,4.92,13.11,29.54,4.97,11.35,28.96,5.33
20150713,1200,24.50,14.26,23.47,4.23,10.27,24.89,4.27,9.07,24.44,4.59
20150714,1200,21.10,11.86,20.14,3.70,8.26,21.39,3.73,7.44,21.02,4.03
20150715,1200,18.80,10.29,17.90,3.34,6.99,19.03,3.36,6.38,18.72,3.64
20150716,1200,15.70,8.24,14.88,2.84,5.38,15.85,2.86,5.02,15.61,3.11
20150717,1200,13.20,6.66,12.46,2.43,4.18,13.30,2.45,3.99,13.11,2.67
20150718,1200,11.30,5.49,10.63,2.11,3.33,11.36,2.13,3.24,11.21,2.33
20150719,1200,10.50,5.02,9.86,1.98,3.00,10.54,1.99,2.94,10.41,2.18
20150720,1200,8.70,3.98,8.13,1.67,2.28,8.71,1.68,2.29,8.62,1.85
20150721,1200,7.00,3.04,6.51,1.37,1.66,6.99,1.38,1.71,6.92,1.53
20150722,1200,5.70,2.36,5.27,1.14,1.23,5.67,1.15,1.30,5.63,1.28
20150723,1200,4.70,1.86,4.33,0.96,0.93,4.66,0.97,1.01,4.63,1.08
20150724,1200,5.00,2.01,4.61,1.01,1.02,4.97,1.02,1.09,4.93,1.14
20150725,1200,6.80,2.94,6.32,1.34,1.59,6.79,1.35,1.65,6.72,1.49
20150726,1200,11.40,5.55,10.73,2.13,3.38,11.46,2.14,3.28,11.31,2.35
20150727,1200,12.90,6.47,12.17,2.38,4.04,12.99,2.40,3.87,12.81,2.62
20150728,1200,8.90,4.09,8.32,1.70,2.36,8.91,1.72,2.36,8.81,1.89
20150729,1200,6.70,2.88,6.22,1.32,1.56,6.68,1.33,1.62,6.62,1.47
20150730,1200,5.50,2.26,5.08,1.10,1.17,5.47,1.11,1.24,5.43,1.24
20150731,1200,5.10,2.06,4.71,1.03,1.05,5.07,1.04,1.12,5.03,1.16
20150801,1200,4.40,1.71,4.05,0.90,0.84,4.36,0.91,0.92,4.34,1.02
20150802,1200,4.10,1.57,3.76,0.85,0.76,4.06,0.85,0.84,4.04,0.95
20150803,1200,3.60,1.34,3.29,0.75,0.63,3.56,0.76,0.71,3.54,0.85
20150804,1200,5.90,2.46,5.46,1.18,1.29,5.88,1.18,1.36,5.83,1.32
20150805,1200,6.40,2.72,5.94,1.27,1.46,6.38,1.28,1.52,6.32,1.41
20150806,1200,5.20,2.11,4.80,1.05,1.08,5.17,1.06,1.15,5.13,1.18
20150807,1200,4.20,1.62,3.86,0.87,0.79,4.16,0.87,0.87,4.14,0.98
20150808,1200,3.40,1.25,3.11,0.72,0.58,3.36,0.72,0.65,3.34,0.81
20150809,1200,2.70,0.94,2.45,0.58,0.41,2.66,0.59,0.48,2.65,0.66
20150810,1200,2.10,0.69,1.90,0.46,0.29,2.06,0.47,0.34,2.06,0.53
20150811,1200,4.90,1.96,4.52,1.00,0.99,4.87,1.00,1.07,4.83,1.12
20150812,1200,7.10,3.10,6.60,1.39,1.70,7.09,1.40,1.75,7.02,1.55
20150813,1200,4.80,1.91,4.42,0.98,0.96,4.77,0.98,1.04,4.73,1.10
20150814,1200,3.50,1.29,3.20,0.74,0.60,3.46,0.74,0.68,3.44,0.83
20150815,1200,2.60,0.89,2.36,0.56,0.39,2.56,0.57,0.46,2.55,0.64
20150816,1200,1.90,0.61,1.71,0.42,0.25,1.86,0.43,0.30,1.86,0.48
20150817,1200,1.60,0.49,1.44,0.36,0.19,1.56,0.37,0.24,1.57,0.42
20150818,1200,1.40,0.41,1.25,0.32,0.16,1.37,0.32,0.20,1.37,0.37
20150819,1200,1.20,0.34,1.07,0.28,0.13,1.17,0.28,0.16,1.17,0.32
20150820,1200,1.10,0.31,0.98,0.26,0.11,1.07,0.26,0.14,1.07,0.30
20150821,1200,5.40,2.21,4.99,1.09,1.14,5.37,1.09,1.21,5.33,1.22
20150822,1200,14.40,7.41,13.62,2.63,4.74,14.52,2.65,4.48,14.31,2.88
20150823,1200,10.40,4.96,9.76,1.96,2.96,10.44,1.97,2.90,10.31,2.17
20150824,1200,8.90,4.09,8.32,1.70,2.36,8.91,1.72,2.36,8.81,1.89
20150825,1200,8.30,3.75,7.75,1.60,2.13,8.31,1.61,2.15,8.22,1.78
20150826,1200,7.80,3.48,7.27,1.51,1.94,7.80,1.52,1.98,7.72,1.68
20150827,1200,6.90,2.99,6.41,1.36,1.63,6.89,1.36,1.68,6.82,1.51
20150828,1200,5.80,2.41,5.37,1.16,1.26,5.77,1.17,1.33,5.73,1.30
20150829,1200,4.90,1.96,4.52,1.00,0.99,4.87,1.00,1.07,4.83,1.12
20150830,1200,4.20,1.62,3.86,0.87,0.79,4.16,0.87,0.87,4.14,0.98
20150831,1200,3.50,1.29,3.20,0.74,0.60,3.46,0.74,0.68,3.44,0.83
20150901,1200,2.40,0.81,2.17,0.52,0.35,2.36,0.53,0.41,2.35,0.60
20150902,1200,1.90,0.61,1.71,0.42,0.25,1.86,0.43,0.30,1.86,0.48
20150903,1200,1.30,0.38,1.16,0.30,0.14,1.27,0.30,0.18,1.27,0.35
20150904,1200,1.00,0.27,0.89,0.24,0.10,0.97,0.24,0.13,0.97,0.27
20150905,1200,0.80,0.21,0.71,0.19,0.07,0.77,0.20,0.09,0.78,0.23
20150906,1200,0.60,0.14,0.53,0.15,0.05,0.58,0.15,0.06,0.58,0.17
20150907,1200,0.60,0.14,0.53,0.15,0.05,0.58,0.15,0.06,0.58,0.17
20150908,1200,0.50,0.12,0.44,0.13,0.04,0.48,0.13,0.05,0.48,0.15
20150909,1200,0.50,0.12,0.44,0.13,0.04,0.48,0.13,0.05,0.48,0.15
20150910,1200,0.60,0.14,0.53,0.15,0.05,0.58,0.15,0.06,0.58,0.17
20150911,1200,1.50,0.45,1.34,0.34,0.18,1.46,0.34,0.22,1.47,0.39
20150912,1200,1.40,0.41,1.25,0.32,0.16,1.37,0.32,0.20,1.37,0.37
20150913,1200,1.50,0.45,1.34,0.34,0.18,1.46,0.34,0.22,1.47,0.39
20150914,1200,1.60,0.49,1.44,0.36,0.19,1.56,0.37,0.24,1.57,0.42
20150915,1200,1.60,0.49,1.44,0.36,0.19,1.56,0.37,0.24,1.57,0.42
20150916,1200,2.00,0.65,1.80,0.44,0.27,1.96,0.45,0.32,1.96,0.51
20150917,1200,2.00,0.65,1.80,0.44,0.27,1.96,0.45,0.32,1.96,0.51
20150918,1200,2.10,0.69,1.90,0.46,0.29,2.06,0.47,0.34,2.06,0.53
20150919,1200,4.10,1.57,3.76,0.85,0.76,4.06,0.85,0.84,4.04,0.95
20150920,1200,5.90,2.46,5.46,1.18,1.29,5.88,1.18,1.36,5.83,1.32
20150921,1200,3.20,1.16,2.92,0.68,0.53,3.16,0.68,0.60,3.15,0.77
20150922,1200,1.80,0.57,1.62,0.40,0.23,1.76,0.41,0.28,1.76,0.46
20150923,1200,1.70,0.53,1.53,0.38,0.21,1.66,0.39,0.26,1.66,0.44
20150924,1200,1.70,0.53,1.53,0.38,0.21,1.66,0.39,0.26,1.66,0.44
20150925,1200,1.50,0.45,1.34,0.34,0.18,1.46,0.34,0.22,1.47,0.39
20150926,1200,1.50,0.45,1.34,0.34,0.18,1.46,0.34,0.22,1.47,0.39
20150927,1200,1.60,0.49,1.44,0.36,0.19,1.56,0.37,0.24,1.57,0.42
20150928,1200,1.60,0.49,1.44,0.36,0.19,1.56,0.37,0.24,1.57,0.42
20150929,1200,2.20,0.73,1.99,0.48,0.31,2.16,0.49,0.37,2.16,0.55
20150930,1200,9.60,4.49,8.99,1.82,2.63,9.63,1.84,2.61,9.51,2.02
20151001,1200,24.60,14.33,23.57,4.25,10.33,25.00,4.28,9.12,24.54,4.61
20151002,1200,42.00,27.67,40.75,6.86,22.43,43.00,6.93,18.55,42.04,7.37
20151003,1200,30.70,18.82,29.57,5.18,14.24,31.29,5.23,12.24,30.67,5.60
20151004,1200,27.00,16.07,25.93,4.62,11.82,27.47,4.66,10.32,26.95,5.00
20151005,1200,23.70,13.69,22.69,4.11,9.78,24.07,4.14,8.68,23.63,4.46
20151006,1200,19.70,10.90,18.78,3.48,7.48,19.96,3.51,6.79,19.62,3.80
20151007,1200,15.70,8.24,14.88,2.84,5.38,15.85,2.86,5.02,15.61,3.11
20151008,1200,11.50,5.62,10.82,2.15,3.42,11.56,2.16,3.32,11.41,2.37
20151009,1200,9.70,4.55,9.09,1.84,2.67,9.73,1.85,2.65,9.61,2.04
20151010,1200,8.60,3.92,8.04,1.65,2.24,8.61,1.66,2.25,8.52,1.83
20151011,1200,7.20,3.15,6.70,1.41,1.73,7.19,1.42,1.78,7.12,1.57
20151012,1200,5.50,2.26,5.08,1.10,1.17,5.47,1.11,1.24,5.43,1.24
20151013,1200,4.70,1.86,4.33,0.96,0.93,4.66,0.97,1.01,4.63,1.08
20151014,1200,4.10,1.57,3.76,0.85,0.76,4.06,0.85,0.84,4.04,0.95
20151015,1200,3.70,1.38,3.39,0.77,0.66,3.66,0.78,0.73,3.64,0.87
20151016,1200,3.00,1.07,2.73,0.64,0.48,2.96,0.64,0.55,2.95,0.72
20151017,1200,2.60,0.89,2.36,0.56,0.39,2.56,0.57,0.46,2.55,0.64
20151018,1200,2.00,0.65,1.80,0.44,0.27,1.96,0.45,0.32,1.96,0.51
20151019,1200,1.90,0.61,1.71,0.42,0.25,1.86,0.43,0.30,1.86,0.48
20151020,1200,2.00,0.65,1.80,0.44,0.27,1.96,0.45,0.32,1.96,0.51
20151021,1200,2.30,0.77,2.08,0.50,0.33,2.26,0.51,0.39,2.26,0.57
20151022,1200,2.30,0.77,2.08,0.50,0.33,2.26,0.51,0.39,2.26,0.57
20151023,1200,2.60,0.89,2.36,0.56,0.39,2.56,0.57,0.46,2.55,0.64
20151024,1200,2.50,0.85,2.27,0.54,0.37,2.46,0.55,0.43,2.45,0.62
20151025,1200,2.80,0.98,2.55,0.60,0.44,2.76,0.61,0.50,2.75,0.68
20151026,1200,2.20,0.73,1.99,0.48,0.31,2.16,0.49,0.37,2.16,0.55
20151027,1200,1.80,0.57,1.62,0.40,0.23,1.76,0.41,0.28,1.76,0.46
20151028,1200,4.00,1.52,3.67,0.83,0.73,3.96,0.83,0.81,3.94,0.93
20151029,1200,8.50,3.87,7.94,1.63,2.20,8.51,1.65,2.22,8.42,1.81
20151030,1200,18.30,9.96,17.41,3.26,6.72,18.52,3.28,6.16,18.22,3.56
20151031,1200,30.40,18.59,29.27,5.14,14.04,30.98,5.18,12.08,30.36,5.55
20151101,1200,38.30,24.70,37.08,6.32,19.63,39.16,6.38,16.42,38.31,6.80
20151102,1200,42.60,28.15,41.35,6.95,22.90,43.62,7.01,18.91,42.65,7.46
20151103,1200,37.40,23.99,36.19,6.18,18.96,38.23,6.24,15.91,37.41,6.66
20151104,1200,23.60,13.62,22.59,4.09,9.72,23.97,4.13,8.63,23.53,4.45
20151105,1200,19.30,10.63,18.39,3.42,7.26,19.55,3.44,6.61,19.22,3.73
20151106,1200,14.00,7.16,13.24,2.56,4.55,14.11,2.58,4.31,13.91,2.81
20151107,1200,10.10,4.78,9.47,1.91,2.83,10.14,1.92,2.79,10.01,2.11
20151108,1200,7.90,3.53,7.37,1.53,1.98,7.90,1.54,2.01,7.82,1.70
20151109,1200,8.10,3.64,7.56,1.57,2.05,8.10,1.58,2.08,8.02,1.74
20151110,1200,9.80,4.61,9.19,1.86,2.71,9.83,1.87,2.68,9.71,2.06
20151111,1200,9.20,4.26,8.61,1.76,2.47,9.22,1.77,2.47,9.11,1.94
20151112,1200,11.00,5.32,10.34,2.06,3.21,11.05,2.08,3.13,10.91,2.28
20151113,1200,12.80,6.41,12.08,2.36,4.00,12.89,2.38,3.83,12.71,2.60
20151114,1200,16.50,8.76,15.66,2.97,5.78,16.67,2.99,5.36,16.41,3.25
20151115,1200,20.70,11.59,19.75,3.64,8.04,20.98,3.67,7.25,20.62,3.96
20151116,1200,24.30,14.12,23.28,4.20,10.15,24.69,4.24,8.97,24.24,4.56
20151117,1200,27.40,16.36,26.32,4.68,12.08,27.88,4.72,10.53,27.35,5.07
20151118,1200,25.60,15.05,24.55,4.40,10.94,26.03,4.44,9.62,25.54,4.78
20151119,1200,21.90,12.42,20.93,3.83,8.72,22.22,3.86,7.82,21.83,4.16
20151120,1200,34.60,21.80,33.42,5.77,16.94,35.33,5.82,14.35,34.59,6.22
20151121,1200,41.60,27.34,40.35,6.80,22.12,42.58,6.87,18.32,41.64,7.31
20151122,1200,46.80,31.60,45.52,7.56,26.24,47.98,7.63,21.42,46.88,8.10
20151123,1200,56.00,39.39,54.70,8.88,34.03,57.56,8.97,27.17,56.16,9.48
20151124,1200,66.90,49.00,65.62,10.41,44.02,68.93,10.52,34.39,67.17,11.07
20151125,1200,60.60,43.40,59.31,9.53,38.15,62.35,9.62,30.17,60.80,10.15
20151126,1200,54.80,38.36,53.50,8.71,32.98,56.31,8.79,26.40,54.95,9.30
20151127,1200,51.70,35.71,50.41,8.26,30.31,53.08,8.35,24.44,51.82,8.84
20151128,1200,51.70,35.71,50.41,8.26,30.31,53.08,8.35,24.44,51.82,8.84
20151129,1200,52.00,35.97,50.71,8.31,30.57,53.39,8.39,24.63,52.12,8.88
20151130,1200,52.60,36.48,51.31,8.39,31.08,54.01,8.48,25.01,52.73,8.97
20151201,1200,52.60,36.48,51.31,8.39,31.08,54.01,8.48,25.01,52.73,8.97
20151202,1200,53.80,37.50,52.50,8.56,32.11,55.26,8.65,25.77,53.94,9.15
20151203,1200,56.00,39.39,54.70,8.88,34.03,57.56,8.97,27.17,56.16,9.48
20151204,1200,50.20,34.44,48.91,8.05,29.05,51.52,8.13,23.50,50.31,8.61
20151205,1200,43.90,29.21,42.64,7.14,23.92,44.97,7.21,19.68,43.96,7.66
20151206,1200,35.10,22.19,33.91,5.84,17.29,35.84,5.90,14.62,35.09,6.30
20151207,1200,30.60,18.74,29.47,5.17,14.17,31.19,5.21,12.19,30.57,5.58
20151208,1200,27.10,16.14,26.02,4.63,11.88,27.57,4.67,10.37,27.05,5.02
20151209,1200,22.90,13.12,21.90,3.98,9.31,23.25,4.02,8.29,22.83,4.33
20151210,1200,20.70,11.59,19.75,3.64,8.04,20.98,3.67,7.25,20.62,3.96
20151211,1200,15.80,8.31,14.98,2.85,5.43,15.96,2.88,5.06,15.71,3.13
20151212,1200,15.20,7.92,14.40,2.76,5.13,15.34,2.78,4.81,15.11,3.02
20151213,1200,15.00,7.79,14.20,2.72,5.03,15.14,2.75,4.73,14.91,2.99
20151214,1200,15.00,7.79,14.20,2.72,5.03,15.14,2.75,4.73,14.91,2.99
20151215,1200,16.80,8.96,15.95,3.02,5.94,16.98,3.04,5.50,16.71,3.30
20151216,1200,19.30,10.63,18.39,3.42,7.26,19.55,3.44,6.61,19.22,3.73
20151217,1200,23.50,13.55,22.49,4.08,9.66,23.86,4.11,8.58,23.43,4.43
20151218,1200,30.60,18.74,29.47,5.17,14.17,31.19,5.21,12.19,30.57,5.58
20151219,1200,51.10,35.20,49.81,8.18,29.80,52.45,8.26,24.07,51.22,8.75
20151220,1200,56.00,39.39,54.70,8.88,34.03,57.56,8.97,27.17,56.16,9.48
20151221,1200,49.20,33.60,47.91,7.91,28.21,50.48,7.98,22.89,49.30,8.46
20151222,1200,42.90,28.40,41.65,6.99,23.13,43.93,7.06,19.08,42.95,7.51
20151223,1200,39.70,25.82,38.47,6.52,20.67,40.61,6.58,17.22,39.72,7.01
20151224,1200,36.20,23.05,35.00,6.01,18.09,36.98,6.06,15.23,36.20,6.47
20151225,1200,34.10,21.41,32.92,5.69,16.59,34.81,5.74,14.07,34.09,6.14
20151226,1200,73.40,54.91,72.15,11.31,50.34,75.72,11.43,38.89,73.74,12.01
20151227,1200,80.70,61.68,79.51,12.31,57.74,83.36,12.45,44.09,81.12,13.04
20151228,1200,83.70,64.50,82.53,12.72,60.87,86.50,12.86,46.27,84.16,13.47
20151229,1200,77.60,58.78,76.38,11.89,54.56,80.11,12.02,41.86,77.99,12.60
20151230,1200,86.40,67.06,85.26,13.08,63.73,89.33,13.23,48.26,86.89,13.84
20151231,1200,80.40,61.40,79.20,12.27,57.43,83.04,12.40,43.87,80.82,13.00
20160101,1200,78.40,59.53,77.19,12.00,55.37,80.95,12.13,42.43,78.80,12.72
20160102,1200,70.60,52.35,69.34,10.92,47.58,72.79,11.04,36.93,70.91,11.60
20160103,1200,59.30,42.26,58.00,9.34,36.97,60.99,9.44,29.31,59.49,9.96
20160104,1200,48.40,32.93,47.12,7.79,27.55,49.64,7.87,22.39,48.49,8.34
20160105,1200,45.70,30.69,44.43,7.40,25.35,46.84,7.47,20.75,45.77,7.93
20160106,1200,32.50,20.19,31.34,5.45,15.47,33.15,5.50,13.20,32.48,5.89
20160107,1200,8.00,3.59,7.46,1.55,2.02,8.00,1.56,2.05,7.92,1.72
20160108,1200,6.90,2.99,6.41,1.36,1.63,6.89,1.36,1.68,6.82,1.51
20160109,1200,19.40,10.70,18.48,3.43,7.32,19.65,3.46,6.65,19.32,3.74
20160110,1200,53.50,37.24,52.20,8.52,31.85,54.95,8.61,25.57,53.64,9.11
20160111,1200,148.00,129.67,147.88,21.16,138.69,154.13,21.43,98.37,149.35,22.15
20160112,1200,100.00,80.22,99.01,14.91,78.72,103.59,15.08,58.56,100.66,15.73
20160113,1200,104.00,84.17,103.07,15.44,83.31,107.79,15.62,61.68,104.71,16.28
20160114,1200,87.10,67.73,85.96,13.18,64.47,90.06,13.33,48.78,87.60,13.94
20160115,1200,72.40,53.99,71.15,11.17,49.35,74.67,11.29,38.19,72.73,11.86
20160116,1200,75.40,56.75,74.17,11.58,52.33,77.81,11.71,40.30,75.76,12.29
20160117,1200,88.20,68.78,87.07,13.33,65.66,91.21,13.48,49.59,88.71,14.10
20160118,1200,77.20,58.41,75.98,11.83,54.15,79.69,11.96,41.58,77.58,12.55
20160119,1200,83.30,64.12,82.13,12.66,60.45,86.08,12.80,45.98,83.75,13.41
20160120,1200,77.80,58.97,76.58,11.91,54.76,80.32,12.04,42.00,78.19,12.63
20160121,1200,49.60,33.94,48.31,7.96,28.54,50.89,8.04,23.13,49.70,8.52
20160122,1200,37.10,23.75,35.89,6.14,18.74,37.91,6.20,15.74,37.11,6.61
20160123,1200,34.30,21.57,33.12,5.72,16.73,35.02,5.77,14.18,34.29,6.17
20160124,1200,28.80,17.40,27.70,4.89,12.98,29.33,4.94,11.25,28.76,5.29
20160125,1200,23.20,13.33,22.20,4.03,9.49,23.56,4.06,8.44,23.13,4.38
20160126,1200,20.00,11.11,19.07,3.53,7.65,20.26,3.56,6.93,19.92,3.85
20160127,1200,24.70,14.40,23.67,4.26,10.39,25.10,4.30,9.17,24.64,4.63
20160128,1200,28.50,17.18,27.40,4.85,12.79,29.02,4.89,11.09,28.45,5.25
20160129,1200,27.20,16.22,26.12,4.65,11.95,27.68,4.69,10.42,27.15,5.04
20160130,1200,26.30,15.56,25.24,4.51,11.38,26.75,4.55,9.97,26.24,4.89
20160131,1200,25.70,15.12,24.65,4.42,11.00,26.13,4.46,9.67,25.64,4.79
20160201,1200,28.90,17.47,27.80,4.91,13.05,29.43,4.95,11.30,28.86,5.31
20160202,1200,31.60,19.50,30.46,5.32,14.85,32.22,5.36,12.72,31.57,5.74
20160203,1200,29.00,17.55,27.89,4.92,13.11,29.54,4.97,11.35,28.96,5.33
20160204,1200,36.60,23.36,35.40,6.07,18.38,37.40,6.12,15.46,36.60,6.53
20160205,1200,45.70,30.69,44.43,7.40,25.35,46.84,7.47,20.75,45.77,7.93
20160206,1200,51.90,35.88,50.61,8.29,30.48,53.29,8.38,24.57,52.02,8.87
20160207,1200,49.30,33.69,48.01,7.92,28.29,50.58,8.00,22.95,49.40,8.48
20160208,1200,47.30,32.02,46.02,7.63,26.65,48.50,7.71,21.72,47.38,8.18
20160209,1200,38.10,24.54,36.88,6.29,19.48,38.95,6.35,16.30,38.11,6.77
20160210,1200,37.70,24.23,36.49,6.23,19.18,38.54,6.29,16.08,37.71,6.70
20160211,1200,32.50,20.19,31.34,5.45,15.47,33.15,5.50,13.20,32.48,5.89
20160212,1200,24.60,14.33,23.57,4.25,10.33,25.00,4.28,9.12,24.54,4.61
20160213,1200,21.00,11.79,20.05,3.69,8.21,21.29,3.72,7.39,20.92,4.01
20160214,1200,19.60,10.83,18.68,3.46,7.43,19.85,3.49,6.74,19.52,3.78
20160215,1200,28.40,17.10,27.30,4.83,12.72,28.92,4.87,11.04,28.35,5.23
20160216,1200,39.00,25.26,37.77,6.42,20.15,39.88,6.48,16.82,39.02,6.90
20160217,1200,107.00,87.16,106.11,15.84,86.81,110.95,16.03,64.05,107.75,16.69
20160218,1200,116.00,96.22,115.25,17.03,97.55,120.41,17.23,71.27,116.88,17.91
20160219,1200,107.00,87.16,106.11,15.84,86.81,110.95,16.03,64.05,107.75,16.69
20160220,1200,116.00,96.22,115.25,17.03,97.55,120.41,17.23,71.27,116.88,17.91
20160221,1200,133.00,113.77,132.56,19.24,118.86,138.31,19.48,85.40,134.12,20.18
20160222,1200,135.00,115.87,134.60,19.50,121.45,140.42,19.74,87.11,136.15,20.44
20160223,1200,122.00,102.35,121.35,17.81,104.92,126.72,18.03,76.19,122.96,18.71
20160224,1200,117.00,97.24,116.27,17.16,98.77,121.46,17.36,72.09,117.89,18.04
20160225,1200,167.00,150.33,167.33,23.57,165.10,174.20,23.88,115.40,168.65,24.61
20160226,1200,183.00,168.14,183.74,25.58,188.40,191.13,25.92,130.23,184.91,26.65
20160227,1200,163.00,145.94,163.23,23.07,159.42,169.97,23.37,111.76,164.58,24.09
20160228,1200,159.00,141.57,159.13,22.56,153.81,165.75,22.85,108.15,160.52,23.58
20160229,1200,144.00,125.40,143.79,20.65,133.31,149.91,20.91,94.87,145.29,21.62
20160301,1200,125.00,105.45,124.41,18.20,108.67,129.88,18.42,78.68,126.00,19.11
20160302,1200,126.00,106.48,125.43,18.33,109.93,130.94,18.55,79.51,127.02,19.25
20160303,1200,132.00,112.72,131.54,19.11,117.57,137.26,19.34,84.56,133.11,20.04
20160304,1200,114.00,94.19,113.22,16.76,95.13,118.31,16.96,69.65,114.85,17.64
20160305,1200,101.00,81.21,100.02,15.04,79.86,104.64,15.22,59.34,101.67,15.87
20160306,1200,92.00,72.43,90.91,13.84,69.78,95.20,14.00,52.44,92.56,14.63
20160307,1200,76.20,57.49,74.97,11.69,53.14,78.65,11.82,40.86,76.57,12.41
20160308,1200,55.90,39.31,54.60,8.86,33.94,57.45,8.95,27.11,56.06,9.46
20160309,1200,49.40,33.77,48.11,7.93,28.38,50.68,8.01,23.01,49.50,8.49
20160310,1200,47.20,31.93,45.92,7.62,26.57,48.40,7.69,21.66,47.28,8.16
20160311,1200,71.20,52.89,69.94,11.01,48.17,73.42,11.12,37.35,71.52,11.69
20160312,1200,73.10,54.63,71.85,11.27,50.04,75.40,11.39,38.68,73.44,11.96
20160313,1200,64.30,46.67,63.01,10.05,41.56,66.21,10.15,32.63,64.54,10.69
20160314,1200,57.00,40.26,55.70,9.02,34.91,58.60,9.11,27.82,57.17,9.62
20160315,1200,87.50,68.11,86.37,13.23,64.90,90.48,13.38,49.07,88.00,14.00
20160316,1200,143.00,124.33,142.77,20.52,131.97,148.86,20.78,94.00,144.27,21.49
20160317,1200,148.00,129.67,147.88,21.16,138.69,154.13,21.43,98.37,149.35,22.15
20160318,1200,165.00,148.13,165.28,23.32,162.25,172.09,23.62,113.57,166.61,24.35
20160319,1200,154.00,136.14,154.01,21.93,146.87,160.47,22.21,103.67,155.44,22.93
20160320,1200,135.00,115.87,134.60,19.50,121.45,140.42,19.74,87.11,136.15,20.44
20160321,1200,124.00,104.41,123.39,18.07,107.42,128.83,18.29,77.84,124.99,18.98
20160322,1200,123.00,103.38,122.37,17.94,106.17,127.78,18.16,77.02,123.98,18.85
20160323,1200,121.00,101.33,120.34,17.68,103.68,125.67,17.89,75.36,121.95,18.58
20160324,1200,121.00,101.33,120.34,17.68,103.68,125.67,17.89,75.36,121.95,18.58
20160325,1200,115.00,95.21,114.23,16.89,96.34,119.36,17.10,70.46,115.86,17.77
20160326,1200,109.00,89.16,108.14,16.10,89.16,113.05,16.29,65.64,109.78,16.96
20160327,1200,99.30,79.53,98.30,14.82,77.93,102.86,14.99,58.02,99.95,15.63
20160328,1200,102.00,82.19,101.04,15.18,81.01,105.69,15.35,60.12,102.69,16.00
20160329,1200,130.00,110.64,129.50,18.85,115.00,135.15,19.08,82.87,131.08,19.78
20160330,1200,123.00,103.38,122.37,17.94,106.17,127.78,18.16,77.02,123.98,18.85
20160331,1200,113.00,93.18,112.20,16.63,93.93,117.25,16.83,68.84,113.84,17.50
20160401,1200,107.00,87.16,106.11,15.84,86.81,110.95,16.03,64.05,107.75,16.69
20160402,1200,99.70,79.93,98.71,14.87,78.38,103.28,15.04,58.33,100.36,15.69
20160403,1200,99.60,79.83,98.61,14.86,78.27,103.17,15.03,58.25,100.26,15.67
20160404,1200,98.50,78.75,97.49,14.71,77.02,102.02,14.88,57.40,99.14,15.52
20160405,1200,94.50,74.85,93.44,14.18,72.54,97.82,14.34,54.34,95.09,14.97
20160406,1200,94.40,74.75,93.34,14.16,72.43,97.72,14.32,54.26,94.99,14.96
20160407,1200,109.00,89.16,108.14,16.10,89.16,113.05,16.29,65.64,109.78,16.96
20160408,1200,207.00,195.50,208.43,28.55,225.05,216.55,28.94,153.25,209.32,29.67
20160409,1200,192.00,178.31,192.99,26.70,201.91,200.65,27.06,138.76,194.06,27.79
20160410,1200,179.00,163.66,179.64,25.08,182.48,186.89,25.41,126.48,180.84,26.14
20160411,1200,167.00,150.33,167.33,23.57,165.10,174.20,23.88,115.40,168.65,24.61
20160412,1200,153.00,135.06,152.99,21.80,145.50,159.41,22.08,102.78,154.42,22.80
20160413,1200,144.00,125.40,143.79,20.65,133.31,149.91,20.91,94.87,145.29,21.62
20160414,1200,129.00,109.59,128.48,18.72,113.73,134.10,18.95,82.02,130.06,19.65
20160415,1200,114.00,94.19,113.22,16.76,95.13,118.31,16.96,69.65,114.85,17.64
20160416,1200,101.00,81.21,100.02,15.04,79.86,104.64,15.22,59.34,101.67,15.87
20160417,1200,91.10,71.56,90.00,13.72,68.80,94.25,13.87,51.77,91.65,14.50
20160418,1200,84.20,64.97,83.04,12.79,61.39,87.02,12.93,46.64,84.66,13.54
20160419,1200,78.50,59.62,77.29,12.01,55.48,81.05,12.14,42.50,78.90,12.73
20160420,1200,73.70,55.18,72.46,11.35,50.64,76.03,11.47,39.10,74.04,12.05
20160421,1200,65.80,48.01,64.52,10.26,42.98,67.78,10.36,33.64,66.06,10.91
20160422,1200,58.90,41.91,57.60,9.29,36.61,60.58,9.38,29.05,59.09,9.90
20160423,1200,59.60,42.52,58.30,9.39,37.24,61.31,9.48,29.51,59.80,10.01
20160424,1200,57.00,40.26,55.70,9.02,34.91,58.60,9.11,27.82,57.17,9.62
20160425,1200,52.30,36.22,51.01,8.35,30.82,53.70,8.43,24.82,52.43,8.93
20160426,1200,51.60,35.63,50.31,8.25,30.23,52.97,8.33,24.38,51.72,8.82
20160427,1200,57.60,40.78,56.30,9.10,35.45,59.22,9.20,28.20,57.78,9.71
20160428,1200,53.60,37.33,52.30,8.54,31.94,55.06,8.62,25.64,53.74,9.12
20160429,1200,48.90,33.35,47.62,7.86,27.96,50.16,7.94,22.70,49.00,8.42
20160430,1200,44.60,29.78,43.33,7.24,24.47,45.70,7.31,20.09,44.66,7.77
20160501,1200,40.70,26.62,39.46,6.67,21.43,41.65,6.73,17.80,40.73,7.17
20160502,1200,42.40,27.99,41.15,6.92,22.74,43.41,6.99,18.79,42.44,7.43
20160503,1200,55.90,39.31,54.60,8.86,33.94,57.45,8.95,27.11,56.06,9.46
20160504,1200,67.20,49.27,65.92,10.45,44.30,69.24,10.56,34.60,67.47,11.11
20160505,1200,96.00,76.31,94.96,14.38,74.21,99.39,14.54,55.48,96.61,15.18
20160506,1200,109.00,89.16,108.14,16.10,89.16,113.05,16.29,65.64,109.78,16.96
20160507,1200,104.00,84.17,103.07,15.44,83.31,107.79,15.62,61.68,104.71,16.28
20160508,1200,92.90,73.30,91.83,13.96,70.77,96.14,14.12,53.12,93.47,14.75
20160509,1200,81.20,62.15,80.01,12.38,58.26,83.88,12.51,44.45,81.63,13.11
20160510,1200,69.50,51.35,68.23,10.77,46.52,71.64,10.88,36.17,69.80,11.45
20160511,1200,59.90,42.79,58.60,9.43,37.51,61.62,9.53,29.71,60.10,10.05
20160512,1200,50.90,35.03,49.61,8.15,29.63,52.25,8.23,23.94,51.01,8.72
20160513,1200,42.60,28.15,41.35,6.95,22.90,43.62,7.01,18.91,42.65,7.46
20160514,1200,40.20,26.22,38.96,6.60,21.05,41.13,6.66,17.51,40.23,7.09
20160515,1200,35.00,22.11,33.81,5.83,17.22,35.74,5.88,14.57,34.99,6.28
20160516,1200,28.80,17.40,27.70,4.89,12.98,29.33,4.94,11.25,28.76,5.29
20160517,1200,24.90,14.55,23.86,4.29,10.51,25.31,4.33,9.27,24.84,4.66
20160518,1200,21.30,12.00,20.34,3.73,8.38,21.60,3.76,7.53,21.22,4.06
20160519,1200,18.90,10.36,18.00,3.35,7.04,19.13,3.38,6.43,18.82,3.66
20160520,1200,16.80,8.96,15.95,3.02,5.94,16.98,3.04,5.50,16.71,3.30
20160521,1200,14.50,7.47,13.72,2.64,4.79,14.63,2.66,4.52,14.41,2.90
20160522,1200,12.60,6.28,11.88,2.33,3.91,12.68,2.35,3.75,12.51,2.56
20160523,1200,10.90,5.26,10.24,2.04,3.16,10.95,2.06,3.09,10.81,2.26
20160524,1200,10.70,5.14,10.05,2.01,3.08,10.75,2.03,3.02,10.61,2.22
20160525,1200,11.50,5.62,10.82,2.15,3.42,11.56,2.16,3.32,11.41,2.37
20160526,1200,9.70,4.55,9.09,1.84,2.67,9.73,1.85,2.65,9.61,2.04
20160527,1200,8.30,3.75,7.75,1.60,2.13,8.31,1.61,2.15,8.22,1.78
20160528,1200,7.40,3.26,6.89,1.44,1.80,7.39,1.45,1.85,7.32,1.61
20160529,1200,6.30,2.67,5.84,1.25,1.42,6.28,1.26,1.49,6.22,1.39
20160530,1200,8.00,3.59,7.46,1.55,2.02,8.00,1.56,2.05,7.92,1.72
20160531,1200,8.70,3.98,8.13,1.67,2.28,8.71,1.68,2.29,8.62,1.85
20160601,1200,6.80,2.94,6.32,1.34,1.59,6.79,1.35,1.65,6.72,1.49
20160602,1200,5.40,2.21,4.99,1.09,1.14,5.37,1.09,1.21,5.33,1.22
20160603,1200,4.90,1.96,4.52,1.00,0.99,4.87,1.00,1.07,4.83,1.12
20160604,1200,4.60,1.81,4.23,0.94,0.90,4.56,0.95,0.98,4.53,1.06
20160605,1200,6.30,2.67,5.84,1.25,1.42,6.28,1.26,1.49,6.22,1.39
20160606,1200,25.30,14.83,24.26,4.36,10.76,25.72,4.39,9.47,25.24,4.73
20160607,1200,22.10,12.56,21.12,3.86,8.84,22.42,3.89,7.91,22.03,4.20
20160608,1200,16.50,8.76,15.66,2.97,5.78,16.67,2.99,5.36,16.41,3.25
20160609,1200,13.60,6.91,12.85,2.49,4.37,13.71,2.51,4.15,13.51,2.74
20160610,1200,10.70,5.14,10.05,2.01,3.08,10.75,2.03,3.02,10.61,2.22
20160611,1200,8.80,4.04,8.23,1.69,2.32,8.81,1.70,2.32,8.72,1.87
20160612,1200,8.30,3.75,7.75,1.60,2.13,8.31,1.61,2.15,8.22,1.78
20160613,1200,7.20,3.15,6.70,1.41,1.73,7.19,1.42,1.78,7.12,1.57
20160614,1200,6.50,2.78,6.03,1.28,1.49,6.48,1.29,1.55,6.42,1.43
20160615,1200,6.80,2.94,6.32,1.34,1.59,6.79,1.35,1.65,6.72,1.49
20160616,1200,6.90,2.99,6.41,1.36,1.63,6.89,1.36,1.68,6.82,1.51
20160617,1200,6.50,2.78,6.03,1.28,1.49,6.48,1.29,1.55,6.42,1.43
20160618,1200,5.90,2.46,5.46,1.18,1.29,5.88,1.18,1.36,5.83,1.32
20160619,1200,5.20,2.11,4.80,1.05,1.08,5.17,1.06,1.15,5.13,1.18
20160620,1200,4.30,1.67,3.95,0.89,0.82,4.26,0.89,0.89,4.24,1.00
20160621,1200,4.10,1.57,3.76,0.85,0.76,4.06,0.85,0.84,4.04,0.95
20160622,1200,3.90,1.48,3.58,0.81,0.71,3.86,0.82,0.79,3.84,0.91
20160623,1200,3.50,1.29,3.20,0.74,0.60,3.46,0.74,0.68,3.44,0.83
20160624,1200,2.80,0.98,2.55,0.60,0.44,2.76,0.61,0.50,2.75,0.68
20160625,1200,2.40,0.81,2.17,0.52,0.35,2.36,0.53,0.41,2.35,0.60
20160626,1200,2.10,0.69,1.90,0.46,0.29,2.06,0.47,0.34,2.06,0.53
20160627,1200,1.80,0.57,1.62,0.40,0.23,1.76,0.41,0.28,1.76,0.46
20160628,1200,1.90,0.61,1.71,0.42,0.25,1.86,0.43,0.30,1.86,0.48
20160629,1200,1.90,0.61,1.71,0.42,0.25,1.86,0.43,0.30,1.86,0.48
20160630,1200,1.80,0.57,1.62,0.40,0.23,1.76,0.41,0.28,1.76,0.46
20160701,1200,1.70,0.53,1.53,0.38,0.21,1.66,0.39,0.26,1.66,0.44
20160702,1200,1.70,0.53,1.53,0.38,0.21,1.66,0.39,0.26,1.66,0.44
20160703,1200,1.50,0.45,1.34,0.34,0.18,1.46,0.34,0.22,1.47,0.39
20160704,1200,1.30,0.38,1.16,0.30,0.14,1.27,0.30,0.18,1.27,0.35
20160705,1200,1.30,0.38,1.16,0.30,0.14,1.27,0.30,0.18,1.27,0.35
20160706,1200,1.60,0.49,1.44,0.36,0.19,1.56,0.37,0.24,1.57,0.42
20160707,1200,1.60,0.49,1.44,0.36,0.19,1.56,0.37,0.24,1.57,0.42
20160708,1200,1.50,0.45,1.34,0.34,0.18,1.46,0.34,0.22,1.47,0.39
20160709,1200,1.60,0.49,1.44,0.36,0.19,1.56,0.37,0.24,1.57,0.42
20160710,1200,1.90,0.61,1.71,0.42,0.25,1.86,0.43,0.30,1.86,0.48
20160711,1200,1.80,0.57,1.62,0.40,0.23,1.76,0.41,0.28,1.76,0.46
20160712,1200,1.60,0.49,1.44,0.36,0.19,1.56,0.37,0.24,1.57,0.42
20160713,1200,1.30,0.38,1.16,0.30,0.14,1.27,0.30,0.18,1.27,0.35
20160714,1200,1.10,0.31,0.98,0.26,0.11,1.07,0.26,0.14,1.07,0.30
20160715,1200,1.10,0.31,0.98,0.26,0.11,1.07,0.26,0.14,1.07,0.30
20160716,1200,0.80,0.21,0.71,0.19,0.07,0.77,0.20,0.09,0.78,0.23
20160717,1200,0.70,0.18,0.62,0.17,0.06,0.68,0.17,0.08,0.68,0.20
20160718,1200,0.80,0.21,0.71,0.19,0.07,0.77,0.20,0.09,0.78,0.23
20160719,1200,1.00,0.27,0.89,0.24,0.10,0.97,0.24,0.13,0.97,0.27
20160720,1200,0.80,0.21,0.71,0.19,0.07,0.77,0.20,0.09,0.78,0.23
20160721,1200,0.70,0.18,0.62,0.17,0.06,0.68,0.17,0.08,0.68,0.20
20160722,1200,0.70,0.18,0.62,0.17,0.06,0.68,0.17,0.08,0.68,0.20
20160723,1200,0.60,0.14,0.53,0.15,0.05,0.58,0.15,0.06,0.58,0.17
20160724,1200,0.60,0.14,0.53,0.15,0.05,0.58,0.15,0.06,0.58,0.17
20160725,1200,0.60,0.14,0.53,0.15,0.05,0.58,0.15,0.06,0.58,0.17
20160726,1200,0.40,0.09,0.35,0.10,0.03,0.38,0.10,0.04,0.39,0.12
20160727,1200,0.40,0.09,0.35,0.10,0.03,0.38,0.10,0.04,0.39,0.12
20160728,1200,0.40,0.09,0.35,0.10,0.03,0.38,0.10,0.04,0.39,0.12
20160729,1200,0.40,0.09,0.35,0.10,0.03,0.38,0.10,0.04,0.39,0.12
20160730,1200,0.40,0.09,0.35,0.10,0.03,0.38,0.10,0.04,0.39,0.12
20160731,1200,1.00,0.27,0.89,0.24,0.10,0.97,0.24,0.13,0.97,0.27
20160801,1200,0.30,0.06,0.26,0.08,0.02,0.29,0.08,0.03,0.29,0.09
20160802,1200,0.30,0.06,0.26,0.08,0.02,0.29,0.08,0.03,0.29,0.09
20160803,1200,0.30,0.06,0.26,0.08,0.02,0.29,0.08,0.03,0.29,0.09
20160804,1200,0.30,0.06,0.26,0.08,0.02,0.29,0.08,0.03,0.29,0.09
20160805,1200,0.30,0.06,0.26,0.08,0.02,0.29,0.08,0.03,0.29,0.09
20160806,1200,0.40,0.09,0.35,0.10,0.03,0.38,0.10,0.04,0.39,0.12
20160807,1200,0.30,0.06,0.26,0.08,0.02,0.29,0.08,0.03,0.29,0.09
20160808,1200,0.30,0.06,0.26,0.08,0.02,0.29,0.08,0.03,0.29,0.09
20160809,1200,0.30,0.06,0.26,0.08,0.02,0.29,0.08,0.03,0.29,0.09
20160810,1200,1.60,0.49,1.44,0.36,0.19,1.56,0.37,0.24,1.57,0.42
20160811,1200,0.30,0.06,0.26,0.08,0.02,0.29,0.08,0.03,0.29,0.09
20160812,1200,0.30,0.06,0.26,0.08,0.02,0.29,0.08,0.03,0.29,0.09
20160813,1200,0.40,0.09,0.35,0.10,0.03,0.38,0.10,0.04,0.39,0.12
20160814,1200,0.40,0.09,0.35,0.10,0.03,0.38,0.10,0.04,0.39,0.12
20160815,1200,0.30,0.06,0.26,0.08,0.02,0.29,0.08,0.03,0.29,0.09
20160816,1200,0.50,0.12,0.44,0.13,0.04,0.48,0.13,0.05,0.48,0.15
20160817,1200,0.30,0.06,0.26,0.08,0.02,0.29,0.08,0.03,0.29,0.09
20160818,1200,0.40,0.09,0.35,0.10,0.03,0.38,0.10,0.04,0.39,0.12
20160819,1200,0.40,0.09,0.35,0.10,0.03,0.38,0.10,0.04,0.39,0.12
20160820,1200,0.40,0.09,0.35,0.10,0.03,0.38,0.10,0.04,0.39,0.12
20160821,1200,0.50,0.12,0.44,0.13,0.04,0.48,0.13,0.05,0.48,0.15
20160822,1200,0.50,0.12,0.44,0.13,0.04,0.48,0.13,0.05,0.48,0.15
20160823,1200,0.30,0.06,0.26,0.08,0.02,0.29,0.08,0.03,0.29,0.09
20160824,1200,0.30,0.06,0.26,0.08,0.02,0.29,0.08,0.03,0.29,0.09
20160825,1200,0.30,0.06,0.26,0.08,0.02,0.29,0.08,0.03,0.29,0.09
20160826,1200,0.30,0.06,0.26,0.08,0.02,0.29,0.08,0.03,0.29,0.09
20160827,1200,0.20,0.04,0.17,0.06,0.01,0.19,0.06,0.01,0.19,0.07
20160828,1200,0.20,0.04,0.17,0.06,0.01,0.19,0.06,0.01,0.19,0.07
20160829,1200,0.20,0.04,0.17,0.06,0.01,0.19,0.06,0.01,0.19,0.07
20160830,1200,0.20,0.04,0.17,0.06,0.01,0.19,0.06,0.01,0.19,0.07
20160831,1200,0.20,0.04,0.17,0.06,0.01,0.19,0.06,0.01,0.19,0.07
20160901,1200,0.20,0.04,0.17,0.06,0.01,0.19,0.06,0.01,0.19,0.07
20160902,1200,0.20,0.04,0.17,0.06,0.01,0.19,0.06,0.01,0.19,0.07
20160903,1200,0.20,0.04,0.17,0.06,0.01,0.19,0.06,0.01,0.19,0.07
20160904,1200,0.10,0.02,0.08,0.03,0.00,0.09,0.03,0.01,0.10,0.04
20160905,1200,0.10,0.02,0.08,0.03,0.00,0.09,0.03,0.01,0.10,0.04
20160906,1200,0.20,0.04,0.17,0.06,0.01,0.19,0.06,0.01,0.19,0.07
20160907,1200,0.20,0.04,0.17,0.06,0.01,0.19,0.06,0.01,0.19,0.07
20160908,1200,0.10,0.02,0.08,0.03,0.00,0.09,0.03,0.01,0.10,0.04
20160909,1200,0.20,0.04,0.17,0.06,0.01,0.19,0.06,0.01,0.19,0.07
20160910,1200,0.10,0.02,0.08,0.03,0.00,0.09,0.03,0.01,0.10,0.04
20160911,1200,0.20,0.04,0.17,0.06,0.01,0.19,0.06,0.01,0.19,0.07
20160912,1200,0.20,0.04,0.17,0.06,0.01,0.19,0.06,0.01,0.19,0.07
20160913,1200,0.20,0.04,0.17,0.06,0.01,0.19,0.06,0.01,0.19,0.07
20160914,1200,0.10,0.02,0.08,0.03,0.00,0.09,0.03,0.01,0.10,0.04
20160915,1200,0.10,0.02,0.08,0.03,0.00,0.09,0.03,0.01,0.10,0.04
20160916,1200,0.10,0.02,0.08,0.03,0.00,0.09,0.03,0.01,0.10,0.04
20160917,1200,0.10,0.02,0.08,0.03,0.00,0.09,0.03,0.01,0.10,0.04
20160918,1200,0.10,0.02,0.08,0.03,0.00,0.09,0.03,0.01,0.10,0.04
20160919,1200,0.30,0.06,0.26,0.08,0.02,0.29,0.08,0.03,0.29,0.09
20160920,1200,0.10,0.02,0.08,0.03,0.00,0.09,0.03,0.01,0.10,0.04
20160921,1200,0.10,0.02,0.08,0.03,0.00,0.09,0.03,0.01,0.10,0.04
20160922,1200,0.10,0.02,0.08,0.03,0.00,0.09,0.03,0.01,0.10,0.04
20160923,1200,0.30,0.06,0.26,0.08,0.02,0.29,0.08,0.03,0.29,0.09
20160924,1200,0.60,0.14,0.53,0.15,0.05,0.58,0.15,0.06,0.58,0.17
20160925,1200,0.20,0.04,0.17,0.06,0.01,0.19,0.06,0.01,0.19,0.07
20160926,1200,0.20,0.04,0.17,0.06,0.01,0.19,0.06,0.01,0.19,0.07
20160927,1200,0.30,0.06,0.26,0.08,0.02,0.29,0.08,0.03,0.29,0.09
20160928,1200,0.10,0.02,0.08,0.03,0.00,0.09,0.03,0.01,0.10,0.04
20160929,1200,0.04,0.00,0.03,0.01,0.00,0.04,0.01,0.00,0.04,0.02
20160930,1200,0.01,0.00,0.01,0.00,0.00,0.01,0.00,0.00,0.01,0.00
20161001,1200,0.40,0.09,0.35,0.10,0.03,0.38,0.10,0.04,0.39,0.12
20161002,1200,0.10,0.02,0.08,0.03,0.00,0.09,0.03,0.01,0.10,0.04
20161003,1200,0.10,0.02,0.08,0.03,0.00,0.09,0.03,0.01,0.10,0.04
20161004,1200,0.04,0.00,0.03,0.01,0.00,0.04,0.01,0.00,0.04,0.02
20161005,1200,0.03,0.00,0.02,0.01,0.00,0.03,0.01,0.00,0.03,0.01
20161006,1200,0.04,0.00,0.03,0.01,0.00,0.04,0.01,0.00,0.04,0.02
20161007,1200,0.04,0.00,0.03,0.01,0.00,0.04,0.01,0.00,0.04,0.02
20161008,1200,0.20,0.04,0.17,0.06,0.01,0.19,0.06,0.01,0.19,0.07
20161009,1200,0.50,0.12,0.44,0.13,0.04,0.48,0.13,0.05,0.48,0.15
20161010,1200,0.30,0.06,0.26,0.08,0.02,0.29,0.08,0.03,0.29,0.09
20161011,1200,0.20,0.04,0.17,0.06,0.01,0.19,0.06,0.01,0.19,0.07
20161012,1200,0.20,0.04,0.17,0.06,0.01,0.19,0.06,0.01,0.19,0.07
20161013,1200,0.20,0.04,0.17,0.06,0.01,0.19,0.06,0.01,0.19,0.07
20161014,1200,0.20,0.04,0.17,0.06,0.01,0.19,0.06,0.01,0.19,0.07
20161015,1200,0.20,0.04,0.17,0.06,0.01,0.19,0.06,0.01,0.19,0.07
20161016,1200,0.20,0.04,0.17,0.06,0.01,0.19,0.06,0.01,0.19,0.07
20161017,1200,0.20,0.04,0.17,0.06,0.01,0.19,0.06,0.01,0.19,0.07
20161018,1200,0.20,0.04,0.17,0.06,0.01,0.19,0.06,0.01,0.19,0.07
20161019,1200,0.10,0.02,0.08,0.03,0.00,0.09,0.03,0.01,0.10,0.04
20161020,1200,0.20,0.04,0.17,0.06,0.01,0.19,0.06,0.01,0.19,0.07
20161021,1200,1.40,0.41,1.25,0.32,0.16,1.37,0.32,0.20,1.37,0.37
20161022,1200,2.60,0.89,2.36,0.56,0.39,2.56,0.57,0.46,2.55,0.64
20161023,1200,3.20,1.16,2.92,0.68,0.53,3.16,0.68,0.60,3.15,0.77
20161024,1200,6.10,2.57,5.65,1.21,1.36,6.08,1.22,1.43,6.03,1.35
20161025,1200,6.70,2.88,6.22,1.32,1.56,6.68,1.33,1.62,6.62,1.47
20161026,1200,7.20,3.15,6.70,1.41,1.73,7.19,1.42,1.78,7.12,1.57
20161027,1200,6.80,2.94,6.32,1.34,1.59,6.79,1.35,1.65,6.72,1.49
20161028,1200,19.80,10.97,18.87,3.50,7.54,20.06,3.52,6.84,19.72,3.81
20161029,1200,17.30,9.29,16.44,3.10,6.19,17.49,3.12,5.71,17.21,3.39
20161030,1200,19.80,10.97,18.87,3.50,7.54,20.06,3.52,6.84,19.72,3.81
20161031,1200,24.40,14.19,23.37,4.22,10.21,24.79,4.25,9.02,24.34,4.58
20161101,1200,28.90,17.47,27.80,4.91,13.05,29.43,4.95,11.30,28.86,5.31
20161102,1200,25.20,14.76,24.16,4.34,10.70,25.62,4.38,9.42,25.14,4.71
20161103,1200,21.70,12.28,20.73,3.80,8.61,22.01,3.83,7.72,21.63,4.13
20161104,1200,19.60,10.83,18.68,3.46,7.43,19.85,3.49,6.74,19.52,3.78
20161105,1200,16.70,8.89,15.85,3.00,5.88,16.88,3.02,5.45,16.61,3.28
20161106,1200,14.60,7.54,13.82,2.66,4.84,14.73,2.68,4.56,14.51,2.92
20161107,1200,12.90,6.47,12.17,2.38,4.04,12.99,2.40,3.87,12.81,2.62
20161108,1200,12.00,5.92,11.30,2.23,3.64,12.07,2.25,3.51,11.91,2.46
20161109,1200,11.70,5.74,11.01,2.18,3.51,11.77,2.20,3.40,11.61,2.40
20161110,1200,10.90,5.26,10.24,2.04,3.16,10.95,2.06,3.09,10.81,2.26
20161111,1200,10.20,4.84,9.57,1.93,2.87,10.24,1.94,2.83,10.11,2.13
20161112,1200,10.10,4.78,9.47,1.91,2.83,10.14,1.92,2.79,10.01,2.11
20161113,1200,10.90,5.26,10.24,2.04,3.16,10.95,2.06,3.09,10.81,2.26
20161114,1200,11.40,5.55,10.73,2.13,3.38,11.46,2.14,3.28,11.31,2.35
20161115,1200,15.20,7.92,14.40,2.76,5.13,15.34,2.78,4.81,15.11,3.02
20161116,1200,41.60,27.34,40.35,6.80,22.12,42.58,6.87,18.32,41.64,7.31
20161117,1200,38.20,24.62,36.98,6.30,19.55,39.05,6.36,16.36,38.21,6.78
20161118,1200,35.00,22.11,33.81,5.83,17.22,35.74,5.88,14.57,34.99,6.28
20161119,1200,33.20,20.72,32.04,5.56,15.95,33.88,5.61,13.58,33.18,6.00
20161120,1200,31.50,19.42,30.36,5.30,14.78,32.12,5.35,12.67,31.47,5.73
20161121,1200,28.30,17.03,27.20,4.82,12.66,28.81,4.86,10.99,28.25,5.21
20161122,1200,24.10,13.97,23.08,4.17,10.02,24.48,4.20,8.88,24.03,4.53
20161123,1200,21.20,11.93,20.24,3.72,8.32,21.50,3.75,7.49,21.12,4.05
20161124,1200,19.30,10.63,18.39,3.42,7.26,19.55,3.44,6.61,19.22,3.73
20161125,1200,18.70,10.22,17.80,3.32,6.94,18.93,3.35,6.34,18.62,3.63
20161126,1200,19.40,10.70,18.48,3.43,7.32,19.65,3.46,6.65,19.32,3.74
20161127,1200,19.30,10.63,18.39,3.42,7.26,19.55,3.44,6.61,19.22,3.73
20161128,1200,18.10,9.82,17.22,3.23,6.61,18.31,3.25,6.07,18.02,3.52
20161129,1200,19.90,11.04,18.97,3.51,7.59,20.16,3.54,6.88,19.82,3.83
20161130,1200,31.80,19.65,30.65,5.35,14.99,32.43,5.39,12.83,31.77,5.77
20161201,1200,73.80,55.27,72.56,11.36,50.74,76.14,11.49,39.17,74.14,12.06
20161202,1200,75.00,56.38,73.76,11.53,51.93,77.39,11.65,40.01,75.36,12.23
20161203,1200,65.70,47.92,64.42,10.24,42.88,67.67,10.35,33.58,65.96,10.90
20161204,1200,59.50,42.44,58.20,9.37,37.15,61.20,9.47,29.44,59.69,9.99
20161205,1200,53.00,36.82,51.71,8.45,31.42,54.43,8.53,25.26,53.13,9.03
20161206,1200,45.60,30.61,44.33,7.39,25.27,46.73,7.46,20.69,45.67,7.92
20161207,1200,38.90,25.18,37.68,6.41,20.07,39.78,6.47,16.76,38.92,6.89
20161208,1200,34.30,21.57,33.12,5.72,16.73,35.02,5.77,14.18,34.29,6.17
20161209,1200,29.50,17.92,28.39,5.00,13.44,30.05,5.04,11.61,29.46,5.41
20161210,1200,22.80,13.05,21.81,3.97,9.25,23.14,4.00,8.25,22.73,4.31
20161211,1200,18.50,10.09,17.61,3.29,6.83,18.72,3.32,6.25,18.42,3.59
20161212,1200,20.40,11.38,19.46,3.59,7.87,20.68,3.62,7.11,20.32,3.91
20161213,1200,25.70,15.12,24.65,4.42,11.00,26.13,4.46,9.67,25.64,4.79
20161214,1200,28.30,17.03,27.20,4.82,12.66,28.81,4.86,10.99,28.25,5.21
20161215,1200,23.80,13.76,22.79,4.12,9.84,24.17,4.16,8.73,23.73,4.48
20161216,1200,20.30,11.31,19.36,3.57,7.81,20.57,3.60,7.07,20.22,3.90
20161217,1200,28.60,17.25,27.50,4.86,12.85,29.12,4.90,11.14,28.55,5.26
20161218,1200,24.10,13.97,23.08,4.17,10.02,24.48,4.20,8.88,24.03,4.53
20161219,1200,19.60,10.83,18.68,3.46,7.43,19.85,3.49,6.74,19.52,3.78
20161220,1200,15.70,8.24,14.88,2.84,5.38,15.85,2.86,5.02,15.61,3.11
20161221,1200,17.70,9.55,16.83,3.16,6.40,17.90,3.19,5.89,17.61,3.45
20161222,1200,31.50,19.42,30.36,5.30,14.78,32.12,5.35,12.67,31.47,5.73
20161223,1200,31.10,19.12,29.96,5.24,14.51,31.71,5.29,12.45,31.07,5.66
20161224,1200,33.50,20.95,32.33,5.60,16.16,34.19,5.65,13.75,33.48,6.04
20161225,1200,33.90,21.26,32.73,5.66,16.44,34.60,5.71,13.96,33.89,6.11
20161226,1200,21.30,12.00,20.34,3.73,8.38,21.60,3.76,7.53,21.22,4.06
20161227,1200,25.80,15.20,24.75,4.43,11.07,26.23,4.47,9.72,25.74,4.81
20161228,1200,32.10,19.88,30.95,5.39,15.19,32.74,5.44,12.99,32.07,5.82
20161229,1200,33.30,20.80,32.13,5.57,16.02,33.98,5.62,13.64,33.28,6.01
20161230,1200,70.20,51.98,68.94,10.87,47.19,72.37,10.98,36.66,70.50,11.55
20161231,1200,64.10,46.50,62.81,10.02,41.38,66.00,10.12,32.50,64.34,10.67
20170101,1200,75.30,56.65,74.07,11.57,52.23,77.71,11.70,40.23,75.66,12.28
20170102,1200,69.60,51.44,68.33,10.78,46.61,71.75,10.90,36.24,69.90,11.46
20170103,1200,75.90,57.21,74.67,11.65,52.84,78.33,11.78,40.65,76.27,12.36
20170104,1200,117.00,97.24,116.27,17.16,98.77,121.46,17.36,72.09,117.89,18.04
20170105,1200,111.00,91.17,110.17,16.37,91.54,115.15,16.56,67.24,111.81,17.23
20170106,1200,103.00,83.18,102.05,15.31,82.16,106.74,15.49,60.90,103.70,16.14
20170107,1200,70.40,52.17,69.14,10.89,47.39,72.58,11.01,36.80,70.71,11.58
20170108,1200,63.60,46.05,62.31,9.95,40.91,65.48,10.05,32.16,63.84,10.59
20170109,1200,64.40,46.76,63.11,10.06,41.66,66.32,10.17,32.70,64.64,10.71
20170110,1200,49.80,34.11,48.51,7.99,28.71,51.10,8.07,23.26,49.90,8.55
20170111,1200,54.90,38.44,53.60,8.72,33.07,56.41,8.81,26.47,55.05,9.31
20170112,1200,79.10,60.18,77.89,12.09,56.09,81.68,12.22,42.94,79.50,12.82
20170113,1200,91.20,71.66,90.11,13.73,68.91,94.36,13.89,51.84,91.75,14.51
20170114,1200,78.60,59.71,77.39,12.02,55.58,81.16,12.15,42.58,79.00,12.75
20170115,1200,72.90,54.45,71.65,11.24,49.84,75.20,11.36,38.54,73.23,11.93
20170116,1200,72.90,54.45,71.65,11.24,49.84,75.20,11.36,38.54,73.23,11.93
20170117,1200,72.90,54.45,71.65,11.24,49.84,75.20,11.36,38.54,73.23,11.93
20170118,1200,67.20,49.27,65.92,10.45,44.30,69.24,10.56,34.60,67.47,11.11
20170119,1200,70.50,52.26,69.24,10.91,47.49,72.69,11.02,36.86,70.81,11.59
20170120,1200,73.70,55.18,72.46,11.35,50.64,76.03,11.47,39.10,74.04,12.05
20170121,1200,72.00,53.62,70.75,11.12,48.96,74.25,11.24,37.91,72.32,11.81
20170122,1200,69.40,51.26,68.13,10.76,46.42,71.54,10.87,36.10,69.70,11.43
20170123,1200,66.80,48.91,65.52,10.40,43.92,68.82,10.50,34.32,67.07,11.06
20170124,1200,118.00,98.26,117.28,17.29,99.99,122.51,17.50,72.90,118.90,18.18
20170125,1200,178.00,162.54,178.61,24.95,181.02,185.83,25.28,125.55,179.83,26.01
20170126,1200,162.00,144.84,162.20,22.94,158.01,168.92,23.24,110.85,163.57,23.96
20170127,1200,149.00,130.75,148.90,21.29,140.04,155.19,21.56,99.25,150.36,22.28
20170128,1200,132.00,112.72,131.54,19.11,117.57,137.26,19.34,84.56,133.11,20.04
20170129,1200,111.00,91.17,110.17,16.37,91.54,115.15,16.56,67.24,111.81,17.23
20170130,1200,91.80,72.24,90.71,13.81,69.56,94.99,13.97,52.29,92.36,14.60
20170131,1200,73.10,54.63,71.85,11.27,50.04,75.40,11.39,38.68,73.44,11.96
20170201,1200,64.20,46.59,62.91,10.03,41.47,66.11,10.14,32.56,64.44,10.68
20170202,1200,57.70,40.86,56.40,9.12,35.53,59.33,9.21,28.27,57.88,9.73
20170203,1200,50.40,34.61,49.11,8.08,29.21,51.72,8.16,23.63,50.51,8.64
20170204,1200,44.50,29.70,43.24,7.23,24.39,45.59,7.30,20.03,44.56,7.75
20170205,1200,42.50,28.07,41.25,6.93,22.82,43.51,7.00,18.85,42.54,7.44
20170206,1200,39.20,25.42,37.97,6.45,20.30,40.09,6.51,16.93,39.22,6.94
20170207,1200,37.60,24.15,36.39,6.21,19.11,38.43,6.27,16.02,37.61,6.69
20170208,1200,43.00,28.48,41.74,7.01,23.21,44.03,7.07,19.14,43.05,7.52
20170209,1200,44.10,29.38,42.84,7.17,24.08,45.18,7.24,19.79,44.16,7.69
20170210,1200,35.50,22.50,34.31,5.90,17.58,36.26,5.96,14.84,35.50,6.36
20170211,1200,43.90,29.21,42.64,7.14,23.92,44.97,7.21,19.68,43.96,7.66
20170212,1200,40.50,26.46,39.26,6.64,21.28,41.44,6.70,17.68,40.53,7.14
20170213,1200,35.50,22.50,34.31,5.90,17.58,36.26,5.96,14.84,35.50,6.36
20170214,1200,36.10,22.97,34.90,5.99,18.01,36.88,6.05,15.18,36.10,6.45
20170215,1200,38.10,24.54,36.88,6.29,19.48,38.95,6.35,16.30,38.11,6.77
20170216,1200,40.20,26.22,38.96,6.60,21.05,41.13,6.66,17.51,40.23,7.09
20170217,1200,41.60,27.34,40.35,6.80,22.12,42.58,6.87,18.32,41.64,7.31
20170218,1200,43.70,29.05,42.44,7.11,23.76,44.76,7.18,19.56,43.75,7.63
20170219,1200,51.50,35.54,50.21,8.24,30.14,52.87,8.32,24.32,51.62,8.81
20170220,1200,67.70,49.72,66.43,10.52,44.78,69.76,10.63,34.94,67.98,11.19
20170221,1200,79.50,60.55,78.30,12.15,56.50,82.10,12.28,43.22,79.91,12.87
20170222,1200,106.00,86.16,105.09,15.71,85.64,109.90,15.89,63.26,106.74,16.55
20170223,1200,136.00,116.92,135.62,19.62,122.75,141.47,19.87,87.96,137.16,20.57
20170224,1200,169.00,152.54,169.38,23.82,167.96,176.32,24.14,117.23,170.68,24.86
20170225,1200,191.00,177.18,191.97,26.57,200.39,199.60,26.93,137.80,193.04,27.66
20170226,1200,199.00,186.30,200.20,27.56,212.61,208.07,27.94,145.48,201.18,28.67
20170227,1200,177.00,161.42,177.58,24.83,179.55,184.78,25.16,124.61,178.81,25.89
20170228,1200,155.00,137.22,155.03,22.05,148.25,161.52,22.34,104.56,156.46,23.06
20170301,1200,137.00,117.97,136.64,19.75,124.05,142.53,20.00,88.82,138.18,20.70
20170302,1200,122.00,102.35,121.35,17.81,104.92,126.72,18.03,76.19,122.96,18.71
20170303,1200,105.00,85.17,104.08,15.58,84.47,108.84,15.76,62.47,105.73,16.41
20170304,1200,88.70,69.26,87.58,13.40,66.19,91.74,13.55,49.97,89.22,14.17
20170305,1200,70.60,52.35,69.34,10.92,47.58,72.79,11.04,36.93,70.91,11.60
20170306,1200,63.20,45.70,61.91,9.89,40.54,65.06,9.99,31.89,63.43,10.53
20170307,1200,60.40,43.22,59.10,9.50,37.97,62.14,9.60,30.04,60.60,10.12
20170308,1200,62.40,44.99,61.11,9.78,39.80,64.23,9.88,31.36,62.62,10.42
20170309,1200,63.30,45.79,62.01,9.91,40.63,65.17,10.01,31.96,63.53,10.55
20170310,1200,60.40,43.22,59.10,9.50,37.97,62.14,9.60,30.04,60.60,10.12
20170311,1200,58.20,41.30,56.90,9.19,35.98,59.85,9.28,28.59,58.38,9.80
20170312,1200,51.40,35.46,50.11,8.22,30.06,52.77,8.30,24.25,51.52,8.79
20170313,1200,47.70,32.35,46.42,7.69,26.97,48.92,7.76,21.97,47.79,8.24
20170314,1200,45.40,30.44,44.13,7.36,25.11,46.53,7.43,20.57,45.47,7.89
20170315,1200,49.70,34.02,48.41,7.98,28.63,51.00,8.06,23.19,49.80,8.54
20170316,1200,54.60,38.19,53.30,8.68,32.80,56.10,8.77,26.27,54.75,9.27
20170317,1200,57.80,40.95,56.50,9.13,35.62,59.43,9.22,28.33,57.98,9.74
20170318,1200,63.50,45.96,62.21,9.93,40.82,65.38,10.04,32.10,63.73,10.58
20170319,1200,69.90,51.71,68.63,10.83,46.90,72.06,10.94,36.45,70.20,11.50
20170320,1200,70.90,52.62,69.64,10.96,47.88,73.10,11.08,37.14,71.21,11.65
20170321,1200,80.80,61.77,79.61,12.32,57.84,83.46,12.46,44.16,81.22,13.06
20170322,1200,89.80,70.31,88.69,13.54,67.38,92.89,13.70,50.79,90.33,14.32
20170323,1200,82.30,63.18,81.12,12.53,59.40,85.03,12.67,45.25,82.74,13.27
20170324,1200,75.60,56.93,74.37,11.61,52.54,78.02,11.74,40.44,75.96,12.32
20170325,1200,74.20,55.64,72.96,11.42,51.13,76.55,11.54,39.45,74.55,12.12
20170326,1200,76.10,57.39,74.87,11.68,53.04,78.54,11.81,40.79,76.47,12.39
20170327,1200,86.60,67.25,85.46,13.11,63.94,89.54,13.26,48.41,87.09,13.87
20170328,1200,118.00,98.26,117.28,17.29,99.99,122.51,17.50,72.90,118.90,18.18
20170329,1200,159.00,141.57,159.13,22.56,153.81,165.75,22.85,108.15,160.52,23.58
20170330,1200,162.00,144.84,162.20,22.94,158.01,168.92,23.24,110.85,163.57,23.96
20170331,1200,153.00,135.06,152.99,21.80,145.50,159.41,22.08,102.78,154.42,22.80
20170401,1200,240.00,234.25,242.49,32.57,278.55,251.57,33.04,186.32,242.91,33.75
20170402,1200,343.00,362.38,349.40,44.78,465.95,361.24,45.48,298.51,347.91,46.06
20170403,1200,345.00,364.96,351.49,45.01,469.86,363.37,45.71,300.81,349.95,46.29
20170404,1200,353.00,375.32,359.82,45.94,485.63,371.91,46.66,310.04,358.11,47.23
20170405,1200,384.00,415.94,392.18,49.52,548.20,405.02,50.31,346.45,389.76,50.82
20170406,1200,377.00,406.71,384.87,48.71,533.87,397.54,49.49,338.15,382.61,50.01
20170407,1200,455.00,511.63,466.49,57.59,699.80,480.98,58.55,433.31,462.29,58.89
20170408,1200,421.00,465.37,430.87,53.74,625.80,444.58,54.62,391.14,427.55,55.05
20170409,1200,384.00,415.94,392.18,49.52,548.20,405.02,50.31,346.45,389.76,50.82
20170410,1200,339.00,357.23,345.23,44.31,458.14,356.97,45.00,293.92,343.83,45.59
20170411,1200,283.00,286.52,287.01,37.73,353.22,297.29,38.29,231.61,286.72,38.96
20170412,1200,239.00,233.06,241.45,32.45,276.88,250.50,32.92,185.30,241.89,33.63
20170413,1200,208.00,196.65,209.46,28.67,226.62,217.61,29.07,154.23,210.34,29.80
20170414,1200,177.00,161.42,177.58,24.83,179.55,184.78,25.16,124.61,178.81,25.89
20170415,1200,152.00,133.98,151.97,21.67,144.13,158.35,21.95,101.90,153.41,22.67
20170416,1200,134.00,114.82,133.58,19.37,120.15,139.37,19.61,86.25,135.14,20.31
20170417,1200,117.00,97.24,116.27,17.16,98.77,121.46,17.36,72.09,117.89,18.04
20170418,1200,101.00,81.21,100.02,15.04,79.86,104.64,15.22,59.34,101.67,15.87
20170419,1200,89.10,69.64,87.98,13.45,66.63,92.16,13.60,50.27,89.62,14.22
20170420,1200,82.50,63.37,81.32,12.56,59.61,85.24,12.69,45.40,82.94,13.30
20170421,1200,87.00,67.63,85.86,13.17,64.37,89.96,13.31,48.70,87.50,13.93
20170422,1200,109.00,89.16,108.14,16.10,89.16,113.05,16.29,65.64,109.78,16.96
20170423,1200,106.00,86.16,105.09,15.71,85.64,109.90,15.89,63.26,106.74,16.55
20170424,1200,103.00,83.18,102.05,15.31,82.16,106.74,15.49,60.90,103.70,16.14
20170425,1200,105.00,85.17,104.08,15.58,84.47,108.84,15.76,62.47,105.73,16.41
20170426,1200,188.00,173.78,188.88,26.20,195.87,196.42,26.55,134.95,189.99,27.28
20170427,1200,210.00,198.97,211.52,28.92,229.77,219.73,29.32,156.20,212.37,30.05
20170428,1200,191.00,177.18,191.97,26.57,200.39,199.60,26.93,137.80,193.04,27.66
20170429,1200,174.00,158.08,174.50,24.45,175.18,181.60,24.78,121.83,175.76,25.50
20170430,1200,148.00,129.67,147.88,21.16,138.69,154.13,21.43,98.37,149.35,22.15
20170501,1200,123.00,103.38,122.37,17.94,106.17,127.78,18.16,77.02,123.98,18.85
20170502,1200,117.00,97.24,116.27,17.16,98.77,121.46,17.36,72.09,117.89,18.04
20170503,1200,113.00,93.18,112.20,16.63,93.93,117.25,16.83,68.84,113.84,17.50
20170504,1200,93.50,73.88,92.43,14.04,71.43,96.77,14.20,53.58,94.08,14.83
20170505,1200,93.80,74.17,92.74,14.08,71.77,97.09,14.24,53.81,94.38,14.87
20170506,1200,165.00,148.13,165.28,23.32,162.25,172.09,23.62,113.57,166.61,24.35
20170507,1200,162.00,144.84,162.20,22.94,158.01,168.92,23.24,110.85,163.57,23.96
20170508,1200,148.00,129.67,147.88,21.16,138.69,154.13,21.43,98.37,149.35,22.15
20170509,1200,135.00,115.87,134.60,19.50,121.45,140.42,19.74,87.11,136.15,20.44
20170510,1200,118.00,98.26,117.28,17.29,99.99,122.51,17.50,72.90,118.90,18.18
20170511,1200,102.00,82.19,101.04,15.18,81.01,105.69,15.35,60.12,102.69,16.00
20170512,1200,88.40,68.97,87.28,13.35,65.87,91.42,13.50,49.74,88.91,14.12
20170513,1200,78.50,59.62,77.29,12.01,55.48,81.05,12.14,42.50,78.90,12.73
20170514,1200,101.00,81.21,100.02,15.04,79.86,104.64,15.22,59.34,101.67,15.87
20170515,1200,135.00,115.87,134.60,19.50,121.45,140.42,19.74,87.11,136.15,20.44
20170516,1200,123.00,103.38,122.37,17.94,106.17,127.78,18.16,77.02,123.98,18.85
20170517,1200,109.00,89.16,108.14,16.10,89.16,113.05,16.29,65.64,109.78,16.96
20170518,1200,100.00,80.22,99.01,14.91,78.72,103.59,15.08,58.56,100.66,15.73
20170519,1200,91.30,71.75,90.21,13.75,69.02,94.46,13.90,51.92,91.85,14.53
20170520,1200,79.20,60.27,77.99,12.11,56.19,81.79,12.24,43.01,79.61,12.83
20170521,1200,68.00,49.99,66.73,10.56,45.07,70.07,10.67,35.14,68.28,11.23
20170522,1200,60.60,43.40,59.31,9.53,38.15,62.35,9.62,30.17,60.80,10.15
20170523,1200,58.80,41.82,57.50,9.27,36.52,60.47,9.37,28.99,58.99,9.89
20170524,1200,54.90,38.44,53.60,8.72,33.07,56.41,8.81,26.47,55.05,9.31
20170525,1200,52.90,36.73,51.61,8.44,31.34,54.33,8.52,25.20,53.03,9.02
20170526,1200,98.50,78.75,97.49,14.71,77.02,102.02,14.88,57.40,99.14,15.52
20170527,1200,113.00,93.18,112.20,16.63,93.93,117.25,16.83,68.84,113.84,17.50
20170528,1200,107.00,87.16,106.11,15.84,86.81,110.95,16.03,64.05,107.75,16.69
20170529,1200,106.00,86.16,105.09,15.71,85.64,109.90,15.89,63.26,106.74,16.55
20170530,1200,98.60,78.85,97.59,14.72,77.13,102.12,14.89,57.48,99.24,15.54
20170531,1200,88.50,69.06,87.38,13.37,65.98,91.53,13.52,49.82,89.02,14.14
20170601,1200,88.30,68.87,87.18,13.34,65.76,91.32,13.49,49.67,88.81,14.11
20170602,1200,78.70,59.81,77.49,12.04,55.68,81.26,12.17,42.65,79.10,12.76
20170603,1200,69.00,50.90,67.73,10.70,46.03,71.12,10.81,35.83,69.29,11.37
20170604,1200,61.80,44.46,60.51,9.70,39.25,63.60,9.80,30.96,62.02,10.33
20170605,1200,73.40,54.91,72.15,11.31,50.34,75.72,11.43,38.89,73.74,12.01
20170606,1200,147.00,128.60,146.85,21.04,137.33,153.08,21.30,97.49,148.33,22.02
20170607,1200,228.00,220.02,230.09,31.12,258.69,238.82,31.56,174.12,230.69,32.28
20170608,1200,214.00,203.61,215.65,29.41,236.10,223.97,29.82,160.14,216.44,30.54
20170609,1200,192.00,178.31,192.99,26.70,201.91,200.65,27.06,138.76,194.06,27.79
20170610,1200,168.00,151.44,168.35,23.70,166.53,175.26,24.01,116.31,169.66,24.74
20170611,1200,137.00,117.97,136.64,19.75,124.05,142.53,20.00,88.82,138.18,20.70
20170612,1200,108.00,88.16,107.12,15.97,87.98,112.00,16.16,64.84,108.77,16.82
20170613,1200,85.30,66.02,84.15,12.94,62.56,88.17,13.08,47.45,85.78,13.69
20170614,1200,70.20,51.98,68.94,10.87,47.19,72.37,10.98,36.66,70.50,11.55
20170615,1200,60.20,43.05,58.90,9.47,37.78,61.93,9.57,29.90,60.40,10.10
20170616,1200,56.90,40.17,55.60,9.00,34.82,58.49,9.10,27.75,57.07,9.61
20170617,1200,81.20,62.15,80.01,12.38,58.26,83.88,12.51,44.45,81.63,13.11
20170618,1200,76.40,57.67,75.17,11.72,53.34,78.86,11.85,41.01,76.77,12.43
20170619,1200,69.30,51.17,68.03,10.74,46.32,71.43,10.86,36.04,69.59,11.42
20170620,1200,67.10,49.18,65.82,10.44,44.21,69.13,10.55,34.53,67.37,11.10
20170621,1200,62.40,44.99,61.11,9.78,39.80,64.23,9.88,31.36,62.62,10.42
20170622,1200,55.70,39.13,54.40,8.83,33.76,57.24,8.92,26.98,55.86,9.43
20170623,1200,52.00,35.97,50.71,8.31,30.57,53.39,8.39,24.63,52.12,8.88
20170624,1200,56.00,39.39,54.70,8.88,34.03,57.56,8.97,27.17,56.16,9.48
20170625,1200,53.60,37.33,52.30,8.54,31.94,55.06,8.62,25.64,53.74,9.12
20170626,1200,50.30,34.53,49.01,8.06,29.13,51.62,8.14,23.57,50.41,8.63
20170627,1200,52.60,36.48,51.31,8.39,31.08,54.01,8.48,25.01,52.73,8.97
20170628,1200,88.70,69.26,87.58,13.40,66.19,91.74,13.55,49.97,89.22,14.17
20170629,1200,80.90,61.86,79.71,12.34,57.94,83.57,12.47,44.23,81.33,13.07
20170630,1200,73.20,54.72,71.95,11.28,50.14,75.51,11.40,38.75,73.54,11.98
20170701,1200,76.60,57.86,75.37,11.75,53.54,79.07,11.88,41.15,76.98,12.46
20170702,1200,71.40,53.08,70.14,11.03,48.37,73.63,11.15,37.49,71.72,11.72
20170703,1200,62.30,44.90,61.01,9.77,39.71,64.12,9.87,31.29,62.52,10.40
20170704,1200,54.50,38.10,53.20,8.66,32.72,55.99,8.75,26.21,54.65,9.25
20170705,1200,48.30,32.85,47.02,7.78,27.47,49.54,7.85,22.33,48.39,8.33
20170706,1200,43.20,28.64,41.94,7.04,23.37,44.24,7.10,19.26,43.25,7.55
20170707,1200,40.70,26.62,39.46,6.67,21.43,41.65,6.73,17.80,40.73,7.17
20170708,1200,41.70,27.42,40.45,6.82,22.20,42.68,6.88,18.38,41.74,7.32
20170709,1200,42.90,28.40,41.65,6.99,23.13,43.93,7.06,19.08,42.95,7.51
20170710,1200,37.50,24.07,36.29,6.20,19.04,38.33,6.26,15.96,37.51,6.67
20170711,1200,34.40,21.65,33.22,5.74,16.80,35.12,5.79,14.24,34.39,6.19
20170712,1200,34.50,21.72,33.32,5.75,16.87,35.22,5.80,14.29,34.49,6.20
20170713,1200,40.40,26.38,39.16,6.63,21.21,41.34,6.69,17.62,40.43,7.12
20170714,1200,39.20,25.42,37.97,6.45,20.30,40.09,6.51,16.93,39.22,6.94
20170715,1200,38.70,25.02,37.48,6.38,19.92,39.57,6.44,16.65,38.72,6.86
20170716,1200,37.70,24.23,36.49,6.23,19.18,38.54,6.29,16.08,37.71,6.70
20170717,1200,34.70,21.88,33.52,5.78,17.01,35.43,5.83,14.40,34.69,6.23
20170718,1200,32.60,20.26,31.44,5.47,15.54,33.26,5.52,13.26,32.58,5.90
20170719,1200,38.90,25.18,37.68,6.41,20.07,39.78,6.47,16.76,38.92,6.89
20170720,1200,34.50,21.72,33.32,5.75,16.87,35.22,5.80,14.29,34.49,6.20
20170721,1200,31.70,19.58,30.55,5.33,14.92,32.33,5.38,12.77,31.67,5.76
20170722,1200,29.90,18.22,28.78,5.06,13.71,30.47,5.10,11.82,29.86,5.47
20170723,1200,28.30,17.03,27.20,4.82,12.66,28.81,4.86,10.99,28.25,5.21
20170724,1200,32.40,20.11,31.25,5.44,15.40,33.05,5.49,13.15,32.38,5.87
20170725,1200,47.80,32.43,46.52,7.70,27.06,49.02,7.78,22.03,47.89,8.25
20170726,1200,42.10,27.75,40.85,6.88,22.51,43.10,6.94,18.61,42.14,7.38
20170727,1200,38.80,25.10,37.58,6.39,20.00,39.68,6.45,16.70,38.82,6.87
20170728,1200,37.30,23.91,36.09,6.17,18.89,38.12,6.23,15.85,37.31,6.64
20170729,1200,33.80,21.18,32.63,5.65,16.37,34.50,5.70,13.91,33.78,6.09
20170730,1200,30.20,18.44,29.08,5.11,13.91,30.78,5.15,11.98,30.16,5.52
20170731,1200,27.30,16.29,26.22,4.66,12.01,27.78,4.70,10.48,27.25,5.05
20170801,1200,23.10,13.26,22.10,4.01,9.43,23.45,4.05,8.39,23.03,4.36
20170802,1200,22.50,12.84,21.51,3.92,9.07,22.83,3.95,8.10,22.43,4.26
20170803,1200,23.00,13.19,22.00,4.00,9.37,23.35,4.03,8.34,22.93,4.35
20170804,1200,17.70,9.55,16.83,3.16,6.40,17.90,3.19,5.89,17.61,3.45
20170805,1200,16.30,8.63,15.47,2.94,5.68,16.47,2.96,5.28,16.21,3.21
20170806,1200,15.90,8.37,15.08,2.87,5.48,16.06,2.89,5.11,15.81,3.14
20170807,1200,13.80,7.03,13.04,2.53,4.46,13.91,2.55,4.23,13.71,2.78
20170808,1200,11.50,5.62,10.82,2.15,3.42,11.56,2.16,3.32,11.41,2.37
20170809,1200,9.00,4.15,8.42,1.72,2.39,9.02,1.73,2.39,8.91,1.91
20170810,1200,6.60,2.83,6.13,1.30,1.52,6.58,1.31,1.58,6.52,1.45
20170811,1200,5.20,2.11,4.80,1.05,1.08,5.17,1.06,1.15,5.13,1.18
20170812,1200,4.80,1.91,4.42,0.98,0.96,4.77,0.98,1.04,4.73,1.10
20170813,1200,3.40,1.25,3.11,0.72,0.58,3.36,0.72,0.65,3.34,0.81
20170814,1200,4.50,1.76,4.14,0.92,0.87,4.46,0.93,0.95,4.44,1.04
20170815,1200,4.40,1.71,4.05,0.90,0.84,4.36,0.91,0.92,4.34,1.02
20170816,1200,3.90,1.48,3.58,0.81,0.71,3.86,0.82,0.79,3.84,0.91
20170817,1200,3.40,1.25,3.11,0.72,0.58,3.36,0.72,0.65,3.34,0.81
20170818,1200,3.30,1.20,3.01,0.70,0.55,3.26,0.70,0.63,3.25,0.79
20170819,1200,4.30,1.67,3.95,0.89,0.82,4.26,0.89,0.89,4.24,1.00
20170820,1200,4.90,1.96,4.52,1.00,0.99,4.87,1.00,1.07,4.83,1.12
20170821,1200,3.60,1.34,3.29,0.75,0.63,3.56,0.76,0.71,3.54,0.85
20170822,1200,3.10,1.11,2.83,0.66,0.51,3.06,0.66,0.58,3.05,0.75
20170823,1200,2.90,1.02,2.64,0.62,0.46,2.86,0.62,0.53,2.85,0.70
20170824,1200,2.50,0.85,2.27,0.54,0.37,2.46,0.55,0.43,2.45,0.62
20170825,1200,2.20,0.73,1.99,0.48,0.31,2.16,0.49,0.37,2.16,0.55
20170826,1200,2.00,0.65,1.80,0.44,0.27,1.96,0.45,0.32,1.96,0.51
20170827,1200,1.80,0.57,1.62,0.40,0.23,1.76,0.41,0.28,1.76,0.46
20170828,1200,1.60,0.49,1.44,0.36,0.19,1.56,0.37,0.24,1.57,0.42
20170829,1200,1.30,0.38,1.16,0.30,0.14,1.27,0.30,0.18,1.27,0.35
20170830,1200,1.50,0.45,1.34,0.34,0.18,1.46,0.34,0.22,1.47,0.39
20170831,1200,1.50,0.45,1.34,0.34,0.18,1.46,0.34,0.22,1.47,0.39
20170901,1200,1.30,0.38,1.16,0.30,0.14,1.27,0.30,0.18,1.27,0.35
20170902,1200,1.10,0.31,0.98,0.26,0.11,1.07,0.26,0.14,1.07,0.30
20170903,1200,1.70,0.53,1.53,0.38,0.21,1.66,0.39,0.26,1.66,0.44
20170904,1200,2.70,0.94,2.45,0.58,0.41,2.66,0.59,0.48,2.65,0.66
20170905,1200,2.10,0.69,1.90,0.46,0.29,2.06,0.47,0.34,2.06,0.53
20170906,1200,2.40,0.81,2.17,0.52,0.35,2.36,0.53,0.41,2.35,0.60
20170907,1200,9.80,4.61,9.19,1.86,2.71,9.83,1.87,2.68,9.71,2.06
20170908,1200,9.40,4.38,8.80,1.79,2.55,9.42,1.80,2.54,9.31,1.98
20170909,1200,4.70,1.86,4.33,0.96,0.93,4.66,0.97,1.01,4.63,1.08
20170910,1200,3.20,1.16,2.92,0.68,0.53,3.16,0.68,0.60,3.15,0.77
20170911,1200,2.50,0.85,2.27,0.54,0.37,2.46,0.55,0.43,2.45,0.62
20170912,1200,2.00,0.65,1.80,0.44,0.27,1.96,0.45,0.32,1.96,0.51
20170913,1200,1.60,0.49,1.44,0.36,0.19,1.56,0.37,0.24,1.57,0.42
20170914,1200,1.30,0.38,1.16,0.30,0.14,1.27,0.30,0.18,1.27,0.35
20170915,1200,1.10,0.31,0.98,0.26,0.11,1.07,0.26,0.14,1.07,0.30
20170916,1200,1.10,0.31,0.98,0.26,0.11,1.07,0.26,0.14,1.07,0.30
20170917,1200,1.10,0.31,0.98,0.26,0.11,1.07,0.26,0.14,1.07,0.30
20170918,1200,1.00,0.27,0.89,0.24,0.10,0.97,0.24,0.13,0.97,0.27
20170919,1200,1.10,0.31,0.98,0.26,0.11,1.07,0.26,0.14,1.07,0.30
20170920,1200,1.50,0.45,1.34,0.34,0.18,1.46,0.34,0.22,1.47,0.39
20170921,1200,1.50,0.45,1.34,0.34,0.18,1.46,0.34,0.22,1.47,0.39
20170922,1200,1.40,0.41,1.25,0.32,0.16,1.37,0.32,0.20,1.37,0.37
20170923,1200,1.30,0.38,1.16,0.30,0.14,1.27,0.30,0.18,1.27,0.35
20170924,1200,1.40,0.41,1.25,0.32,0.16,1.37,0.32,0.20,1.37,0.37
20170925,1200,1.00,0.27,0.89,0.24,0.10,0.97,0.24,0.13,0.97,0.27
20170926,1200,0.70,0.18,0.62,0.17,0.06,0.68,0.17,0.08,0.68,0.20
20170927,1200,0.60,0.14,0.53,0.15,0.05,0.58,0.15,0.06,0.58,0.17
20170928,1200,0.70,0.18,0.62,0.17,0.06,0.68,0.17,0.08,0.68,0.20
20170929,1200,0.60,0.14,0.53,0.15,0.05,0.58,0.15,0.06,0.58,0.17
20170930,1200,0.90,0.24,0.80,0.22,0.08,0.87,0.22,0.11,0.88,0.25
20171001,1200,1.00,0.27,0.89,0.24,0.10,0.97,0.24,0.13,0.97,0.27
20171002,1200,1.00,0.27,0.89,0.24,0.10,0.97,0.24,0.13,0.97,0.27
20171003,1200,0.90,0.24,0.80,0.22,0.08,0.87,0.22,0.11,0.88,0.25
20171004,1200,0.90,0.24,0.80,0.22,0.08,0.87,0.22,0.11,0.88,0.25
20171005,1200,0.80,0.21,0.71,0.19,0.07,0.77,0.20,0.09,0.78,0.23
20171006,1200,0.60,0.14,0.53,0.15,0.05,0.58,0.15,0.06,0.58,0.17
20171007,1200,0.50,0.12,0.44,0.13,0.04,0.48,0.13,0.05,0.48,0.15
20171008,1200,0.70,0.18,0.62,0.17,0.06,0.68,0.17,0.08,0.68,0.20
20171009,1200,0.90,0.24,0.80,0.22,0.08,0.87,0.22,0.11,0.88,0.25
20171010,1200,1.10,0.31,0.98,0.26,0.11,1.07,0.26,0.14,1.07,0.30
20171011,1200,0.90,0.24,0.80,0.22,0.08,0.87,0.22,0.11,0.88,0.25
20171012,1200,0.90,0.24,0.80,0.22,0.08,0.87,0.22,0.11,0.88,0.25
20171013,1200,0.80,0.21,0.71,0.19,0.07,0.77,0.20,0.09,0.78,0.23
20171014,1200,0.80,0.21,0.71,0.19,0.07,0.77,0.20,0.09,0.78,0.23
20171015,1200,0.90,0.24,0.80,0.22,0.08,0.87,0.22,0.11,0.88,0.25
20171016,1200,0.90,0.24,0.80,0.22,0.08,0.87,0.22,0.11,0.88,0.25
20171017,1200,0.80,0.21,0.71,0.19,0.07,0.77,0.20,0.09,0.78,0.23
20171018,1200,0.80,0.21,0.71,0.19,0.07,0.77,0.20,0.09,0.78,0.23
20171019,1200,0.60,0.14,0.53,0.15,0.05,0.58,0.15,0.06,0.58,0.17
20171020,1200,0.50,0.12,0.44,0.13,0.04,0.48,0.13,0.05,0.48,0.15
20171021,1200,0.60,0.14,0.53,0.15,0.05,0.58,0.15,0.06,0.58,0.17
20171022,1200,0.50,0.12,0.44,0.13,0.04,0.48,0.13,0.05,0.48,0.15
20171023,1200,0.60,0.14,0.53,0.15,0.05,0.58,0.15,0.06,0.58,0.17
20171024,1200,0.80,0.21,0.71,0.19,0.07,0.77,0.20,0.09,0.78,0.23
20171025,1200,2.40,0.81,2.17,0.52,0.35,2.36,0.53,0.41,2.35,0.60
20171026,1200,3.90,1.48,3.58,0.81,0.71,3.86,0.82,0.79,3.84,0.91
20171027,1200,9.70,4.55,9.09,1.84,2.67,9.73,1.85,2.65,9.61,2.04
20171028,1200,4.90,1.96,4.52,1.00,0.99,4.87,1.00,1.07,4.83,1.12
20171029,1200,3.50,1.29,3.20,0.74,0.60,3.46,0.74,0.68,3.44,0.83
20171030,1200,43.70,29.05,42.44,7.11,23.76,44.76,7.18,19.56,43.75,7.63
20171031,1200,56.00,39.39,54.70,8.88,34.03,57.56,8.97,27.17,56.16,9.48
20171101,1200,52.10,36.05,50.81,8.32,30.65,53.49,8.40,24.69,52.22,8.90
20171102,1200,59.10,42.09,57.80,9.32,36.79,60.79,9.41,29.18,59.29,9.93
20171103,1200,62.30,44.90,61.01,9.77,39.71,64.12,9.87,31.29,62.52,10.40
20171104,1200,52.30,36.22,51.01,8.35,30.82,53.70,8.43,24.82,52.43,8.93
20171105,1200,38.30,24.70,37.08,6.32,19.63,39.16,6.38,16.42,38.31,6.80
20171106,1200,28.00,16.81,26.91,4.77,12.46,28.50,4.81,10.83,27.95,5.17
20171107,1200,20.40,11.38,19.46,3.59,7.87,20.68,3.62,7.11,20.32,3.91
20171108,1200,16.50,8.76,15.66,2.97,5.78,16.67,2.99,5.36,16.41,3.25
20171109,1200,13.90,7.09,13.14,2.54,4.51,14.01,2.56,4.27,13.81,2.79
20171110,1200,12.00,5.92,11.30,2.23,3.64,12.07,2.25,3.51,11.91,2.46
20171111,1200,10.10,4.78,9.47,1.91,2.83,10.14,1.92,2.79,10.01,2.11
20171112,1200,9.30,4.32,8.71,1.77,2.51,9.32,1.79,2.50,9.21,1.96
20171113,1200,9.80,4.61,9.19,1.86,2.71,9.83,1.87,2.68,9.71,2.06
20171114,1200,11.60,5.68,10.92,2.16,3.46,11.66,2.18,3.36,11.51,2.38
20171115,1200,11.60,5.68,10.92,2.16,3.46,11.66,2.18,3.36,11.51,2.38
20171116,1200,12.50,6.22,11.79,2.31,3.86,12.58,2.33,3.71,12.41,2.55
20171117,1200,22.70,12.98,21.71,3.95,9.19,23.04,3.98,8.20,22.63,4.30
20171118,1200,15.30,7.98,14.50,2.77,5.18,15.44,2.79,4.85,15.21,3.04
20171119,1200,18.20,9.89,17.31,3.24,6.67,18.42,3.27,6.11,18.12,3.54
20171120,1200,25.40,14.91,24.35,4.37,10.82,25.82,4.41,9.52,25.34,4.74
20171121,1200,22.70,12.98,21.71,3.95,9.19,23.04,3.98,8.20,22.63,4.30
20171122,1200,26.40,15.63,25.34,4.53,11.44,26.85,4.56,10.02,26.34,4.91
20171123,1200,43.00,28.48,41.74,7.01,23.21,44.03,7.07,19.14,43.05,7.52
20171124,1200,38.80,25.10,37.58,6.39,20.00,39.68,6.45,16.70,38.82,6.87
20171125,1200,35.90,22.81,34.70,5.96,17.87,36.67,6.02,15.07,35.90,6.42
20171126,1200,33.00,20.57,31.84,5.53,15.82,33.67,5.58,13.47,32.98,5.97
20171127,1200,29.60,17.99,28.48,5.01,13.51,30.16,5.06,11.66,29.56,5.42
20171128,1200,26.10,15.41,25.04,4.48,11.25,26.54,4.52,9.87,26.04,4.86
20171129,1200,24.70,14.40,23.67,4.26,10.39,25.10,4.30,9.17,24.64,4.63
20171130,1200,23.70,13.69,22.69,4.11,9.78,24.07,4.14,8.68,23.63,4.46
20171201,1200,21.00,11.79,20.05,3.69,8.21,21.29,3.72,7.39,20.92,4.01
20171202,1200,19.10,10.49,18.19,3.38,7.15,19.34,3.41,6.52,19.02,3.69
20171203,1200,17.40,9.36,16.54,3.11,6.25,17.60,3.14,5.76,17.31,3.40
20171204,1200,16.10,8.50,15.27,2.90,5.58,16.26,2.93,5.19,16.01,3.18
20171205,1200,15.40,8.05,14.59,2.79,5.23,15.55,2.81,4.89,15.31,3.06
20171206,1200,24.00,13.90,22.98,4.15,9.96,24.38,4.19,8.83,23.93,4.51
20171207,1200,26.40,15.63,25.34,4.53,11.44,26.85,4.56,10.02,26.34,4.91
20171208,1200,18.40,10.02,17.51,3.27,6.77,18.62,3.30,6.20,18.32,3.57
20171209,1200,22.30,12.70,21.32,3.89,8.96,22.63,3.92,8.01,22.23,4.23
20171210,1200,29.50,17.92,28.39,5.00,13.44,30.05,5.04,11.61,29.46,5.41
20171211,1200,30.40,18.59,29.27,5.14,14.04,30.98,5.18,12.08,30.36,5.55
20171212,1200,30.20,18.44,29.08,5.11,13.91,30.78,5.15,11.98,30.16,5.52
20171213,1200,33.40,20.88,32.23,5.59,16.09,34.08,5.64,13.69,33.38,6.03
20171214,1200,28.50,17.18,27.40,4.85,12.79,29.02,4.89,11.09,28.45,5.25
20171215,1200,23.50,13.55,22.49,4.08,9.66,23.86,4.11,8.58,23.43,4.43
20171216,1200,20.40,11.38,19.46,3.59,7.87,20.68,3.62,7.11,20.32,3.91
20171217,1200,17.90,9.69,17.02,3.19,6.51,18.11,3.22,5.98,17.82,3.49
20171218,1200,16.10,8.50,15.27,2.90,5.58,16.26,2.93,5.19,16.01,3.18
20171219,1200,16.30,8.63,15.47,2.94,5.68,16.47,2.96,5.28,16.21,3.21
20171220,1200,20.30,11.31,19.36,3.57,7.81,20.57,3.60,7.07,20.22,3.90
20171221,1200,20.90,11.73,19.95,3.67,8.15,21.19,3.70,7.35,20.82,4.00
20171222,1200,18.70,10.22,17.80,3.32,6.94,18.93,3.35,6.34,18.62,3.63
20171223,1200,19.50,10.77,18.58,3.45,7.37,19.75,3.48,6.70,19.42,3.76
20171224,1200,27.10,16.14,26.02,4.63,11.88,27.57,4.67,10.37,27.05,5.02
20171225,1200,27.80,16.66,26.71,4.74,12.33,28.30,4.78,10.73,27.75,5.13
20171226,1200,26.80,15.92,25.73,4.59,11.69,27.27,4.63,10.22,26.75,4.97
20171227,1200,25.20,14.76,24.16,4.34,10.70,25.62,4.38,9.42,25.14,4.71
20171228,1200,22.80,13.05,21.81,3.97,9.25,23.14,4.00,8.25,22.73,4.31
20171229,1200,20.40,11.38,19.46,3.59,7.87,20.68,3.62,7.11,20.32,3.91
20171230,1200,18.80,10.29,17.90,3.34,6.99,19.03,3.36,6.38,18.72,3.64
20171231,1200,17.40,9.36,16.54,3.11,6.25,17.60,3.14,5.76,17.31,3.40
20180101,1200,16.00,8.44,15.17,2.89,5.53,16.16,2.91,5.15,15.91,3.16
20180102,1200,15.00,7.79,14.20,2.72,5.03,15.14,2.75,4.73,14.91,2.99
20180103,1200,13.40,6.78,12.66,2.46,4.27,13.50,2.48,4.07,13.31,2.71
20180104,1200,14.40,7.41,13.62,2.63,4.74,14.52,2.65,4.48,14.31,2.88
20180105,1200,17.00,9.09,16.15,3.05,6.04,17.19,3.07,5.58,16.91,3.33
20180106,1200,16.80,8.96,15.95,3.02,5.94,16.98,3.04,5.50,16.71,3.30
20180107,1200,17.70,9.55,16.83,3.16,6.40,17.90,3.19,5.89,17.61,3.45
20180108,1200,17.00,9.09,16.15,3.05,6.04,17.19,3.07,5.58,16.91,3.33
20180109,1200,15.60,8.18,14.79,2.82,5.33,15.75,2.84,4.98,15.51,3.09
20180110,1200,15.10,7.86,14.30,2.74,5.08,15.24,2.76,4.77,15.01,3.01
20180111,1200,15.50,8.11,14.69,2.81,5.28,15.65,2.83,4.94,15.41,3.07
20180112,1200,23.30,13.40,22.30,4.05,9.54,23.66,4.08,8.49,23.23,4.40
20180113,1200,181.00,165.90,181.69,25.33,185.43,189.01,25.67,128.35,182.88,26.40
20180114,1200,183.00,168.14,183.74,25.58,188.40,191.13,25.92,130.23,184.91,26.65
20180115,1200,145.00,126.46,144.81,20.78,134.65,150.97,21.04,95.74,146.30,21.75
20180116,1200,133.00,113.77,132.56,19.24,118.86,138.31,19.48,85.40,134.12,20.18
20180117,1200,116.00,96.22,115.25,17.03,97.55,120.41,17.23,71.27,116.88,17.91
20180118,1200,88.30,68.87,87.18,13.34,65.76,91.32,13.49,49.67,88.81,14.11
20180119,1200,66.50,48.64,65.22,10.35,43.64,68.51,10.46,34.12,66.77,11.01
20180120,1200,52.40,36.31,51.11,8.36,30.91,53.81,8.45,24.88,52.53,8.94
20180121,1200,40.60,26.54,39.36,6.66,21.36,41.54,6.72,17.74,40.63,7.15
20180122,1200,34.00,21.34,32.83,5.68,16.51,34.70,5.73,14.02,33.99,6.12
20180123,1200,47.50,32.18,46.22,7.66,26.81,48.71,7.74,21.84,47.58,8.21
20180124,1200,87.90,68.49,86.77,13.29,65.33,90.90,13.44,49.37,88.41,14.05
20180125,1200,70.80,52.53,69.54,10.95,47.78,73.00,11.07,37.07,71.11,11.63
20180126,1200,62.30,44.90,61.01,9.77,39.71,64.12,9.87,31.29,62.52,10.40
20180127,1200,58.00,41.13,56.70,9.16,35.80,59.64,9.25,28.46,58.18,9.77
20180128,1200,63.00,45.52,61.71,9.86,40.35,64.85,9.97,31.76,63.23,10.51
20180129,1200,61.80,44.46,60.51,9.70,39.25,63.60,9.80,30.96,62.02,10.33
20180130,1200,51.10,35.20,49.81,8.18,29.80,52.45,8.26,24.07,51.22,8.75
20180131,1200,38.70,25.02,37.48,6.38,19.92,39.57,6.44,16.65,38.72,6.86
20180201,1200,33.40,20.88,32.23,5.59,16.09,34.08,5.64,13.69,33.38,6.03
20180202,1200,33.20,20.72,32.04,5.56,15.95,33.88,5.61,13.58,33.18,6.00
20180203,1200,25.50,14.98,24.45,4.39,10.88,25.92,4.42,9.57,25.44,4.76
20180204,1200,23.00,13.19,22.00,4.00,9.37,23.35,4.03,8.34,22.93,4.35
20180205,1200,39.80,25.90,38.57,6.54,20.75,40.71,6.60,17.28,39.82,7.03
20180206,1200,38.20,24.62,36.98,6.30,19.55,39.05,6.36,16.36,38.21,6.78
20180207,1200,32.80,20.42,31.64,5.50,15.68,33.46,5.55,13.37,32.78,5.93
20180208,1200,45.30,30.36,44.03,7.34,25.03,46.42,7.41,20.51,45.37,7.87
20180209,1200,41.70,27.42,40.45,6.82,22.20,42.68,6.88,18.38,41.74,7.32
20180210,1200,39.40,25.58,38.17,6.48,20.45,40.30,6.54,17.05,39.42,6.97
20180211,1200,114.00,94.19,113.22,16.76,95.13,118.31,16.96,69.65,114.85,17.64
20180212,1200,227.00,218.84,229.06,31.00,257.06,237.76,31.43,173.11,229.67,32.15
20180213,1200,191.00,177.18,191.97,26.57,200.39,199.60,26.93,137.80,193.04,27.66
20180214,1200,187.00,172.65,187.85,26.08,194.37,195.36,26.43,134.00,188.98,27.16
20180215,1200,163.00,145.94,163.23,23.07,159.42,169.97,23.37,111.76,164.58,24.09
20180216,1200,145.00,126.46,144.81,20.78,134.65,150.97,21.04,95.74,146.30,21.75
20180217,1200,123.00,103.38,122.37,17.94,106.17,127.78,18.16,77.02,123.98,18.85
20180218,1200,111.00,91.17,110.17,16.37,91.54,115.15,16.56,67.24,111.81,17.23
20180219,1200,96.90,77.19,95.87,14.50,75.22,100.34,14.66,56.17,97.52,15.30
20180220,1200,116.00,96.22,115.25,17.03,97.55,120.41,17.23,71.27,116.88,17.91
20180221,1200,132.00,112.72,131.54,19.11,117.57,137.26,19.34,84.56,133.11,20.04
20180222,1200,135.00,115.87,134.60,19.50,121.45,140.42,19.74,87.11,136.15,20.44
20180223,1200,129.00,109.59,128.48,18.72,113.73,134.10,18.95,82.02,130.06,19.65
20180224,1200,120.00,100.30,119.32,17.55,102.45,124.62,17.76,74.54,120.93,18.44
20180225,1200,113.00,93.18,112.20,16.63,93.93,117.25,16.83,68.84,113.84,17.50
20180226,1200,125.00,105.45,124.41,18.20,108.67,129.88,18.42,78.68,126.00,19.11
20180227,1200,110.00,90.16,109.15,16.24,90.35,114.10,16.43,66.44,110.79,17.09
20180228,1200,97.40,77.67,96.38,14.56,75.78,100.86,14.73,56.56,98.03,15.37
20180301,1200,88.80,69.35,87.68,13.41,66.30,91.84,13.56,50.04,89.32,14.18
20180302,1200,150.00,131.82,149.92,21.42,141.40,156.24,21.69,100.13,151.38,22.41
20180303,1200,303.00,311.45,307.78,40.10,389.74,318.59,40.70,253.45,307.11,41.35
20180304,1200,270.00,270.52,273.53,36.18,330.08,283.46,36.71,217.67,273.47,37.40
20180305,1200,255.00,252.27,258.00,34.38,303.98,267.51,34.88,201.85,258.19,35.58
20180306,1200,228.00,220.02,230.09,31.12,258.69,238.82,31.56,174.12,230.69,32.28