Date,Discharge.m3s,PO4.ugL.OUT,NH4.ugL.OUT,NH4 Flux kg/day,Cl.mgL.OUT,NO3.mgL.OUT,NO3_flux_kg/day,SO4.mgL.OUT,Br.mgL.OUT,DOC.mgL.OUT,TDN.mgL.OUT,TDN Flux kg/day,DIN.mgL.OUT,DIN Flux kg/day,DON.mgL.OUT,DON Flux kg/day,TDP.mgL.OUT,PN.mgL.OUT,PN Flux kg/day,TN.mgL.OUT,TN Flux kg/day
1/1/16,2.220038681,NA,5.084467826,0.975258597,143.56,0.35,67.13396971,5.01,0.2,6.078987063,0.568207116,108.9885695,0.355084468,68.10922834,0.213122648,40.87934113,NA,0.033231025,6.374087502,0.601438141,1183.535407
1/2/16,1.999167485,NA,5.084467826,0.878230318,143.56,0.35,60.45482476,5.01,0.2,6.078987063,0.568207116,98.14531893,0.355084468,61.33305511,0.213122648,36.81226382,NA,0.033231025,5.739930837,0.601438141,1065.785711
1/3/16,1.679187421,NA,5.084467826,0.737663709,143.56,0.35,50.7786276,5.01,0.2,6.078987063,0.568207116,82.43650726,0.355084468,51.51629133,0.213122648,30.92021593,NA,0.033231025,4.821216695,0.601438141,895.1996124
1/4/16,1.370534084,NA,5.084467826,0.602072909,143.56,0.35,41.44495069,5.01,0.2,6.078987063,0.568207116,67.28375972,0.355084468,42.04702362,0.213122648,25.2367361,NA,0.033231025,3.935023407,0.601438141,730.6519602
1/5/16,1.29407867,NA,5.084467826,0.568486198,143.56,0.35,39.13293897,5.01,0.2,6.078987063,0.568207116,63.53032684,0.355084468,39.70142519,0.213122648,23.82890165,NA,0.033231025,3.715507638,0.601438141,689.8924501
1/6/16,0.920296647,NA,5.084467826,0.404284495,143.56,0.35,27.82977061,5.01,0.2,6.078987063,0.568207116,45.18021056,0.355084468,28.23405511,0.213122648,16.94615544,NA,0.033231025,2.642319436,0.601438141,490.6237336
1/7/16,0.227667232,NA,5.084467826,0.100013764,143.56,0.35,6.884657097,5.01,0.2,6.078987063,0.568207116,11.17688901,0.355084468,6.984670865,0.213122648,4.192218146,NA,0.033231025,0.653669177,0.601438141,121.3727636
1/8/16,0.19651873,NA,5.084467826,0.086330289,143.56,0.35,5.9427264,5.01,0.2,6.078987063,0.568207116,9.647712654,0.355084468,6.029056692,0.213122648,3.618655962,NA,0.033231025,0.564236827,0.601438141,104.7670373
1/9/16,0.549346306,NA,5.084467826,0.241326745,143.56,0.35,16.6122323,5.01,0.2,6.078987063,0.568207116,26.9691103,0.355084468,16.85355905,0.213122648,10.11555125,NA,0.033231025,1.577261448,0.601438141,292.8646287
1/10/16,1.514949865,NA,5.084467826,0.665514476,143.56,0.35,45.81208392,5.01,0.2,6.078987063,0.568207116,74.37357738,0.355084468,46.47759842,0.213122648,27.89597896,NA,0.033231025,4.349664303,0.601438141,807.6421461
1/11/16,4.190889346,NA,5.084467826,1.841049393,143.56,0.35,126.7324938,5.01,0.2,6.078987063,0.568207116,205.7437281,0.355084468,128.5735433,0.213122648,77.17018478,NA,0.033231025,12.0327162,0.601438141,2234.225002
1/12/16,2.831681991,NA,5.084467826,1.243952292,143.56,0.35,85.6300634,5.01,0.2,6.078987063,0.568207116,139.0160325,0.355084468,86.87401574,0.213122648,52.14201674,NA,0.033231025,8.13021365,0.601438141,1509.611488
1/13/16,2.94494927,NA,5.084467826,1.293710384,143.56,0.35,89.05526594,5.01,0.2,6.078987063,0.568207116,144.5766738,0.355084468,90.34897637,0.213122648,54.22769741,NA,0.033231025,8.455422196,0.601438141,1569.995948
1/14/16,2.466395014,NA,5.084467826,1.083482447,143.56,0.35,74.58378522,5.01,0.2,6.078987063,0.568207116,121.0829643,0.355084468,75.66726771,0.213122648,45.41569658,NA,0.033231025,7.08141609,0.601438141,1314.871606
1/15/16,2.050137761,NA,5.084467826,0.90062146,143.56,0.35,61.9961659,5.01,0.2,6.078987063,0.568207116,100.6476075,0.355084468,62.89678739,0.213122648,37.75082012,NA,0.033231025,5.886274683,0.601438141,1092.958717
1/16/16,2.135088221,NA,5.084467826,0.937940028,143.56,0.35,64.5650678,5.01,0.2,6.078987063,0.568207116,104.8180885,0.355084468,65.50300787,0.213122648,39.31508063,NA,0.033231025,6.130181092,0.601438141,1138.247062
1/17/16,2.497543516,NA,5.084467826,1.097165922,143.56,0.35,75.52571592,5.01,0.2,6.078987063,0.568207116,122.6121406,0.355084468,76.62288188,0.213122648,45.98925877,NA,0.033231025,7.17084844,0.601438141,1331.477332
1/18/16,2.186058497,NA,5.084467826,0.96033117,143.56,0.35,66.10640895,5.01,0.2,6.078987063,0.568207116,107.3203771,0.355084468,67.06674015,0.213122648,40.25363693,NA,0.033231025,6.276524938,0.601438141,1165.420069
1/19/16,2.358791098,NA,5.084467826,1.036212259,143.56,0.35,71.32984281,5.01,0.2,6.078987063,0.568207116,115.8003551,0.355084468,72.36605511,0.213122648,43.43429995,NA,0.033231025,6.772467971,0.601438141,1257.50637
1/20/16,2.203048589,NA,5.084467826,0.967794883,143.56,0.35,66.62018933,5.01,0.2,6.078987063,0.568207116,108.1544733,0.355084468,67.58798424,0.213122648,40.56648903,NA,0.033231025,6.32530622,0.601438141,1174.477738
1/21/16,1.404514267,NA,5.084467826,0.617000337,143.56,0.35,42.47251145,5.01,0.2,6.078987063,0.568207116,68.95195211,0.355084468,43.08951181,0.213122648,25.86244031,NA,0.033231025,4.032585971,0.601438141,748.7672981
1/22/16,1.050554019,NA,5.084467826,0.4615063,143.56,0.35,31.76875352,5.01,0.2,6.078987063,0.568207116,51.57494805,0.355084468,32.23025984,0.213122648,19.34468821,NA,0.033231025,3.016309264,0.601438141,560.0658621
1/23/16,0.971266923,NA,5.084467826,0.426675636,143.56,0.35,29.37111175,5.01,0.2,6.078987063,0.568207116,47.68249914,0.355084468,29.7977874,0.213122648,17.88471174,NA,0.033231025,2.788663282,0.601438141,517.7967404
1/24/16,0.815524413,NA,5.084467826,0.35825826,143.56,0.35,24.66145826,5.01,0.2,6.078987063,0.568207116,40.03661735,0.355084468,25.01971653,0.213122648,15.01690082,NA,0.033231025,2.341501531,0.601438141,434.7681086
1/25/16,0.656950222,NA,5.084467826,0.288596932,143.56,0.35,19.86617471,5.01,0.2,6.078987063,0.568207116,32.25171954,0.355084468,20.15477165,0.213122648,12.09694788,NA,0.033231025,1.886209567,0.601438141,350.2298652
1/26/16,0.566336398,NA,5.084467826,0.248790458,143.56,0.35,17.12601268,5.01,0.2,6.078987063,0.568207116,27.8032065,0.355084468,17.37480315,0.213122648,10.42840335,NA,0.033231025,1.62604273,0.601438141,301.9222976
1/27/16,0.699425452,NA,5.084467826,0.307256216,143.56,0.35,21.15062566,5.01,0.2,6.078987063,0.568207116,34.33696002,0.355084468,21.45788189,0.213122648,12.87907814,NA,0.033231025,2.008162772,0.601438141,372.8740376
1/28/16,0.807029367,NA,5.084467826,0.354526403,143.56,0.35,24.40456807,5.01,0.2,6.078987063,0.568207116,39.61956926,0.355084468,24.75909448,0.213122648,14.86047477,NA,0.033231025,2.31711089,0.601438141,430.2392741
1/29/16,0.770217501,NA,5.084467826,0.338355024,143.56,0.35,23.29137725,5.01,0.2,6.078987063,0.568207116,37.81236083,0.355084468,23.62973228,0.213122648,14.18262855,NA,0.033231025,2.211418113,0.601438141,410.6143248
1/30/16,0.744732364,NA,5.084467826,0.327159453,143.56,0.35,22.52070667,5.01,0.2,6.078987063,0.568207116,36.56121654,0.355084468,22.84786614,0.213122648,13.7133504,NA,0.033231025,2.13824619,0.601438141,397.0278214
1/31/16,0.727742272,NA,5.084467826,0.319695739,143.56,0.35,22.00692629,5.01,0.2,6.078987063,0.568207116,35.72712035,0.355084468,22.32662204,0.213122648,13.4004983,NA,0.033231025,2.089464908,0.601438141,387.9701524
2/1/16,0.818356095,NA,5.084467826,0.359502212,143.56,0.35,24.74708832,5.01,0.2,6.078987063,0.568207116,40.17563339,0.355084468,25.10659055,0.213122648,15.06904284,NA,0.033231025,2.349631745,0.601438141,436.2777201
2/2/16,0.894811509,NA,5.084467826,0.393088924,143.56,0.35,27.05910003,5.01,0.2,6.078987063,0.568207116,43.92906626,0.355084468,27.45218897,0.213122648,16.47687729,NA,0.033231025,2.569147514,0.601438141,477.0372302
2/3/16,0.821187777,NA,5.084467826,0.360746165,143.56,0.35,24.83271839,5.01,0.2,6.078987063,0.568207116,40.31464942,0.355084468,25.19346456,0.213122648,15.12118486,NA,0.033231025,2.357761959,0.601438141,437.7873315
2/4/16,1.036395609,NA,5.084467826,0.455286539,143.56,0.35,31.3406032,5.01,0.2,6.078987063,0.568207116,50.87986789,0.355084468,31.79588976,0.213122648,19.08397813,NA,0.033231025,2.975658196,0.601438141,552.5178046
2/5/16,1.29407867,NA,5.084467826,0.568486198,143.56,0.35,39.13293897,5.01,0.2,6.078987063,0.568207116,63.53032684,0.355084468,39.70142519,0.213122648,23.82890165,NA,0.033231025,3.715507638,0.601438141,689.8924501
2/6/16,1.469642953,NA,5.084467826,0.64561124,143.56,0.35,44.44200291,5.01,0.2,6.078987063,0.568207116,72.14932086,0.355084468,45.08761417,0.213122648,27.06170669,NA,0.033231025,4.219580885,0.601438141,783.4883623
2/7/16,1.396019221,NA,5.084467826,0.61326848,143.56,0.35,42.21562126,5.01,0.2,6.078987063,0.568207116,68.53490401,0.355084468,42.82888976,0.213122648,25.70601425,NA,0.033231025,4.00819533,0.601438141,744.2384636
2/8/16,1.339385582,NA,5.084467826,0.588389434,143.56,0.35,40.50301999,5.01,0.2,6.078987063,0.568207116,65.75458336,0.355084468,41.09140944,0.213122648,24.66317392,NA,0.033231025,3.845591057,0.601438141,714.0462339
2/9/16,1.078870838,NA,5.084467826,0.473945823,143.56,0.35,32.62505416,5.01,0.2,6.078987063,0.568207116,52.96510838,0.355084468,33.099,0.213122648,19.86610838,NA,0.033231025,3.097611401,0.601438141,575.161977
2/10/16,1.067544111,NA,5.084467826,0.468970014,143.56,0.35,32.2825339,5.01,0.2,6.078987063,0.568207116,52.40904425,0.355084468,32.75150393,0.213122648,19.65754031,NA,0.033231025,3.065090546,0.601438141,569.123531
2/11/16,0.920296647,NA,5.084467826,0.404284495,143.56,0.35,27.82977061,5.01,0.2,6.078987063,0.568207116,45.18021056,0.355084468,28.23405511,0.213122648,16.94615544,NA,0.033231025,2.642319436,0.601438141,490.6237336
2/12/16,0.69659377,NA,5.084467826,0.306012264,143.56,0.35,21.0649956,5.01,0.2,6.078987063,0.568207116,34.19794399,0.355084468,21.37100787,0.213122648,12.82693612,NA,0.033231025,2.000032558,0.601438141,371.3644261
2/13/16,0.594653218,NA,5.084467826,0.261229981,143.56,0.35,17.98231331,5.01,0.2,6.078987063,0.568207116,29.19336682,0.355084468,18.2435433,0.213122648,10.94982352,NA,0.033231025,1.707344867,0.601438141,317.0184125
2/14/16,0.55500967,NA,5.084467826,0.243814649,143.56,0.35,16.78349243,5.01,0.2,6.078987063,0.568207116,27.24714237,0.355084468,17.02730708,0.213122648,10.21983528,NA,0.033231025,1.593521875,0.601438141,295.8838517
2/15/16,0.804197685,NA,5.084467826,0.353282451,143.56,0.35,24.31893801,5.01,0.2,6.078987063,0.568207116,39.48055322,0.355084468,24.67222047,0.213122648,14.80833276,NA,0.033231025,2.308980677,0.601438141,428.7296626
2/16/16,1.104355976,NA,5.084467826,0.485141394,143.56,0.35,33.39572473,5.01,0.2,6.078987063,0.568207116,54.21625267,0.355084468,33.88086614,0.213122648,20.33538653,NA,0.033231025,3.170783324,0.601438141,588.7484804
2/17/16,3.02989973,NA,5.084467826,1.331028953,143.56,0.35,91.62416784,5.01,0.2,6.078987063,0.568207116,148.7471548,0.355084468,92.95519684,0.213122648,55.79195792,NA,0.033231025,8.699328606,0.601438141,1615.284292
2/18/16,3.284751109,NA,5.084467826,1.442984659,143.56,0.35,99.33087355,5.01,0.2,6.078987063,0.568207116,161.2585977,0.355084468,100.7738583,0.213122648,60.48473942,NA,0.033231025,9.431047834,0.601438141,1751.149326
2/19/16,3.02989973,NA,5.084467826,1.331028953,143.56,0.35,91.62416784,5.01,0.2,6.078987063,0.568207116,148.7471548,0.355084468,92.95519684,0.213122648,55.79195792,NA,0.033231025,8.699328606,0.601438141,1615.284292
2/20/16,3.284751109,NA,5.084467826,1.442984659,143.56,0.35,99.33087355,5.01,0.2,6.078987063,0.568207116,161.2585977,0.355084468,100.7738583,0.213122648,60.48473942,NA,0.033231025,9.431047834,0.601438141,1751.149326
2/21/16,3.766137048,NA,5.084467826,1.654456549,143.56,0.35,113.8879843,5.01,0.2,6.078987063,0.568207116,184.8913232,0.355084468,115.5424409,0.213122648,69.34888227,NA,0.033231025,10.81318416,0.601438141,2007.783279
2/22/16,3.822770688,NA,5.084467826,1.679335595,143.56,0.35,115.6005856,5.01,0.2,6.078987063,0.568207116,187.6716438,0.355084468,117.2799212,0.213122648,70.3917226,NA,0.033231025,10.97578843,0.601438141,2037.975509
2/23/16,3.454652029,NA,5.084467826,1.517621797,143.56,0.35,104.4686773,5.01,0.2,6.078987063,0.568207116,169.5995596,0.355084468,105.9862992,0.213122648,63.61326043,NA,0.033231025,9.918860653,0.601438141,1841.726015
2/24/16,3.313067929,NA,5.084467826,1.455424182,143.56,0.35,100.1871742,5.01,0.2,6.078987063,0.568207116,162.648758,0.355084468,101.6425984,0.213122648,61.00615959,NA,0.033231025,9.512349971,0.601438141,1766.245441
2/25/16,4.728908925,NA,5.084467826,2.077400328,143.56,0.35,143.0022059,5.01,0.2,6.078987063,0.568207116,232.1567742,0.355084468,145.0796063,0.213122648,87.07716796,NA,0.033231025,13.5774568,0.601438141,2521.051185
2/26/16,5.181978043,NA,5.084467826,2.276432695,143.56,0.35,156.703016,5.01,0.2,6.078987063,0.568207116,254.3993394,0.355084468,158.9794488,0.213122648,95.41989064,NA,0.033231025,14.87829098,0.601438141,2762.589023
2/27/16,4.615641645,NA,5.084467826,2.027642236,143.56,0.35,139.5770033,5.01,0.2,6.078987063,0.568207116,226.5961329,0.355084468,141.6046457,0.213122648,84.99148729,NA,0.033231025,13.25224825,0.601438141,2460.666726
2/28/16,4.502374365,NA,5.084467826,1.977884145,143.56,0.35,136.1518008,5.01,0.2,6.078987063,0.568207116,221.0354916,0.355084468,138.129685,0.213122648,82.90580662,NA,0.033231025,12.9270397,0.601438141,2400.282266
2/29/16,4.077622067,NA,5.084467826,1.791291301,143.56,0.35,123.3072913,5.01,0.2,6.078987063,0.568207116,200.1830868,0.355084468,125.0985827,0.213122648,75.08450411,NA,0.033231025,11.70750766,0.601438141,2173.840543
3/1/16,3.539602488,NA,5.084467826,1.554940365,143.56,0.35,107.0375793,5.01,0.2,6.078987063,0.568207116,173.7700406,0.355084468,108.5925197,0.213122648,65.17752093,NA,0.033231025,10.16276706,0.601438141,1887.01436
3/2/16,3.567919308,NA,5.084467826,1.567379888,143.56,0.35,107.8938799,5.01,0.2,6.078987063,0.568207116,175.1602009,0.355084468,109.4612598,0.213122648,65.6989411,NA,0.033231025,10.2440692,0.601438141,1902.110475
3/3/16,3.737820228,NA,5.084467826,1.642017026,143.56,0.35,113.0316837,5.01,0.2,6.078987063,0.568207116,183.5011629,0.355084468,114.6737008,0.213122648,68.8274621,NA,0.033231025,10.73188202,0.601438141,1992.687164
3/4/16,3.228117469,NA,5.084467826,1.418105613,143.56,0.35,97.61827228,5.01,0.2,6.078987063,0.568207116,158.478277,0.355084468,99.03637794,0.213122648,59.44189909,NA,0.033231025,9.268443561,0.601438141,1720.957096
3/5/16,2.859998811,NA,5.084467826,1.256391815,143.56,0.35,86.48636404,5.01,0.2,6.078987063,0.568207116,140.4061928,0.355084468,87.74275589,0.213122648,52.66343691,NA,0.033231025,8.211515787,0.601438141,1524.707603
3/6/16,2.605147432,NA,5.084467826,1.144436109,143.56,0.35,78.77965833,5.01,0.2,6.078987063,0.568207116,127.8947499,0.355084468,79.92409448,0.213122648,47.9706554,NA,0.033231025,7.479796558,0.601438141,1388.842569
3/7/16,2.157741677,NA,5.084467826,0.947891647,143.56,0.35,65.25010831,5.01,0.2,6.078987063,0.568207116,105.9302168,0.355084468,66.19799999,0.213122648,39.73221676,NA,0.033231025,6.195222802,0.601438141,1150.323954
3/8/16,1.582910233,NA,5.084467826,0.695369331,143.56,0.35,47.86720544,5.01,0.2,6.078987063,0.568207116,77.70996216,0.355084468,48.5625748,0.213122648,29.14738736,NA,0.033231025,4.544789431,0.601438141,843.8728218
3/9/16,1.398850903,NA,5.084467826,0.614512432,143.56,0.35,42.30125132,5.01,0.2,6.078987063,0.568207116,68.67392005,0.355084468,42.91576377,0.213122648,25.75815627,NA,0.033231025,4.016325543,0.601438141,745.7480751
3/10/16,1.3365539,NA,5.084467826,0.587145482,143.56,0.35,40.41738993,5.01,0.2,6.078987063,0.568207116,65.61556733,0.355084468,41.00453543,0.213122648,24.6110319,NA,0.033231025,3.837460843,0.601438141,712.5366224
3/11/16,2.016157577,NA,5.084467826,0.885694032,143.56,0.35,60.96860514,5.01,0.2,6.078987063,0.568207116,98.97941513,0.355084468,61.8542992,0.213122648,37.12511592,NA,0.033231025,5.788712119,0.601438141,1074.84338
3/12/16,2.069959535,NA,5.084467826,0.909329126,143.56,0.35,62.59557635,5.01,0.2,6.078987063,0.568207116,101.6207197,0.355084468,63.5049055,0.213122648,38.11581424,NA,0.033231025,5.943186178,0.601438141,1103.525998
3/13/16,1.82077152,NA,5.084467826,0.799861324,143.56,0.35,55.06013077,5.01,0.2,6.078987063,0.568207116,89.38730888,0.355084468,55.85999212,0.213122648,33.52731677,NA,0.033231025,5.227727377,0.601438141,970.6801868
3/14/16,1.614058735,NA,5.084467826,0.709052807,143.56,0.35,48.80913614,5.01,0.2,6.078987063,0.568207116,79.23913851,0.355084468,49.51818897,0.213122648,29.72094954,NA,0.033231025,4.634221781,0.601438141,860.4785482
3/15/16,2.477721742,NA,5.084467826,1.088458256,143.56,0.35,74.92630548,5.01,0.2,6.078987063,0.568207116,121.6390284,0.355084468,76.01476377,0.213122648,45.62426465,NA,0.033231025,7.113936944,0.601438141,1320.910052
3/16/16,4.049305247,NA,5.084467826,1.778851778,143.56,0.35,122.4509907,5.01,0.2,6.078987063,0.568207116,198.7929264,0.355084468,124.2298425,0.213122648,74.56308394,NA,0.033231025,11.62620552,0.601438141,2158.744428
3/17/16,4.190889346,NA,5.084467826,1.841049393,143.56,0.35,126.7324938,5.01,0.2,6.078987063,0.568207116,205.7437281,0.355084468,128.5735433,0.213122648,77.17018478,NA,0.033231025,12.0327162,0.601438141,2234.225002
3/18/16,4.672275285,NA,5.084467826,2.052521282,143.56,0.35,141.2896046,5.01,0.2,6.078987063,0.568207116,229.3764536,0.355084468,143.342126,0.213122648,86.03432763,NA,0.033231025,13.41485252,0.601438141,2490.858955
3/19/16,4.360790266,NA,5.084467826,1.91568653,143.56,0.35,131.8702976,5.01,0.2,6.078987063,0.568207116,214.08469,0.355084468,133.7859842,0.213122648,80.29870579,NA,0.033231025,12.52052902,0.601438141,2324.801692
3/20/16,3.822770688,NA,5.084467826,1.679335595,143.56,0.35,115.6005856,5.01,0.2,6.078987063,0.568207116,187.6716438,0.355084468,117.2799212,0.213122648,70.3917226,NA,0.033231025,10.97578843,0.601438141,2037.975509
3/21/16,3.511285669,NA,5.084467826,1.542500842,143.56,0.35,106.1812786,5.01,0.2,6.078987063,0.568207116,172.3798803,0.355084468,107.7237795,0.213122648,64.65610076,NA,0.033231025,10.08146493,0.601438141,1871.918245
3/22/16,3.482968849,NA,5.084467826,1.53006132,143.56,0.35,105.324978,5.01,0.2,6.078987063,0.568207116,170.98972,0.355084468,106.8550394,0.213122648,64.1346806,NA,0.033231025,10.00016279,0.601438141,1856.82213
3/23/16,3.426335209,NA,0,0,160.69,0.21,62.16742603,4.13,NA,7.24700354,0.486187578,143.9287157,0.21,62.16742603,0.276187578,81.76128965,NA,0.052103094,15.4243583,0.538290672,1634.8445
3/24/16,3.426335209,NA,0,0,160.69,0.21,62.16742603,4.13,NA,7.24700354,0.486187578,143.9287157,0.21,62.16742603,0.276187578,81.76128965,NA,0.052103094,15.4243583,0.538290672,1634.8445
3/25/16,3.256434289,NA,0,0,160.69,0.21,59.08474375,4.13,NA,7.24700354,0.486187578,136.7917546,0.21,59.08474375,0.276187578,77.70701082,NA,0.052103094,14.65951408,0.538290672,1553.77783
3/26/16,3.08653337,NA,0,0,160.69,0.21,56.00206146,4.13,NA,7.24700354,0.486187578,129.6547935,0.21,56.00206146,0.276187578,73.65273199,NA,0.052103094,13.89466987,0.538290672,1472.711161
3/27/16,2.811860217,NA,0,0,160.69,0.21,51.01839177,4.13,NA,7.24700354,0.486187578,118.1167063,0.21,51.01839177,0.276187578,67.09831456,NA,0.052103094,12.65817173,0.538290672,1341.653379
3/28/16,2.888315631,NA,0,0,160.69,0.21,52.4055988,4.13,NA,7.24700354,0.486187578,121.3283388,0.21,52.4055988,0.276187578,68.92274003,NA,0.052103094,13.00235162,0.538290672,1378.13338
3/29/16,3.681186588,NA,0,0,160.69,0.21,66.79144945,4.13,NA,7.24700354,0.486187578,154.6341573,0.21,66.79144945,0.276187578,87.84270788,NA,0.052103094,16.57162462,0.538290672,1756.444504
3/30/16,3.482968849,NA,0,0,160.69,0.21,63.19498679,4.13,NA,7.24700354,0.486187578,146.3077027,0.21,63.19498679,0.276187578,83.11271592,NA,0.052103094,15.67930637,0.538290672,1661.866723
3/31/16,3.19980065,NA,0,0,160.69,0.21,58.05718299,4.13,NA,7.24700354,0.486187578,134.4127675,0.21,58.05718299,0.276187578,76.35558454,NA,0.052103094,14.40456601,0.538290672,1526.755607
4/1/16,3.02989973,NA,0,0,160.69,0.21,54.9745007,4.13,NA,7.24700354,0.486187578,127.2758064,0.21,54.9745007,0.276187578,72.30130572,NA,0.052103094,13.6397218,0.538290672,1445.688938
4/2/16,2.823186945,NA,0,0,160.69,0.21,51.22390393,4.13,NA,7.24700354,0.486187578,118.5925037,0.21,51.22390393,0.276187578,67.36859982,NA,0.052103094,12.70916134,0.538290672,1347.057823
4/3/16,2.820355263,NA,0,0,160.69,0.21,51.17252589,4.13,NA,7.24700354,0.486187578,118.4735544,0.21,51.17252589,0.276187578,67.3010285,NA,0.052103094,12.69641394,0.538290672,1345.706712
4/4/16,2.789206761,NA,0,0,160.69,0.21,50.60736747,4.13,NA,7.24700354,0.486187578,117.1651115,0.21,50.60736747,0.276187578,66.55774405,NA,0.052103094,12.5561925,0.538290672,1330.844489
4/5/16,2.675939481,NA,0,0,160.69,0.21,48.55224595,4.13,NA,7.24700354,0.486187578,112.4071374,0.21,48.55224595,0.276187578,63.8548915,NA,0.052103094,12.04629636,0.538290672,1276.800043
4/6/16,2.673107799,NA,0,0,160.69,0.21,48.50086791,4.13,NA,7.24700354,0.486187578,112.2881881,0.21,48.50086791,0.276187578,63.78732019,NA,0.052103094,12.03354895,0.538290672,1275.448932
4/7/16,3.08653337,NA,0,0,160.69,0.21,56.00206146,4.13,NA,7.24700354,0.486187578,129.6547935,0.21,56.00206146,0.276187578,73.65273199,NA,0.052103094,13.89466987,0.538290672,1472.711161
4/8/16,5.861581721,NA,0,0,160.69,0.21,106.3525387,4.13,NA,7.24700354,0.486187578,246.2251582,0.21,106.3525387,0.276187578,139.8726195,NA,0.052103094,26.38712535,0.538290672,2796.800094
4/9/16,5.436829422,NA,0,0,160.69,0.21,98.64583304,4.13,NA,7.24700354,0.486187578,228.3827555,0.21,98.64583304,0.276187578,129.7369224,NA,0.052103094,24.47501482,0.538290672,2594.133421
4/10/16,5.068710764,NA,0,0,160.69,0.21,91.96668809,4.13,NA,7.24700354,0.486187578,212.9193397,0.21,91.96668809,0.276187578,120.9526516,NA,0.052103094,22.81785236,0.538290672,2418.488971
4/11/16,4.728908925,NA,0,0,160.69,0.21,85.80132353,4.13,NA,7.24700354,0.486187578,198.6454175,0.21,85.80132353,0.276187578,112.844094,NA,0.052103094,21.28816393,0.538290672,2256.355632
4/12/16,4.332473446,NA,0,0,160.69,0.21,78.6083982,4.13,NA,7.24700354,0.486187578,181.9925083,0.21,78.6083982,0.276187578,103.38411,NA,0.052103094,19.50352743,0.538290672,2067.20007
4/13/16,4.077622067,NA,0,0,160.69,0.21,73.98437478,4.13,NA,7.24700354,0.486187578,171.2870666,0.21,73.98437478,0.276187578,97.30269181,NA,0.052103094,18.35626111,0.538290672,1945.600066
4/14/16,3.652869768,NA,0,0,160.69,0.21,66.27766907,4.13,NA,7.24700354,0.486187578,153.4446638,0.21,66.27766907,0.276187578,87.16699475,NA,0.052103094,16.44415058,0.538290672,1742.933392
4/15/16,3.228117469,NA,0,0,160.69,0.21,58.57096337,4.13,NA,7.24700354,0.486187578,135.602261,0.21,58.57096337,0.276187578,77.03129768,NA,0.052103094,14.53204005,0.538290672,1540.266719
4/16/16,2.859998811,NA,0,0,160.69,0.21,51.89181842,4.13,NA,7.24700354,0.486187578,120.1388453,0.21,51.89181842,0.276187578,68.24702689,NA,0.052103094,12.87487759,0.538290672,1364.622268
4/17/16,2.579662294,NA,0,0,160.69,0.21,46.80539266,4.13,NA,7.24700354,0.486187578,108.3628595,0.21,46.80539266,0.276187578,61.55746683,NA,0.052103094,11.61288463,0.538290672,1230.862264
4/18/16,2.384276236,NA,0,0,160.69,0.21,43.26030803,4.13,NA,7.24700354,0.486187578,100.1553542,0.21,43.26030803,0.276187578,56.89504618,NA,0.052103094,10.73331379,0.538290672,1137.635594
4/19/16,2.222870363,NA,0,0,160.69,0.21,40.33175986,4.13,NA,7.24700354,0.486187578,93.37524116,0.21,40.33175986,0.276187578,53.0434813,NA,0.052103094,10.00671179,0.538290672,1060.622258
4/20/16,2.086949627,NA,0,0,160.69,0.21,37.86561404,4.13,NA,7.24700354,0.486187578,87.66567227,0.21,37.86561404,0.276187578,49.80005824,NA,0.052103094,9.394836417,0.538290672,995.7689225
4/21/16,1.86324675,NA,0,0,160.69,0.21,33.80674903,4.13,NA,7.24700354,0.486187578,78.26867348,0.21,33.80674903,0.276187578,44.46192445,NA,0.052103094,8.387791536,0.538290672,889.0311411
4/22/16,1.667860693,NA,0,0,160.69,0.21,30.26166441,4.13,NA,7.24700354,0.486187578,70.06116821,0.21,30.26166441,0.276187578,39.7995038,NA,0.052103094,7.508220691,0.538290672,795.8044713
4/23/16,1.687682467,NA,0,0,160.69,0.21,30.62131067,4.13,NA,7.24700354,0.486187578,70.89381367,0.21,30.62131067,0.276187578,40.272503,NA,0.052103094,7.597452516,0.538290672,805.2622494
4/24/16,1.614058735,NA,0,0,160.69,0.21,29.28548168,4.13,NA,7.24700354,0.486187578,67.80113052,0.21,29.28548168,0.276187578,38.51564884,NA,0.052103094,7.266020024,0.538290672,770.1333593
4/25/16,1.480969681,NA,0,0,160.69,0.21,26.8707139,4.13,NA,7.24700354,0.486187578,62.21051099,0.21,26.8707139,0.276187578,35.33979709,NA,0.052103094,6.666892057,0.538290672,706.631135
4/26/16,1.461147907,NA,0,0,160.69,0.21,26.51106763,4.13,NA,7.24700354,0.486187578,61.37786553,0.21,26.51106763,0.276187578,34.8667979,NA,0.052103094,6.577660232,0.538290672,697.1733569
4/27/16,1.631048827,NA,0,0,160.69,0.21,29.59374991,4.13,NA,7.24700354,0.486187578,68.51482664,0.21,29.59374991,0.276187578,38.92107672,NA,0.052103094,7.342504445,0.538290672,778.2400263
4/28/16,1.517781547,NA,0,0,160.69,0.21,27.53862839,4.13,NA,7.24700354,0.486187578,63.75685256,0.21,27.53862839,0.276187578,36.21822417,NA,0.052103094,6.832608303,0.538290672,724.19558
4/29/16,1.384692493,NA,0,0,160.69,0.21,25.1238606,4.13,NA,7.24700354,0.486187578,58.16623303,0.21,25.1238606,0.276187578,33.04237243,NA,0.052103094,6.233480336,0.538290672,660.6933556
4/30/16,1.262930168,NA,0,0,160.69,0.21,22.91460497,4.13,NA,7.24700354,0.486187578,53.0514109,0.21,22.91460497,0.276187578,30.13680594,NA,0.052103094,5.685341983,0.538290672,602.5955759
5/1/16,1.15249457,NA,59.31060491,5.90588497,159.76,0.25,24.89388272,2.9,NA,8.761955605,0.723770007,72.06978267,0.309310605,30.7997677,0.414459402,41.27001498,NA,0.07104841,7.074683143,0.794818417,811.9635938
5/2/16,1.200633164,NA,59.31060491,6.152568126,159.76,0.25,25.93367634,2.9,NA,8.761955605,0.723770007,75.08006844,0.309310605,32.08624448,0.414459402,42.99382396,NA,0.07104841,7.370185879,0.794818417,845.878535
5/3/16,1.582910233,NA,59.31060491,8.1115226,159.76,0.25,34.19086103,2.9,NA,8.761955605,0.723770007,98.98527891,0.309310605,42.30238364,0.414459402,56.68289526,NA,0.07104841,9.716825251,0.794818417,1115.203069
5/4/16,1.902890298,NA,59.31060491,9.751240049,159.76,0.25,41.10243043,2.9,NA,8.761955605,0.723770007,118.9948254,0.309310605,50.8536705,0.414459402,68.14115495,NA,0.07104841,11.68104932,0.794818417,1340.637678
5/5/16,2.718414711,NA,59.31060491,13.93034293,159.76,0.25,58.71775776,2.9,NA,8.761955605,0.723770007,169.9926078,0.309310605,72.64810071,0.414459402,97.34450707,NA,0.07104841,16.68721331,0.794818417,1915.196683
5/6/16,3.08653337,NA,59.31060491,15.81674353,159.76,0.25,66.66912079,2.9,NA,8.761955605,0.723770007,193.0124401,0.309310605,82.48586435,0.414459402,110.5265757,NA,0.07104841,18.94694011,0.794818417,2174.546234
5/7/16,2.94494927,NA,59.31060491,15.09120484,159.76,0.25,63.61090424,2.9,NA,8.761955605,0.723770007,184.1586584,0.309310605,78.7021091,0.414459402,105.4565493,NA,0.07104841,18.07781442,0.794818417,2074.796407
5/8/16,2.630632569,NA,59.31060491,13.48050894,159.76,0.25,56.8216635,2.9,NA,8.761955605,0.723770007,164.5032632,0.309310605,70.30217246,0.414459402,94.2010907,NA,0.07104841,16.14835538,0.794818417,1853.35179
5/9/16,2.299325777,NA,59.31060491,11.78274839,159.76,0.25,49.66543677,2.9,NA,8.761955605,0.723770007,143.7854141,0.309310605,61.44818518,0.414459402,82.3372289,NA,0.07104841,14.11460126,0.794818417,1619.937194
5/10/16,1.968018984,NA,59.31060491,10.08498785,159.76,0.25,42.50921005,2.9,NA,8.761955605,0.723770007,123.067565,0.309310605,52.59419791,0.414459402,70.4733671,NA,0.07104841,12.08084714,0.794818417,1386.522599
5/11/16,1.696177512,NA,59.31060491,8.691953556,159.76,0.25,36.63743427,2.9,NA,8.761955605,0.723770007,106.0683042,0.309310605,45.32938784,0.414459402,60.73891639,NA,0.07104841,10.41212581,0.794818417,1195.00293
5/12/16,1.441326133,NA,59.31060491,7.385983906,159.76,0.25,31.13264448,2.9,NA,8.761955605,0.723770007,90.13149725,0.309310605,38.5186284,0.414459402,51.61286885,NA,0.07104841,8.847699557,0.794818417,1015.453241
5/13/16,1.206296528,NA,59.31060491,6.181589674,159.76,0.25,26.05600501,2.9,NA,8.761955605,0.723770007,75.4342197,0.309310605,32.23759469,0.414459402,43.19662501,NA,0.07104841,7.404950907,0.794818417,849.8685281
5/14/16,1.13833616,NA,59.31060491,5.833331101,159.76,0.25,24.58806106,2.9,NA,8.761955605,0.723770007,71.18440451,0.309310605,30.42139217,0.414459402,40.76301234,NA,0.07104841,6.987770574,0.794818417,801.988611
5/15/16,0.991088697,NA,59.31060491,5.078770859,159.76,0.25,21.40751585,2.9,NA,8.761955605,0.723770007,61.97647159,0.309310605,26.48628672,0.414459402,35.49018487,NA,0.07104841,6.083879853,0.794818417,698.2487907
5/16/16,0.815524413,NA,59.31060491,4.179102878,159.76,0.25,17.61532733,2.9,NA,8.761955605,0.723770007,50.99778233,0.309310605,21.79443021,0.414459402,29.20335212,NA,0.07104841,5.006163993,0.794818417,574.5590049
5/17/16,0.705088816,NA,59.31060491,3.613182697,159.76,0.25,15.22991842,2.9,NA,8.761955605,0.723770007,44.09183264,0.309310605,18.84310112,0.414459402,25.24873152,NA,0.07104841,4.328245952,0.794818417,496.7541397
5/18/16,0.603148264,NA,59.31060491,3.090794837,159.76,0.25,13.0280025,2.9,NA,8.761955605,0.723770007,37.71710985,0.309310605,16.11879734,0.414459402,21.59831251,NA,0.07104841,3.702475453,0.794818417,424.9342641
5/19/16,0.535187896,NA,59.31060491,2.742536264,159.76,0.25,11.56005856,2.9,NA,8.761955605,0.723770007,33.46729466,0.309310605,14.30259483,0.414459402,19.16469983,NA,0.07104841,3.285295121,0.794818417,377.054347
5/20/16,0.475722574,NA,59.31060491,2.437810012,159.76,0.25,10.27560761,2.9,NA,8.761955605,0.723770007,29.74870636,0.309310605,12.71341762,0.414459402,17.03528874,NA,0.07104841,2.920262329,0.794818417,335.1594195
5/21/16,0.410593889,NA,59.31060491,2.104062213,159.76,0.25,8.868827995,2.9,NA,8.761955605,0.723770007,25.6759668,0.309310605,10.97289021,0.414459402,14.70307659,NA,0.07104841,2.52046451,0.794818417,289.274499
5/22/16,0.356791931,NA,59.31060491,1.828357509,159.76,0.25,7.706705706,2.9,NA,8.761955605,0.723770007,22.31152977,0.309310605,9.535063218,0.414459402,12.77646655,NA,0.07104841,2.190196747,0.794818417,251.3695647
5/23/16,0.308653337,NA,59.31060491,1.581674353,159.76,0.25,6.666912079,2.9,NA,8.761955605,0.723770007,19.30124401,0.309310605,8.248586435,0.414459402,11.05265757,NA,0.07104841,1.894694011,0.794818417,217.4546234
5/24/16,0.302989973,NA,59.31060491,1.552652805,159.76,0.25,6.544583417,2.9,NA,8.761955605,0.723770007,18.94709274,0.309310605,8.097236225,0.414459402,10.84985652,NA,0.07104841,1.859928984,0.794818417,213.4646303
5/25/16,0.325643429,NA,59.31060491,1.668738996,159.76,0.25,7.033898065,2.9,NA,8.761955605,0.723770007,20.36369781,0.309310605,8.702637064,0.414459402,11.66106074,NA,0.07104841,1.998989095,0.794818417,229.4246027
5/26/16,0.273823649,NA,59.31060491,1.403191834,159.76,0.25,5.914590808,2.9,NA,8.761955605,0.723770007,17.12321372,0.309310605,7.317782644,0.414459402,9.805431077,NA,0.07104841,1.680889091,0.794818417,192.9161659
5/27/16,0.234463269,NA,59.31060491,1.201492077,159.76,0.25,5.064406607,2.9,NA,8.761955605,0.723770007,14.66186242,0.309310605,6.265898686,0.414459402,8.395963735,NA,0.07104841,1.439272148,0.794818417,165.1857139
5/28/16,0.209261299,NA,59.31060491,1.07234619,159.76,0.25,4.520044061,2.9,NA,8.761955605,0.723770007,13.08588929,0.309310605,5.592390253,0.414459402,7.493499034,NA,0.07104841,1.284567775,0.794818417,147.4302447
5/29/16,0.177829629,NA,59.31060491,0.9112766,159.76,0.25,3.841119987,2.9,NA,8.761955605,0.723770007,11.12034976,0.309310605,4.752396588,0.414459402,6.367953171,NA,0.07104841,1.091621871,0.794818417,125.285783
5/30/16,0.227384064,NA,59.31060491,1.165215143,159.76,0.25,4.911495779,2.9,NA,8.761955605,0.723770007,14.21917334,0.309310605,6.076710924,0.414459402,8.142462415,NA,0.07104841,1.395815863,0.794818417,160.1982226
5/31/16,0.247205838,NA,59.31060491,1.26679056,159.76,0.25,5.339646096,2.9,NA,8.761955605,0.723770007,15.45870277,0.309310605,6.606436658,0.414459402,8.852266112,NA,0.07104841,1.51749346,0.794818417,174.1631984
6/1/16,0.191421703,NA,59.31060491,0.980928314,159.76,0.25,4.134708776,2.9,NA,8.761955605,0.723770007,11.9703128,0.309310605,5.115637092,0.414459402,6.854675706,NA,0.07104841,1.175057937,0.794818417,134.8617664
6/2/16,0.153477164,NA,26.99625383,0.357981852,148.48,0.2,2.652085392,2.15,NA,10.49200773,0.672912908,8.923112468,0.226996254,3.010067247,0.445916654,5.913045221,NA,0.074868943,0.99279415,0.747781851,101.7298568
6/3/16,0.138186081,NA,26.99625383,0.322315764,148.48,0.2,2.387855482,2.15,NA,10.49200773,0.672912908,8.034093882,0.226996254,2.710171248,0.445916654,5.323922634,NA,0.074868943,0.89388108,0.747781851,91.5944098
6/4/16,0.131106876,NA,26.99625383,0.305803685,148.48,0.2,2.26552682,2.15,NA,10.49200773,0.672912908,7.622511204,0.226996254,2.571330508,0.445916654,5.051180696,NA,0.074868943,0.848087992,0.747781851,86.90207323
6/5/16,0.177546461,NA,26.99625383,0.414122918,148.48,0.2,3.068002843,2.15,NA,10.49200773,0.672912908,10.32249357,0.226996254,3.482125763,0.445916654,6.840367811,NA,0.074868943,1.14849065,0.747781851,117.6838011
6/6/16,0.716415544,NA,26.99625383,1.671022299,148.48,0.2,12.37966059,2.15,NA,10.49200773,0.672912908,41.65216705,0.226996254,14.0506829,0.445916654,27.60148415,NA,0.074868943,4.634260517,0.747781851,474.8644606
6/7/16,0.62580172,NA,26.99625383,1.4596677,148.48,0.2,10.81385372,2.15,NA,10.49200773,0.672912908,36.38390877,0.226996254,12.27352143,0.445916654,24.11038734,NA,0.074868943,4.048108989,0.747781851,414.8025526
6/8/16,0.467227528,NA,26.99625383,1.089797151,148.48,0.2,8.073691692,2.15,NA,10.49200773,0.672912908,27.16445677,0.226996254,9.16348885,0.445916654,18.00096792,NA,0.074868943,3.022343815,0.747781851,309.6942135
6/9/16,0.385108751,NA,26.99625383,0.898257046,148.48,0.2,6.654679213,2.15,NA,10.49200773,0.672912908,22.3900977,0.226996254,7.552936265,0.445916654,14.83716144,NA,0.074868943,2.491143993,0.747781851,255.2631093
6/10/16,0.302989973,NA,26.99625383,0.706716941,148.48,0.2,5.235666734,2.15,NA,10.49200773,0.672912908,17.61573864,0.226996254,5.942383679,0.445916654,11.67335496,NA,0.074868943,1.959944171,0.747781851,200.8320051
6/11/16,0.249188015,NA,26.99625383,0.581225147,148.48,0.2,4.305968902,2.15,NA,10.49200773,0.672912908,14.48771028,0.226996254,4.887194054,0.445916654,9.600516226,NA,0.074868943,1.611916702,0.747781851,165.1702472
6/12/16,0.234746437,NA,26.99625383,0.547540508,148.48,0.2,4.056418432,2.15,NA,10.49200773,0.672912908,13.64808162,0.226996254,4.603958944,0.445916654,9.044122672,NA,0.074868943,1.518498802,0.747781851,155.5978806
6/13/16,0.20444744,NA,26.99625383,0.476868814,148.48,0.2,3.532851759,2.15,NA,10.49200773,0.672912908,11.88650775,0.226996254,4.009720576,0.445916654,7.876787176,NA,0.074868943,1.322504385,0.747781851,135.5146801
6/14/16,0.184342498,NA,26.99625383,0.429974512,148.48,0.2,3.185438359,2.15,NA,10.49200773,0.672912908,10.71761295,0.226996254,3.615412874,0.445916654,7.102200072,NA,0.074868943,1.192452014,0.747781851,122.1884442
6/15/16,0.192554375,NA,26.99625383,0.449128523,148.48,0.2,3.327339606,2.15,NA,10.49200773,0.672912908,11.19504885,0.226996254,3.776468132,0.445916654,7.41858072,NA,0.074868943,1.245571997,0.747781851,127.6315546
6/16/16,0.19651873,NA,26.99625383,0.458375287,148.48,0.2,3.395843657,2.15,NA,10.49200773,0.672912908,11.42553515,0.226996254,3.854218947,0.445916654,7.571316206,NA,0.074868943,1.271216126,0.747781851,130.2592631
6/17/16,0.184059329,NA,26.99625383,0.429314029,148.48,0.2,3.180545212,2.15,NA,10.49200773,0.672912908,10.70114964,0.226996254,3.609859244,0.445916654,7.091290394,NA,0.074868943,1.190620291,0.747781851,122.0007508
6/18/16,0.165936565,NA,26.99625383,0.38704311,148.48,0.2,2.867383837,2.15,NA,10.49200773,0.672912908,9.647497982,0.226996254,3.254426949,0.445916654,6.393071032,NA,0.074868943,1.073389985,0.747781851,109.9883691
6/19/16,0.146397959,NA,0,0,194.66,0,0,2.07,NA,8.049581199,0.435180899,5.50450904,0,0,0.435180899,5.50450904,NA,0.06921355,0.87546722,0.504394449,65.45383052
6/20/16,0.122894998,NA,0,0,194.66,0,0,2.07,NA,8.049581199,0.435180899,4.620806429,0,0,0.435180899,4.620806429,NA,0.06921355,0.734918324,0.504394449,54.94576875
6/21/16,0.114683121,NA,0,0,194.66,0,0,2.07,NA,8.049581199,0.435180899,4.312042865,0,0,0.435180899,4.312042865,NA,0.06921355,0.685810878,0.504394449,51.27427729
6/22/16,0.111285102,NA,0,0,194.66,0,0,2.07,NA,8.049581199,0.435180899,4.184278632,0,0,0.435180899,4.184278632,NA,0.06921355,0.665490556,0.504394449,49.75503945
6/23/16,0.097976197,NA,0,0,194.66,0,0,2.07,NA,8.049581199,0.435180899,3.68386872,0,0,0.435180899,3.68386872,NA,0.06921355,0.585902627,0.504394449,43.80469122
6/24/16,0.078720759,NA,0,0,194.66,0,0,2.07,NA,8.049581199,0.435180899,2.959871399,0,0,0.435180899,2.959871399,NA,0.06921355,0.470754134,0.504394449,35.19567676
6/25/16,0.069093041,NA,0,0,194.66,0,0,2.07,NA,8.049581199,0.435180899,2.597872739,0,0,0.435180899,2.597872739,NA,0.06921355,0.413179887,0.504394449,30.89116953
6/26/16,0.059465322,NA,0,0,194.66,0,0,2.07,NA,8.049581199,0.435180899,2.235874078,0,0,0.435180899,2.235874078,NA,0.06921355,0.35560564,0.504394449,26.5866623
6/27/16,0.050120771,NA,0,0,194.66,0,0,2.07,NA,8.049581199,0.435180899,1.884522437,0,0,0.435180899,1.884522437,NA,0.06921355,0.299724754,0.504394449,22.40875822
6/28/16,0.052386117,NA,0,0,194.66,0,0,2.07,NA,8.049581199,0.435180899,1.969698593,0,0,0.435180899,1.969698593,NA,0.06921355,0.313271636,0.504394449,23.42158346
6/29/16,0.05351879,NA,0,0,194.66,0,0,2.07,NA,8.049581199,0.435180899,2.012286671,0,0,0.435180899,2.012286671,NA,0.06921355,0.320045076,0.504394449,23.92799607
6/30/16,0.051536612,NA,0,0,194.66,0,0,2.07,NA,8.049581199,0.435180899,1.937757535,0,0,0.435180899,1.937757535,NA,0.06921355,0.308191555,0.504394449,23.04177399
7/1/16,0.048988098,NA,0,0,194.66,0,0,2.07,NA,8.049581199,0.435180899,1.84193436,0,0,0.435180899,1.84193436,NA,0.06921355,0.292951313,0.504394449,21.90234561
7/2/16,0.049271267,NA,0,0,194.66,0,0,2.07,NA,8.049581199,0.435180899,1.852581379,0,0,0.435180899,1.852581379,NA,0.06921355,0.294644674,0.504394449,22.02894876
7/3/16,0.043324734,NA,0,0,194.66,0,0,2.07,NA,8.049581199,0.435180899,1.628993971,0,0,0.435180899,1.628993971,NA,0.06921355,0.259084109,0.504394449,19.37028253
7/4/16,0.036528698,NA,0,0,194.66,0,0,2.07,NA,8.049581199,0.435180899,1.373465505,0,0,0.435180899,1.373465505,NA,0.06921355,0.218443465,0.504394449,16.33180684
7/5/16,0.037378202,NA,0,0,194.66,0,0,2.07,NA,8.049581199,0.435180899,1.405406564,0,0,0.435180899,1.405406564,NA,0.06921355,0.223523545,0.504394449,16.7116163
7/6/16,0.046439585,NA,0,0,200.75,0,0,2.26,NA,7.469042316,0.406511456,1.631078482,0,0,0.406511456,1.631078482,NA,0.071010482,0.284921046,0.477521938,19.6567359
7/7/16,0.046156416,NA,0,0,200.75,0,0,2.26,NA,7.469042316,0.406511456,1.621132882,0,0,0.406511456,1.621132882,NA,0.071010482,0.283183722,0.477521938,19.53687775
7/8/16,0.04247523,NA,0,0,200.75,0,0,2.26,NA,7.469042316,0.406511456,1.491840075,0,0,0.406511456,1.491840075,NA,0.071010482,0.260598518,0.477521938,17.97872186
7/9/16,0.045023744,NA,0,0,200.75,0,0,2.26,NA,7.469042316,0.406511456,1.58135048,0,0,0.406511456,1.58135048,NA,0.071010482,0.276234429,0.477521938,19.05744517
7/10/16,0.054651462,NA,0,0,200.75,0,0,2.26,NA,7.469042316,0.406511456,1.919500897,0,0,0.406511456,1.919500897,NA,0.071010482,0.335303426,0.477521938,23.13262212
7/11/16,0.05181978,NA,0,0,200.75,0,0,2.26,NA,7.469042316,0.406511456,1.820044892,0,0,0.406511456,1.820044892,NA,0.071010482,0.317930191,0.477521938,21.93404067
7/12/16,0.04559008,NA,0,0,200.75,0,0,2.26,NA,7.469042316,0.406511456,1.601241681,0,0,0.406511456,1.601241681,NA,0.071010482,0.279709075,0.477521938,19.29716146
7/13/16,0.037095034,NA,0,0,200.75,0,0,2.26,NA,7.469042316,0.406511456,1.302873666,0,0,0.406511456,1.302873666,NA,0.071010482,0.227589372,0.477521938,15.70141709
7/14/16,0.032281175,NA,0,0,200.75,0,0,2.26,NA,7.469042316,0.406511456,1.133798457,0,0,0.406511456,1.133798457,NA,0.071010482,0.198054873,0.477521938,13.66382861
7/15/16,0.030582166,NA,0,0,200.75,0,0,2.26,NA,7.469042316,0.406511456,1.074124854,0,0,0.406511456,1.074124854,NA,0.071010482,0.187630933,0.477521938,12.94467974
7/16/16,0.023219792,NA,0,0,200.75,0,0,2.26,NA,7.469042316,0.406511456,0.815539241,0,0,0.406511456,0.815539241,NA,0.071010482,0.142460523,0.477521938,9.828367949
7/17/16,0.020104942,NA,0,0,200.75,0,0,2.26,NA,7.469042316,0.406511456,0.706137636,0,0,0.406511456,0.706137636,NA,0.071010482,0.123349965,0.477521938,8.509928346
7/18/16,0.023786129,NA,0,0,200.75,0,0,2.26,NA,7.469042316,0.406511456,0.835430442,0,0,0.406511456,0.835430442,NA,0.071010482,0.14593517,0.477521938,10.06808424
7/19/16,0.027467315,NA,0,0,200.75,0,0,2.26,NA,7.469042316,0.406511456,0.964723249,0,0,0.406511456,0.964723249,NA,0.071010482,0.168520375,0.477521938,11.62624013
7/20/16,0.02208712,NA,124.6033006,0.237783859,204.62,0,0,2.29,NA,7.274758387,0.438571373,0.836937648,0.124603301,0.237783859,0.313968072,0.599153789,NA,0.19367682,0.36959873,0.632248193,12.37816951
7/21/16,0.019821774,NA,124.6033006,0.213395771,204.62,0,0,2.29,NA,7.274758387,0.438571373,0.75109789,0.124603301,0.213395771,0.313968072,0.537702118,NA,0.19367682,0.331691168,0.632248193,11.10861366
7/22/16,0.018405933,NA,124.6033006,0.198153216,204.62,0,0,2.29,NA,7.274758387,0.438571373,0.69744804,0.124603301,0.198153216,0.313968072,0.499294824,NA,0.19367682,0.307998941,0.632248193,10.31514126
7/23/16,0.015574251,NA,124.6033006,0.167668105,204.62,0,0,2.29,NA,7.274758387,0.438571373,0.590148342,0.124603301,0.167668106,0.313968072,0.422480236,NA,0.19367682,0.260614489,0.632248193,8.728196447
7/24/16,0.015857419,NA,124.6033006,0.170716616,204.62,0,0,2.29,NA,7.274758387,0.438571373,0.600878312,0.124603301,0.170716617,0.313968072,0.430161695,NA,0.19367682,0.265352934,0.632248193,8.886890927
7/25/16,0.015857419,NA,124.6033006,0.170716616,204.62,0,0,2.29,NA,7.274758387,0.438571373,0.600878312,0.124603301,0.170716617,0.313968072,0.430161695,NA,0.19367682,0.265352934,0.632248193,8.886890927
7/26/16,0.011326728,NA,124.6033006,0.12194044,204.62,0,0,2.29,NA,7.274758387,0.438571373,0.429198794,0.124603301,0.121940441,0.313968072,0.307258353,NA,0.19367682,0.18953781,0.632248193,6.347779234
7/27/16,0.011609896,NA,124.6033006,0.124988951,204.62,0,0,2.29,NA,7.274758387,0.438571373,0.439928764,0.124603301,0.124988952,0.313968072,0.314939812,NA,0.19367682,0.194276255,0.632248193,6.506473715
7/28/16,0.011609896,NA,124.6033006,0.124988951,204.62,0,0,2.29,NA,7.274758387,0.438571373,0.439928764,0.124603301,0.124988952,0.313968072,0.314939812,NA,0.19367682,0.194276255,0.632248193,6.506473715
7/29/16,0.011326728,NA,124.6033006,0.12194044,204.62,0,0,2.29,NA,7.274758387,0.438571373,0.429198794,0.124603301,0.121940441,0.313968072,0.307258353,NA,0.19367682,0.18953781,0.632248193,6.347779234
7/30/16,0.011326728,NA,124.6033006,0.12194044,204.62,0,0,2.29,NA,7.274758387,0.438571373,0.429198794,0.124603301,0.121940441,0.313968072,0.307258353,NA,0.19367682,0.18953781,0.632248193,6.347779234
7/31/16,0.029449493,NA,124.6033006,0.317045145,204.62,0,0,2.29,NA,7.274758387,0.438571373,1.115916864,0.124603301,0.317045146,0.313968072,0.798871719,NA,0.19367682,0.492798306,0.632248193,16.50422601
8/1/16,0.009627719,NA,124.6033006,0.103649374,204.62,0,0,2.29,NA,7.274758387,0.438571373,0.364818975,0.124603301,0.103649375,0.313968072,0.2611696,NA,0.19367682,0.161107139,0.632248193,5.395612349
8/2/16,0.009061382,NA,124.6033006,0.097552352,204.62,0,0,2.29,NA,7.274758387,0.438571373,0.343359035,0.124603301,0.097552353,0.313968072,0.245806683,NA,0.19367682,0.151630248,0.632248193,5.078223387
8/3/16,0.009061382,NA,42.04677351,0.032918563,153.03,0.14,0.109606481,1.85,NA,6.630614646,0.582666487,0.456171595,0.182046774,0.142525045,0.400619713,0.31364655,NA,0.161262397,0.126252885,0.743928884,5.97524374
8/4/16,0.009061382,NA,42.04677351,0.032918563,153.03,0.14,0.109606481,1.85,NA,6.630614646,0.582666487,0.456171595,0.182046774,0.142525045,0.400619713,0.31364655,NA,0.161262397,0.126252885,0.743928884,5.97524374
8/5/16,0.009061382,NA,42.04677351,0.032918563,153.03,0.14,0.109606481,1.85,NA,6.630614646,0.582666487,0.456171595,0.182046774,0.142525045,0.400619713,0.31364655,NA,0.161262397,0.126252885,0.743928884,5.97524374
8/6/16,0.010760392,NA,42.04677351,0.039090794,153.03,0.14,0.130157696,1.85,NA,6.630614646,0.582666487,0.541703769,0.182046774,0.169248491,0.400619713,0.372455278,NA,0.161262397,0.149925301,0.743928884,7.095601941
8/7/16,0.009061382,NA,42.04677351,0.032918563,153.03,0.14,0.109606481,1.85,NA,6.630614646,0.582666487,0.456171595,0.182046774,0.142525045,0.400619713,0.31364655,NA,0.161262397,0.126252885,0.743928884,5.97524374
8/8/16,0.009061382,NA,42.04677351,0.032918563,153.03,0.14,0.109606481,1.85,NA,6.630614646,0.582666487,0.456171595,0.182046774,0.142525045,0.400619713,0.31364655,NA,0.161262397,0.126252885,0.743928884,5.97524374
8/9/16,0.009061382,NA,42.04677351,0.032918563,153.03,0.14,0.109606481,1.85,NA,6.630614646,0.582666487,0.456171595,0.182046774,0.142525045,0.400619713,0.31364655,NA,0.161262397,0.126252885,0.743928884,5.97524374
8/10/16,0.04559008,NA,42.04677351,0.165621523,153.03,0.14,0.551457608,1.85,NA,6.630614646,0.582666487,2.295113338,0.182046774,0.717079133,0.400619713,1.578034206,NA,0.161262397,0.635209827,0.743928884,30.06294506
8/11/16,0.009344551,NA,42.04677351,0.033947269,153.03,0.14,0.113031684,1.85,NA,6.630614646,0.582666487,0.470426958,0.182046774,0.146978953,0.400619713,0.323448005,NA,0.161262397,0.130198287,0.743928884,6.161970106
8/12/16,0.009061382,NA,42.04677351,0.032918563,153.03,0.14,0.109606481,1.85,NA,6.630614646,0.582666487,0.456171595,0.182046774,0.142525045,0.400619713,0.31364655,NA,0.161262397,0.126252885,0.743928884,5.97524374
8/13/16,0.01104356,NA,42.04677351,0.040119499,153.03,0.14,0.133582899,1.85,NA,6.630614646,0.582666487,0.555959132,0.182046774,0.173702399,0.400619713,0.382256733,NA,0.161262397,0.153870703,0.743928884,7.282328308
8/14/16,0.011609896,NA,42.04677351,0.042176909,153.03,0.14,0.140433304,1.85,NA,6.630614646,0.582666487,0.584469856,0.182046774,0.182610214,0.400619713,0.401859642,NA,0.161262397,0.161761509,0.743928884,7.655781041
8/15/16,0.008778214,NA,42.04677351,0.031889858,153.03,0.14,0.106181279,1.85,NA,6.630614646,0.582666487,0.441916233,0.182046774,0.138071137,0.400619713,0.303845095,NA,0.161262397,0.122307482,0.743928884,5.788517373
8/16/16,0.012742569,NA,42.04677351,0.04629173,153.03,0.14,0.154134114,1.85,NA,6.630614646,0.582666487,0.641491306,0.182046774,0.200425845,0.400619713,0.441065461,NA,0.161262397,0.177543119,0.743928884,8.402686509
8/17/16,0.009344551,NA,0,0,194.71,0,0,2.59,NA,6.926666348,0.398134993,0.321441919,0,0,0.398134993,0.321441919,NA,0.169647178,0.136967901,0.567782171,4.702945187
8/18/16,0.011326728,NA,0,0,194.71,0,0,2.59,NA,6.926666348,0.398134993,0.389626568,0,0,0.398134993,0.389626568,NA,0.169647178,0.166021698,0.567782171,5.700539621
8/19/16,0.012176233,NA,0,0,194.71,0,0,2.59,NA,6.926666348,0.398134993,0.418848561,0,0,0.398134993,0.418848561,NA,0.169647178,0.178473326,0.567782171,6.128080092
8/20/16,0.011326728,NA,0,0,194.71,0,0,2.59,NA,6.926666348,0.398134993,0.389626568,0,0,0.398134993,0.389626568,NA,0.169647178,0.166021698,0.567782171,5.700539621
8/21/16,0.012742569,NA,0,0,194.71,0,0,2.59,NA,6.926666348,0.398134993,0.438329889,0,0,0.398134993,0.438329889,NA,0.169647178,0.186774411,0.567782171,6.413107073
8/22/16,0.01415841,NA,0,0,194.71,0,0,2.59,NA,6.926666348,0.398134993,0.48703321,0,0,0.398134993,0.48703321,NA,0.169647178,0.207527123,0.567782171,7.125674526
8/23/16,0.007362373,NA,0,0,194.71,0,0,2.59,NA,6.926666348,0.398134993,0.253257269,0,0,0.398134993,0.253257269,NA,0.169647178,0.107914104,0.567782171,3.705350754
8/24/16,0.007079205,NA,0,0,194.71,0,0,2.59,NA,6.926666348,0.398134993,0.243516605,0,0,0.398134993,0.243516605,NA,0.169647178,0.103763561,0.567782171,3.562837263
8/25/16,0.008495046,NA,0,0,194.71,0,0,2.59,NA,6.926666348,0.398134993,0.292219926,0,0,0.398134993,0.292219926,NA,0.169647178,0.124516274,0.567782171,4.275404716
8/26/16,0.008211878,NA,0,0,194.71,0,0,2.59,NA,6.926666348,0.398134993,0.282479262,0,0,0.398134993,0.282479262,NA,0.169647178,0.120365731,0.567782171,4.132891225
8/27/16,0.005380196,NA,0,0,194.71,0,0,2.59,NA,6.926666348,0.398134993,0.18507262,0,0,0.398134993,0.18507262,NA,0.169647178,0.078860307,0.567782171,2.70775632
8/28/16,0.005380196,NA,0,0,194.71,0,0,2.59,NA,6.926666348,0.398134993,0.18507262,0,0,0.398134993,0.18507262,NA,0.169647178,0.078860307,0.567782171,2.70775632
8/29/16,0.005380196,NA,0,0,194.71,0,0,2.59,NA,6.926666348,0.398134993,0.18507262,0,0,0.398134993,0.18507262,NA,0.169647178,0.078860307,0.567782171,2.70775632
8/30/16,0.005380196,NA,0,0,194.71,0,0,2.59,NA,6.926666348,0.398134993,0.18507262,0,0,0.398134993,0.18507262,NA,0.169647178,0.078860307,0.567782171,2.70775632
8/31/16,0.005380196,NA,12.16706532,0.005655847,196.98,0.01,0.004648489,2.7,NA,6.883877625,0.401326027,0.186555968,0.022167065,0.010304336,0.379158962,0.176251632,NA,0.108595959,0.050480714,0.509921986,2.431820777
9/1/16,0.005380196,NA,12.16706532,0.005655847,196.98,0.01,0.004648489,2.7,NA,6.883877625,0.401326027,0.186555968,0.022167065,0.010304336,0.379158962,0.176251632,NA,0.108595959,0.050480714,0.509921986,2.431820777
9/2/16,0.005380196,NA,12.16706532,0.005655847,196.98,0.01,0.004648489,2.7,NA,6.883877625,0.401326027,0.186555968,0.022167065,0.010304336,0.379158962,0.176251632,NA,0.108595959,0.050480714,0.509921986,2.431820777
9/3/16,0.005097028,NA,12.16706532,0.005358171,196.98,0.01,0.004403832,2.7,NA,6.883877625,0.401326027,0.176737233,0.022167065,0.009762003,0.379158962,0.166975231,NA,0.108595959,0.047823834,0.509921986,2.30383021
9/4/16,0.003964355,NA,12.16706532,0.004167466,196.98,0.01,0.003425203,2.7,NA,6.883877625,0.401326027,0.137462293,0.022167065,0.007592669,0.379158962,0.129869624,NA,0.108595959,0.037196315,0.509921986,1.791867941
9/5/16,0.003964355,NA,12.16706532,0.004167466,196.98,0.01,0.003425203,2.7,NA,6.883877625,0.401326027,0.137462293,0.022167065,0.007592669,0.379158962,0.129869624,NA,0.108595959,0.037196315,0.509921986,1.791867941
9/6/16,0.006512869,NA,12.16706532,0.006846552,196.98,0.01,0.005627118,2.7,NA,6.883877625,0.401326027,0.225830909,0.022167065,0.01247367,0.379158962,0.213357239,NA,0.108595959,0.061108232,0.509921986,2.943783046
9/7/16,0.005097028,NA,12.16706532,0.005358171,196.98,0.01,0.004403832,2.7,NA,6.883877625,0.401326027,0.176737233,0.022167065,0.009762003,0.379158962,0.166975231,NA,0.108595959,0.047823834,0.509921986,2.30383021
9/8/16,0.003964355,NA,12.16706532,0.004167466,196.98,0.01,0.003425203,2.7,NA,6.883877625,0.401326027,0.137462293,0.022167065,0.007592669,0.379158962,0.129869624,NA,0.108595959,0.037196315,0.509921986,1.791867941
9/9/16,0.004247523,NA,12.16706532,0.004465142,196.98,0.01,0.00366986,2.7,NA,6.883877625,0.401326027,0.147281028,0.022167065,0.008135002,0.379158962,0.139146026,NA,0.108595959,0.039853195,0.509921986,1.919858508
9/10/16,0.003964355,NA,12.16706532,0.004167466,196.98,0.01,0.003425203,2.7,NA,6.883877625,0.401326027,0.137462293,0.022167065,0.007592669,0.379158962,0.129869624,NA,0.108595959,0.037196315,0.509921986,1.791867941
9/11/16,0.004247523,NA,12.16706532,0.004465142,196.98,0.01,0.00366986,2.7,NA,6.883877625,0.401326027,0.147281028,0.022167065,0.008135002,0.379158962,0.139146026,NA,0.108595959,0.039853195,0.509921986,1.919858508
9/12/16,0.004247523,NA,12.16706532,0.004465142,196.98,0.01,0.00366986,2.7,NA,6.883877625,0.401326027,0.147281028,0.022167065,0.008135002,0.379158962,0.139146026,NA,0.108595959,0.039853195,0.509921986,1.919858508
9/13/16,0.004247523,NA,12.16706532,0.004465142,196.98,0.01,0.00366986,2.7,NA,6.883877625,0.401326027,0.147281028,0.022167065,0.008135002,0.379158962,0.139146026,NA,0.108595959,0.039853195,0.509921986,1.919858508
9/14/16,0.00311485,NA,12.60972767,0.003393568,199.2,0.01,0.002691231,3.06,NA,7.021495408,0.422366905,0.113668672,0.022609728,0.006084799,0.399757177,0.107583873,NA,0,0,0,0
9/15/16,0.002831682,NA,12.60972767,0.003085062,199.2,0.01,0.002446573,3.06,NA,7.021495408,0.422366905,0.103335157,0.022609728,0.005531636,0.399757177,0.097803521,NA,0,0,0,0
9/16/16,0.002831682,NA,12.60972767,0.003085062,199.2,0.01,0.002446573,3.06,NA,7.021495408,0.422366905,0.103335157,0.022609728,0.005531636,0.399757177,0.097803521,NA,0,0,0,0
9/17/16,0.002831682,NA,12.60972767,0.003085062,199.2,0.01,0.002446573,3.06,NA,7.021495408,0.422366905,0.103335157,0.022609728,0.005531636,0.399757177,0.097803521,NA,0,0,0,0
9/18/16,0.003398018,NA,12.60972767,0.003702075,199.2,0.01,0.002935888,3.06,NA,7.021495408,0.422366905,0.124002188,0.022609728,0.006637963,0.399757177,0.117364225,NA,0,0,0,0
9/19/16,0.007645541,NA,12.60972767,0.008329668,199.2,0.01,0.006605748,3.06,NA,7.021495408,0.422366905,0.279004923,0.022609728,0.014935416,0.399757177,0.264069507,NA,0,0,0,0
9/20/16,0.003964355,NA,12.60972767,0.004319087,199.2,0.01,0.003425203,3.06,NA,7.021495408,0.422366905,0.144669219,0.022609728,0.00774429,0.399757177,0.13692493,NA,0,0,0,0
9/21/16,0.003398018,NA,12.60972767,0.003702075,199.2,0.01,0.002935888,3.06,NA,7.021495408,0.422366905,0.124002188,0.022609728,0.006637963,0.399757177,0.117364225,NA,0,0,0,0
9/22/16,0.00311485,NA,12.60972767,0.003393568,199.2,0.01,0.002691231,3.06,NA,7.021495408,0.422366905,0.113668672,0.022609728,0.006084799,0.399757177,0.107583873,NA,0,0,0,0
9/23/16,0.008778214,NA,12.60972767,0.009563693,199.2,0.01,0.007584377,3.06,NA,7.021495408,0.422366905,0.320338986,0.022609728,0.01714807,0.399757177,0.303190916,NA,0,0,0,0
9/24/16,0.016140587,NA,12.60972767,0.017584855,199.2,0.01,0.013945467,3.06,NA,7.021495408,0.422366905,0.589010393,0.022609728,0.031530323,0.399757177,0.557480071,NA,0,0,0,0
9/25/16,0.005380196,NA,12.60972767,0.005861618,199.2,0.01,0.004648489,3.06,NA,7.021495408,0.422366905,0.196336798,0.022609728,0.010510108,0.399757177,0.18582669,NA,0,0,0,0
9/26/16,0.004813859,NA,12.60972767,0.005244606,199.2,0.01,0.004159175,3.06,NA,7.021495408,0.422366905,0.175669766,0.022609728,0.00940378,0.399757177,0.166265986,NA,0,0,0,0
9/27/16,0.009627719,NA,12.60972767,0.010489212,199.2,0.01,0.008318349,3.06,NA,7.021495408,0.422366905,0.351339533,0.022609728,0.018807561,0.399757177,0.332531972,NA,0,0,0,0
9/28/16,0.002831682,NA,1.100506734,0.000269247,190.15,0,0,3.48,NA,6.410888774,0.366773115,0.089733729,0.001100507,0.000269247,0.365672608,0.089464482,NA,0.10271198,0.025129238,0.469485095,1.178408958
9/29/16,0.001132673,NA,1.100506734,0.000107699,190.15,0,0,3.48,NA,6.410888774,0.366773115,0.035893492,0.001100507,0.000107699,0.365672608,0.035785793,NA,0.10271198,0.010051695,0.469485095,0.471363583
9/30/16,0.000283168,NA,1.100506734,2.69247E-05,190.15,0,0,3.48,NA,6.410888774,0.366773115,0.008973373,0.001100507,2.69247E-05,0.365672608,0.008946448,NA,0.10271198,0.002512924,0.469485095,0.117840896
10/1/16,0.009910887,NA,1.100506734,0.000942365,190.15,0,0,3.48,NA,6.410888774,0.366773115,0.314068051,0.001100507,0.000942365,0.365672608,0.313125686,NA,0.10271198,0.087952334,0.469485095,4.124431352
10/2/16,0.002548514,NA,1.100506734,0.000242322,190.15,0,0,3.48,NA,6.410888774,0.366773115,0.080760356,0.001100507,0.000242322,0.365672608,0.080518034,NA,0.10271198,0.022616314,0.469485095,1.060568062
10/3/16,0.001699009,NA,1.100506734,0.000161548,190.15,0,0,3.48,NA,6.410888774,0.366773115,0.053840237,0.001100507,0.000161548,0.365672608,0.053678689,NA,0.10271198,0.015077543,0.469485095,0.707045375
10/4/16,0.001132673,NA,1.100506734,0.000107699,190.15,0,0,3.48,NA,6.410888774,0.366773115,0.035893492,0.001100507,0.000107699,0.365672608,0.035785793,NA,0.10271198,0.010051695,0.469485095,0.471363583
10/5/16,0.000849505,NA,1.100506734,8.07741E-05,190.15,0,0,3.48,NA,6.410888774,0.366773115,0.026920119,0.001100507,8.07741E-05,0.365672608,0.026839345,NA,0.10271198,0.007538771,0.469485095,0.353522687
10/6/16,0.001132673,NA,1.100506734,0.000107699,190.15,0,0,3.48,NA,6.410888774,0.366773115,0.035893492,0.001100507,0.000107699,0.365672608,0.035785793,NA,0.10271198,0.010051695,0.469485095,0.471363583
10/7/16,0.001132673,NA,1.100506734,0.000107699,190.15,0,0,3.48,NA,6.410888774,0.366773115,0.035893492,0.001100507,0.000107699,0.365672608,0.035785793,NA,0.10271198,0.010051695,0.469485095,0.471363583
10/8/16,0.004247523,NA,1.100506734,0.000403871,190.15,0,0,3.48,NA,6.410888774,0.366773115,0.134600593,0.001100507,0.000403871,0.365672608,0.134196723,NA,0.10271198,0.037693857,0.469485095,1.767613437
10/9/16,0.013025737,NA,1.100506734,0.001238536,190.15,0,0,3.48,NA,6.410888774,0.366773115,0.412775153,0.001100507,0.001238537,0.365672608,0.411536616,NA,0.10271198,0.115594496,0.469485095,5.420681206
10/10/16,0.007362373,NA,1.100506734,0.000700042,190.15,0,0,3.48,NA,6.410888774,0.366773115,0.233307695,0.001100507,0.000700042,0.365672608,0.232607653,NA,0.10271198,0.065336019,0.469485095,3.06386329
10/11/16,0.004530691,NA,1.100506734,0.000430795,190.15,0,0,3.48,NA,6.410888774,0.366773115,0.143573966,0.001100507,0.000430795,0.365672608,0.143143171,NA,0.10271198,0.040206781,0.469485095,1.885454332
10/12/16,0.005097028,NA,0,0,169.13,0.01,0.004403832,14.34,NA,5.959872511,0.293379341,0.129199328,0.01,0.004403832,0.283379341,0.124795496,NA,0.098484922,0.043371103,0.391864263,1.770444797
10/13/16,0.004813859,NA,0,0,169.13,0.01,0.004159175,14.34,NA,5.959872511,0.293379341,0.122021588,0.01,0.004159175,0.283379341,0.117862413,NA,0.098484922,0.040961598,0.391864263,1.672086753
10/14/16,0.005380196,NA,0,0,169.13,0.01,0.004648489,14.34,NA,5.959872511,0.293379341,0.136377069,0.01,0.004648489,0.283379341,0.131728579,NA,0.098484922,0.045780609,0.391864263,1.868802842
10/15/16,0.006512869,NA,0,0,169.13,0.01,0.005627118,14.34,NA,5.959872511,0.293379341,0.16508803,0.01,0.005627118,0.283379341,0.159460912,NA,0.098484922,0.055418632,0.391864263,2.262235019
10/16/16,0.005663364,NA,0,0,169.13,0.01,0.004893146,14.34,NA,5.959872511,0.293379341,0.143554809,0.01,0.004893146,0.283379341,0.138661662,NA,0.098484922,0.048190115,0.391864263,1.967160886
10/17/16,0.005663364,NA,0,0,169.13,0.01,0.004893146,14.34,NA,5.959872511,0.293379341,0.143554809,0.01,0.004893146,0.283379341,0.138661662,NA,0.098484922,0.048190115,0.391864263,1.967160886
10/18/16,0.004530691,NA,0,0,169.13,0.01,0.003914517,14.34,NA,5.959872511,0.293379341,0.114843847,0.01,0.003914517,0.283379341,0.11092933,NA,0.098484922,0.038552092,0.391864263,1.573728709
10/19/16,0.003964355,NA,0,0,169.13,0.01,0.003425203,14.34,NA,5.959872511,0.293379341,0.100488366,0.01,0.003425203,0.283379341,0.097063164,NA,0.098484922,0.03373308,0.391864263,1.37701262
10/20/16,0.006796037,NA,0,0,169.13,0.01,0.005871776,14.34,NA,5.959872511,0.293379341,0.172265771,0.01,0.005871776,0.283379341,0.166393995,NA,0.098484922,0.057828138,0.391864263,2.360593063
10/21/16,0.039077211,NA,0,0,169.13,0.01,0.033762711,14.34,NA,5.959872511,0.293379341,0.990528182,0.01,0.033762711,0.283379341,0.956765471,NA,0.098484922,0.332511793,0.391864263,13.57341011
10/22/16,0.074473236,NA,0,0,169.13,0.01,0.064344876,14.34,NA,5.959872511,0.293379341,1.887745738,0.01,0.064344876,0.283379341,1.823400862,NA,0.098484922,0.633700011,0.391864263,25.86816565
10/23/16,0.090896992,NA,0,0,169.13,0.01,0.078535001,14.34,NA,5.959872511,0.293379341,2.304054684,0.01,0.078535001,0.283379341,2.225519683,NA,0.098484922,0.773451345,0.391864263,31.57293222
10/24/16,0.172166265,NA,0,0,169.13,0.01,0.148751653,14.34,NA,5.959872511,0.293379341,4.364066193,0.01,0.148751653,0.283379341,4.21531454,NA,0.098484922,1.464979494,0.391864263,59.80169094
10/25/16,0.19028903,NA,0,0,169.13,0.01,0.164409722,14.34,NA,5.959872511,0.293379341,4.823441582,0.01,0.164409722,0.283379341,4.65903186,NA,0.098484922,1.619187862,0.391864263,66.09660577
10/26/16,0.203597935,NA,4.199143139,0.073866546,155.86,0.07,1.231360312,28.09,NA,8.484407135,0.513361224,9.03046624,0.074199143,1.305226855,0.439162081,7.725239385,NA,0.08583964,1.509993227,0.599200864,108.1373064
10/27/16,0.192837544,NA,4.199143139,0.069962612,155.86,0.07,1.166281464,28.09,NA,8.484407135,0.513361224,8.553195423,0.074199143,1.236244073,0.439162081,7.316951351,NA,0.08583964,1.4301883,0.599200864,102.4221219
10/28/16,0.560673034,NA,4.199143139,0.203415522,155.86,0.07,3.390950511,28.09,NA,8.484407135,0.513361224,24.8683215,0.074199143,3.594366026,0.439162081,21.27395547,NA,0.08583964,4.15825673,0.599200864,297.7911914
10/29/16,0.489880984,NA,4.199143139,0.177731744,155.86,0.07,2.962800194,28.09,NA,8.484407135,0.513361224,21.72838191,0.074199143,3.140531932,0.439162081,18.58784998,NA,0.08583964,3.633224315,0.599200864,260.1912935
10/30/16,0.560673034,NA,4.199143139,0.203415522,155.86,0.07,3.390950511,28.09,NA,8.484407135,0.513361224,24.8683215,0.074199143,3.594366026,0.439162081,21.27395547,NA,0.08583964,4.15825673,0.599200864,297.7911914
10/31/16,0,NA,4.199143139,0,155.86,0.07,0,28.09,NA,8.484407135,0.513361224,0,0.074199143,0,0.439162081,0,NA,0.08583964,0,0.599200864,0
11/1/16,0.818356095,NA,4.199143139,0.296904475,155.86,0.07,4.949417665,28.09,NA,8.484407135,0.513361224,36.29770158,0.074199143,5.246322129,0.439162081,31.05137945,NA,0.08583964,6.069374722,0.599200864,434.6548198
11/2/16,0.713583862,NA,4.199143139,0.258892483,155.86,0.07,4.315755195,28.09,NA,8.484407135,0.513361224,31.65059099,0.074199143,4.57464767,0.439162081,27.07594332,NA,0.08583964,5.292326747,0.599200864,379.0069709
11/3/16,0.614474992,NA,4.199143139,0.222935194,155.86,0.07,3.716344752,28.09,NA,8.484407135,0.513361224,27.25467558,0.074199143,3.939279938,0.439162081,23.31539564,NA,0.08583964,4.557281366,0.599200864,326.3671138
11/4/16,0.55500967,NA,4.199143139,0.20136082,155.86,0.07,3.356698485,28.09,NA,8.484407135,0.513361224,24.61712633,0.074199143,3.558059299,0.439162081,21.05906703,NA,0.08583964,4.116254137,0.599200864,294.7831996
11/5/16,0.472890892,NA,4.199143139,0.171567638,155.86,0.07,2.860044118,28.09,NA,8.484407135,0.513361224,20.97479641,0.074199143,3.03161175,0.439162081,17.94318466,NA,0.08583964,3.507216535,0.599200864,251.167318
11/6/16,0.413425571,NA,4.199143139,0.149993264,155.86,0.07,2.500397851,28.09,NA,8.484407135,0.513361224,18.33724716,0.074199143,2.65039111,0.439162081,15.68685605,NA,0.08583964,3.066189306,0.599200864,219.5834038
11/7/16,0.365286977,NA,4.199143139,0.132528295,155.86,0.07,2.209255636,28.09,NA,8.484407135,0.513361224,16.20208825,0.074199143,2.341783926,0.439162081,13.86030432,NA,0.08583964,2.709167263,0.599200864,194.0154732
11/8/16,0.339801839,NA,4.199143139,0.123282135,155.86,0.07,2.055121522,28.09,NA,8.484407135,0.513361224,15.07171,0.074199143,2.178403652,0.439162081,12.89330634,NA,0.08583964,2.520155594,0.599200864,180.47951
11/9/16,0.331306793,NA,13.49505235,0.386294617,171.96,0.17,4.866234174,22.58,NA,7.747747238,0.544274363,15.57980297,0.183495052,5.252528782,0.360779311,10.32727419,NA,0.106551724,3.05003318,0.650826087,191.1283191
11/10/16,0.308653337,NA,13.49505235,0.35988131,171.96,0.17,4.533500214,22.58,NA,7.747747238,0.544274363,14.5145173,0.183495052,4.893381515,0.360779311,9.621135786,NA,0.106551724,2.841483903,0.650826087,178.059716
11/11/16,0.288831563,NA,13.49505235,0.336769666,171.96,0.17,4.242357998,22.58,NA,7.747747238,0.544274363,13.58239234,0.183495052,4.579127656,0.360779311,9.00326468,NA,0.106551724,2.659003286,0.650826087,166.6246884
11/12/16,0.285999881,NA,13.49505235,0.333468003,171.96,0.17,4.200766253,22.58,NA,7.747747238,0.544274363,13.44923163,0.183495052,4.534234247,0.360779311,8.914997379,NA,0.106551724,2.632934626,0.650826087,164.991113
11/13/16,0.308653337,NA,13.49505235,0.35988131,171.96,0.17,4.533500214,22.58,NA,7.747747238,0.544274363,14.5145173,0.183495052,4.893381515,0.360779311,9.621135786,NA,0.106551724,2.841483903,0.650826087,178.059716
11/14/16,0.322811747,NA,13.49505235,0.376389627,171.96,0.17,4.741458939,22.58,NA,7.747747238,0.544274363,15.18032085,0.183495052,5.117848556,0.360779311,10.06247229,NA,0.106551724,2.971827201,0.650826087,186.2275929
11/15/16,0.430415663,NA,13.49505235,0.501852836,171.96,0.17,6.321945252,22.58,NA,7.747747238,0.544274363,20.24042779,0.183495052,6.823798075,0.360779311,13.41662972,NA,0.106551724,3.962436269,0.650826087,248.3034572
11/16/16,1.177979708,NA,13.49505235,1.373491972,171.96,0.17,17.30216595,22.58,NA,7.747747238,0.544274363,55.39485502,0.183495052,18.67565789,0.360779311,36.71919713,NA,0.106551724,10.84456242,0.650826087,679.5673567
11/17/16,1.08170252,NA,13.49505235,1.261235417,171.96,0.17,15.88804662,22.58,NA,7.747747238,0.544274363,50.86739091,0.183495052,17.14928201,0.360779311,33.7181089,NA,0.106551724,9.958227991,0.650826087,624.0257939
11/18/16,0.991088697,NA,13.49505235,1.155582188,171.96,0.17,14.55711078,22.58,NA,7.747747238,0.544274363,46.60624821,0.183495052,15.71269294,0.360779311,30.89355527,NA,0.106551724,9.124030882,0.650826087,571.7513818
11/19/16,0.940118421,NA,13.49505235,1.096152247,171.96,0.17,13.80845937,22.58,NA,7.747747238,0.544274363,44.20935545,0.183495052,14.90461159,0.360779311,29.30474386,NA,0.106551724,8.654795008,0.650826087,542.347025
11/20/16,0.891979827,NA,13.49505235,1.04002397,171.96,0.17,13.1013997,22.58,NA,7.747747238,0.544274363,41.94562339,0.183495052,14.14142364,0.360779311,27.80419975,NA,0.106551724,8.211627793,0.650826087,514.5762436
11/21/16,0.801366003,NA,13.49505235,0.934370741,171.96,0.17,11.77046386,22.58,NA,7.747747238,0.544274363,37.6844807,0.183495052,12.70483457,0.360779311,24.97964612,NA,0.106551724,7.377430684,0.650826087,462.3018316
11/22/16,0.68243536,NA,13.49505235,0.795700878,171.96,0.17,10.02361056,22.58,NA,7.747747238,0.544274363,32.09173091,0.183495052,10.81931142,0.360779311,21.27241949,NA,0.106551724,6.282546979,0.650826087,393.6916658
11/23/16,0.600316582,NA,13.49505235,0.69995264,171.96,0.17,8.817449957,22.58,NA,7.747747238,0.544274363,28.23007035,0.183495052,9.517402579,0.360779311,18.71266777,NA,0.106551724,5.526555848,0.650826087,346.3179798
11/24/16,0.546514624,NA,13.49505235,0.637221035,171.96,0.17,8.027206801,22.58,NA,7.747747238,0.544274363,25.70001687,0.183495052,8.664427819,0.360779311,17.03558905,NA,0.106551724,5.031251315,0.650826087,315.2800477
11/25/16,0.529524532,NA,13.49505235,0.617411055,171.96,0.17,7.77765633,22.58,NA,7.747747238,0.544274363,24.90105262,0.183495052,8.395067369,0.360779311,16.50598525,NA,0.106551724,4.874839357,0.650826087,305.4785954
11/26/16,0.549346306,NA,13.49505235,0.640522699,171.96,0.17,8.068798546,22.58,NA,7.747747238,0.544274363,25.83317758,0.183495052,8.709321228,0.360779311,17.12385635,NA,0.106551724,5.057319974,0.650826087,316.9136231
11/27/16,0.546514624,NA,13.49505235,0.637221035,171.96,0.17,8.027206801,22.58,NA,7.747747238,0.544274363,25.70001687,0.183495052,8.664427819,0.360779311,17.03558905,NA,0.106551724,5.031251315,0.650826087,315.2800477
11/28/16,0.51253444,NA,13.49505235,0.597601075,171.96,0.17,7.52810586,22.58,NA,7.747747238,0.544274363,24.10208836,0.183495052,8.125706919,0.360779311,15.97638144,NA,0.106551724,4.718427399,0.650826087,295.6771432
11/29/16,0.563504716,NA,13.49505235,0.657031016,171.96,0.17,8.276757271,22.58,NA,7.747747238,0.544274363,26.49898113,0.183495052,8.93378827,0.360779311,17.56519286,NA,0.106551724,5.187663273,0.650826087,325.0814999
11/30/16,0.900474873,NA,23.89761743,1.859259227,163.83,0.24,18.67224697,15.92,NA,8.753860441,0.612582428,47.65954327,0.263897617,20.53150616,0.348684811,27.1280371,NA,0.028540845,2.22050711,0.641123273,511.7323687
12/1/16,2.089781309,NA,23.89761743,4.314884622,163.83,0.24,43.33370523,15.92,NA,8.753860441,0.612582428,110.6061098,0.263897617,47.64858977,0.348684811,62.95752007,NA,0.028540845,5.153252351,0.641123273,1187.605308
12/2/16,2.123761493,NA,23.89761743,4.385045348,163.83,0.24,44.03831832,15.92,NA,8.753860441,0.612582428,112.4045832,0.263897617,48.42336359,0.348684811,63.98121959,NA,0.028540845,5.237045072,0.641123273,1206.915964
12/3/16,1.860415068,NA,23.89761743,3.841299725,163.83,0.24,38.57756685,15.92,NA,8.753860441,0.612582428,98.46641486,0.263897617,42.4188665,0.348684811,56.04754836,NA,0.028540845,4.587651483,0.641123273,1057.258384
12/4/16,1.684850785,NA,23.89761743,3.478802643,163.83,0.24,34.93706587,15.92,NA,8.753860441,0.612582428,89.17430265,0.263897617,38.41586845,0.348684811,50.7584342,NA,0.028540845,4.154722424,0.641123273,957.4866647
12/5/16,1.500791455,NA,23.89761743,3.098765379,163.83,0.24,31.12041161,15.92,NA,8.753860441,0.612582428,79.43257211,0.263897617,34.21917694,0.348684811,45.21339517,NA,0.028540845,3.700845184,0.641123273,852.8872811
12/6/16,1.291246988,NA,23.89761743,2.666107572,163.83,0.24,26.77529754,15.92,NA,8.753860441,0.612582428,68.34198657,0.263897617,29.44140506,0.348684811,38.90058151,NA,0.028540845,3.184123404,0.641123273,733.804906
12/7/16,1.101524294,NA,23.89761743,2.274376854,163.83,0.24,22.84120777,15.92,NA,8.753860441,0.612582428,58.30051047,0.263897617,25.11558458,0.348684811,33.18492589,NA,0.028540845,2.716280711,0.641123273,625.9870799
12/8/16,0.971266923,NA,23.89761743,2.005427406,163.83,0.24,20.14019091,15.92,NA,8.753860441,0.612582428,51.40636271,0.263897617,22.14561828,0.348684811,29.26074442,NA,0.028540845,2.39507528,0.641123273,551.9629008
12/9/16,0.835346187,NA,23.89761743,1.724784503,163.83,0.24,17.32173854,15.92,NA,8.753860441,0.612582428,44.21246938,0.263897617,19.04652301,0.348684811,25.16594637,NA,0.028540845,2.059904395,0.641123273,474.7202791
12/10/16,0.645623494,NA,23.89761743,1.333053786,163.83,0.24,13.38764877,15.92,NA,8.753860441,0.612582428,34.17099329,0.263897617,14.72070253,0.348684811,19.45029075,NA,0.028540845,1.592061702,0.641123273,366.902453
12/11/16,0.523861168,NA,23.89761743,1.081644519,163.83,0.24,10.86278519,15.92,NA,8.753860441,0.612582428,27.72646385,0.263897617,11.94442969,0.348684811,15.78203416,NA,0.028540845,1.291804451,0.641123273,297.7059378
12/12/16,0.577663126,NA,23.89761743,1.192732335,163.83,0.24,11.97842258,15.92,NA,8.753860441,0.612582428,30.57404662,0.263897617,13.1711549,0.348684811,17.40289173,NA,0.028540845,1.42447626,0.641123273,328.2811422
12/13/16,0.727742272,NA,23.89761743,1.502608873,163.83,0.24,15.09046374,15.92,NA,8.753860441,0.612582428,38.51730383,0.263897617,16.59307259,0.348684811,21.92423124,NA,0.028540845,1.794560778,0.641123273,413.5698703
12/14/16,0.801366003,NA,23.89761743,1.654623778,163.83,0.24,16.61712545,15.92,NA,8.753860441,0.612582428,42.41399605,0.263897617,18.27174919,0.348684811,24.14224686,NA,0.028540845,1.976111674,0.641123273,455.4096237
12/15/16,0.673940314,NA,23.89761743,1.391521057,163.83,0.24,13.97482635,15.92,NA,8.753860441,0.612582428,35.66972106,0.263897617,15.36634738,0.348684811,20.30337368,NA,0.028540845,1.661888969,0.641123273,382.9946659
12/16/16,0.574831444,NA,23.89761743,1.186885607,163.83,0.24,11.91970483,15.92,NA,8.753860441,0.612582428,30.42417385,0.263897617,13.10659041,0.348684811,17.31758343,NA,0.028540845,1.417493533,0.641123273,326.6719209
12/17/16,0.809861049,NA,23.89761743,1.672163959,163.83,0.24,16.79327872,15.92,NA,8.753860441,0.612582428,42.86361438,0.263897617,18.46544265,0.348684811,24.39817174,NA,0.028540845,1.997059854,0.641123273,460.2372876
12/18/16,0.68243536,NA,23.89761743,1.409061238,163.83,0.24,14.15097962,15.92,NA,8.753860441,0.612582428,36.11933939,0.263897617,15.56004083,0.348684811,20.55929856,NA,0.028540845,1.68283715,0.641123273,387.8223297
12/19/16,0.55500967,NA,23.89761743,1.145958518,163.83,0.24,11.50868052,15.92,NA,8.753860441,0.612582428,29.3750644,0.263897617,12.65463902,0.348684811,16.72042538,NA,0.028540845,1.368614445,0.641123273,315.4073719
12/20/16,0.444574073,NA,23.89761743,0.917936159,163.83,0.24,9.218687968,15.92,NA,8.753860441,0.612582428,23.53002608,0.263897617,10.13662411,0.348684811,13.39340197,NA,0.028540845,1.096288102,0.641123273,252.6477418
12/21/16,0.501207712,NA,23.89761743,1.034870702,163.83,0.24,10.39304312,15.92,NA,8.753860441,0.612582428,26.52748163,0.263897617,11.42791381,0.348684811,15.09956782,NA,0.028540845,1.235942637,0.641123273,284.8321675
12/22/16,0.891979827,NA,23.89761743,1.841719046,163.83,0.24,18.49609369,15.92,NA,8.753860441,0.612582428,47.20992493,0.263897617,20.33781271,0.348684811,26.87211223,NA,0.028540845,2.19955893,0.641123273,506.9047048
12/23/16,0.880653099,NA,23.89761743,1.818332138,163.83,0.24,18.26122266,15.92,NA,8.753860441,0.612582428,46.61043382,0.263897617,20.07955477,0.348684811,26.53087905,NA,0.028540845,2.171628023,0.641123273,500.4678197
12/24/16,0.948613467,NA,23.89761743,1.958653589,163.83,0.24,19.67044885,15.92,NA,8.753860441,0.612582428,50.20738048,0.263897617,21.6291024,0.348684811,28.57827808,NA,0.028540845,2.339213465,0.641123273,539.0891305
12/25/16,0.959940195,NA,23.89761743,1.982040497,163.83,0.24,19.90531988,15.92,NA,8.753860441,0.612582428,50.80687159,0.263897617,21.88736034,0.348684811,28.91951125,NA,0.028540845,2.367144372,0.641123273,545.5260157
12/26/16,0.603148264,NA,23.89761743,1.245352879,163.83,0.24,12.5068824,15.92,NA,8.753860441,0.612582428,31.92290162,0.263897617,13.75223526,0.348684811,18.17066636,NA,0.028540845,1.4873208,0.641123273,342.7641337
12/27/16,0.730573954,NA,23.89761743,1.5084556,163.83,0.24,15.1491815,15.92,NA,8.753860441,0.612582428,38.66717661,0.263897617,16.65763707,0.348684811,22.00953954,NA,0.028540845,1.801543505,0.641123273,415.1790916
12/28/16,0.908969919,NA,23.89761743,1.876799409,163.83,0.24,18.84840024,15.92,NA,8.753860441,0.612582428,48.1091616,0.263897617,20.72519962,0.348684811,27.38396198,NA,0.028540845,2.241455291,0.641123273,516.5600325
12/29/16,0.942950103,NA,23.89761743,1.946960134,163.83,0.24,19.55301333,15.92,NA,8.753860441,0.612582428,49.90763493,0.263897617,21.49997343,0.348684811,28.4076615,NA,0.028540845,2.325248012,0.641123273,535.870688
12/30/16,1.987840758,NA,23.89761743,4.104402446,163.83,0.24,41.21986595,15.92,NA,8.753860441,0.612582428,105.2106899,0.263897617,45.32426832,0.348684811,59.88642153,NA,0.028540845,4.901874187,0.641123273,1129.673342
12/31/16,1.815108156,NA,23.89761743,3.747752091,163.83,0.24,37.63808272,15.92,NA,8.753860441,0.612582428,96.06845042,0.263897617,41.38583475,0.348684811,54.68261567,NA,0.028540845,4.475927855,0.641123273,1031.510844
,,,,352.248189,,,9137.219037,,,,,18582.87591,,9489.467227,,9093.408684,,,1528.28259,,206296.4352
,,,,,,,,,,,,,,,,,,,,,
,,,,,,,,,,,,,,,,,,,,,
,,,,,,,,,,,,,,,,,,,,,
Upstream,,,,308.5362689,,,8419.003486,,,,,17869.67784,,8727.539755,,9142.13808,,,1511.237097,,198802.6397
Downstream,,,,352.248189,,,9137.219037,,,,,18582.87591,,9489.467227,,9093.408684,,,1528.28259,,206296.4352
Removal,,,,-14.16751432,,,-8.530885541,,,,,-3.991107631,,-8.730151831,,0.53301969,,,-1.127916525,,-3.769464794