Date,Time,DateTime,Site,Permanent.ID,UNH.ID,Location,Location.Flag,Sample.Name,CArea.km2,BTC.Flag,PO4,NH4,Cl,NO3,SO4,Br,DOC,TDN,DON
2015-06-04,16:20,2015-06-04 16:20:00,BAR,BAR-Down,137186,DOWN,4,BAR_DN,NA,0,NA,39,15.011,0.018,1.089,NA,NA,NA,NA
2015-06-05,13:51,2015-06-05 13:51:00,BAR,BAR-Down,137188,DOWN,4,BAR_DN,NA,0,15,101,6.344,0.022,0.896,NA,NA,NA,NA
2015-06-04,13:55,2015-06-04 13:55:00,BAR,BAR-Out,138390,OUT,3,BAR_OUT,0.751,0,NA,NA,6.153,0.019,0.853,0.013,NA,NA,NA
2015-06-11,9:20,2015-06-11 9:20:00,BAR,BAR-Out,138393,OUT,3,BAR_OUT,0.751,0,NA,NA,6.552,0.026,0.667,0.015,NA,NA,NA
2015-06-11,10:30,2015-06-11 10:30:00,BAR,BAR-Out,138394,OUT,3,BAR_OUT,0.751,1,NA,NA,6.647,0.071,0.564,0.066,NA,NA,NA
2015-06-11,10:40,2015-06-11 10:40:00,BAR,BAR-Out,138395,OUT,3,BAR_OUT,0.751,1,NA,NA,6.95,0.328,0.529,0.32,NA,NA,NA
2015-06-11,10:50,2015-06-11 10:50:00,BAR,BAR-Out,138396,OUT,3,BAR_OUT,0.751,1,NA,NA,7.094,0.674,0.542,0.683,NA,NA,NA
2015-06-11,11:00,2015-06-11 11:00:00,BAR,BAR-Out,138397,OUT,3,BAR_OUT,0.751,1,NA,NA,7.38,0.955,0.523,0.931,NA,NA,NA
2015-06-11,11:10,2015-06-11 11:10:00,BAR,BAR-Out,138398,OUT,3,BAR_OUT,0.751,1,NA,NA,8.261,1.127,0.618,1.116,NA,NA,NA
2015-06-11,11:20,2015-06-11 11:20:00,BAR,BAR-Out,138399,OUT,3,BAR_OUT,0.751,1,NA,NA,7.629,0.866,0.5,0.852,NA,NA,NA
2015-06-11,11:30,2015-06-11 11:30:00,BAR,BAR-Out,138400,OUT,3,BAR_OUT,0.751,1,NA,NA,7.411,0.845,0.521,0.844,NA,NA,NA
2015-06-11,11:40,2015-06-11 11:40:00,BAR,BAR-Out,138401,OUT,3,BAR_OUT,0.751,1,NA,NA,7.122,0.826,0.552,0.855,NA,NA,NA
2015-06-11,11:50,2015-06-11 11:50:00,BAR,BAR-Out,138402,OUT,3,BAR_OUT,0.751,1,NA,NA,6.716,0.779,0.577,0.844,NA,NA,NA
2015-06-11,12:00,2015-06-11 12:00:00,BAR,BAR-Out,138403,OUT,3,BAR_OUT,0.751,1,NA,NA,6.698,0.663,0.597,0.742,NA,NA,NA
2015-06-11,12:15,2015-06-11 12:15:00,BAR,BAR-Out,138404,OUT,3,BAR_OUT,0.751,1,NA,NA,9.479,0.389,0.683,0.427,NA,NA,NA
2015-06-11,12:30,2015-06-11 12:30:00,BAR,BAR-Out,138405,OUT,3,BAR_OUT,0.751,1,NA,8.18,6.837,0.357,0.597,0.461,NA,NA,NA
2015-06-11,12:45,2015-06-11 12:45:00,BAR,BAR-Out,138406,OUT,3,BAR_OUT,0.751,1,NA,NA,6.645,0.269,0.613,0.43,NA,NA,NA
2015-06-11,13:00,2015-06-11 13:00:00,BAR,BAR-Out,138407,OUT,3,BAR_OUT,0.751,1,NA,NA,6.433,0.209,0.614,0.347,NA,NA,NA
2015-06-17,10:45,2015-06-17 10:45:00,BAR,BAR-Out,138409,OUT,3,BAR_OUT,0.751,0,NA,NA,6.744,0.029,0.584,0.012,NA,NA,NA
2015-06-04,13:35,2015-06-04 13:35:00,BAR,BAR-Side,138410,SIDE,2,BAR_SIDE,NA,0,NA,NA,5.676,0.02,0.876,0.017,NA,NA,NA
2015-06-11,9:10,2015-06-11 9:10:00,BAR,BAR-Side,138392,SIDE,2,BAR_SIDE,NA,0,NA,NA,9.135,0.022,0.293,0.018,NA,NA,NA
2015-06-17,10:15,2015-06-17 10:15:00,BAR,BAR-Side,138411,SIDE,2,BAR_SIDE,NA,0,NA,NA,5.687,0.021,0.559,0.028,NA,NA,NA
2015-06-04,13:15,2015-06-04 13:15:00,BAR,BAR-Up,138389,UP,1,BAR_UP,0.596,0,NA,NA,5.731,0.02,0.899,0.015,NA,NA,NA
2015-06-04,16:20,2015-06-04 16:20:00,BAR,BAR-Up,137185,UP,1,BAR_UP,0.596,0,NA,18,4.737,0.016,0.903,NA,NA,NA,NA
2015-06-05,14:08,2015-06-05 14:08:00,BAR,BAR-Up,137187,UP,1,BAR_UP,0.596,0,14,100,5.036,0.024,0.971,NA,NA,NA,NA
2015-06-11,8:30,2015-06-11 8:30:00,BAR,BAR-Up,138391,UP,1,BAR_UP,0.596,0,NA,NA,5.784,0.041,0.717,0.014,NA,NA,NA
2015-06-17,10:00,2015-06-17 10:00:00,BAR,BAR-Up,138408,UP,1,BAR_UP,0.596,0,NA,NA,5.999,0.04,0.679,0.033,NA,NA,NA
2014-06-11,13:05,2014-06-11 13:05:00,BOX,NA,132741,Transect,5,BOX_13-1,NA,1,NA,NA,35.73,1.195,1.376,1.446,NA,NA,NA
2014-06-11,14:20,2014-06-11 14:20:00,BOX,NA,132742,Transect,5,BOX_13-2,NA,1,NA,NA,36.084,0.306,1.412,0.232,NA,NA,NA
2014-06-11,15:06,2014-06-11 15:06:00,BOX,NA,132746,Transect,5,BOX_13-3,NA,1,NA,NA,36.085,0.253,1.416,0.15,NA,NA,NA
2014-06-11,12:36,2014-06-11 12:36:00,BOX,NA,132739,Transect,5,BOX_3-1,NA,1,NA,NA,35.781,0.208,1.362,0.071,NA,NA,NA
2014-06-11,14:35,2014-06-11 14:35:00,BOX,NA,132744,Transect,5,BOX_3-2,NA,1,NA,NA,33.406,0.58,1.344,0.727,NA,NA,NA
2014-06-11,15:30,2014-06-11 15:30:00,BOX,NA,132748,Transect,5,BOX_3-3,NA,1,NA,NA,35.575,0.297,1.404,0.33,NA,NA,NA
2014-06-11,12:53,2014-06-11 12:53:00,BOX,NA,132740,Transect,5,BOX_8-1,NA,1,NA,NA,36.108,2.279,1.366,2.93,NA,NA,NA
2014-06-11,14:25,2014-06-11 14:25:00,BOX,NA,132743,Transect,5,BOX_8-2,NA,1,NA,NA,35.801,0.375,1.39,0.385,NA,NA,NA
2014-06-11,15:15,2014-06-11 15:15:00,BOX,NA,132747,Transect,5,BOX_8-3,NA,1,NA,NA,35.679,0.255,1.387,0.212,NA,NA,NA
2014-06-11,12:00,2014-06-11 12:00:00,BOX,Boxford-down,132753,DOWN,4,BOX_DOWN,NA,0,-1,103,33.962,0.194,1.302,0.078,NA,NA,NA
2015-06-19,10:15,2015-06-19 10:15:00,BOX,Boxford-down,138434,DOWN,4,BOX_DOWN,NA,0,11.86,26.27,22.853,0.034,1.277,0.053,7.558,0.423,0.363
2015-06-19,13:40,2015-06-19 13:40:00,BOX,Boxford-down,137220,DOWN,4,BOX_DOWN,NA,0,NA,22,16.478,0.037,1.049,NA,NA,NA,NA
2015-06-24,12:14,2015-06-24 12:14:00,BOX,Boxford-down,137248,DOWN,4,BOX_DOWN,NA,0,12,52,10.801,0.044,0.744,NA,NA,NA,NA
2015-06-25,10:10,2015-06-25 10:10:00,BOX,Boxford-down,138438,DOWN,4,BOX_DOWN,NA,0,8.21,12.18,16.757,0.02,1.338,0.024,8.168,0.366,0.333
2015-06-29,9:55,2015-06-29 9:55:00,BOX,Boxford-down,138454,DOWN,4,BOX_DOWN,NA,0,19.64,15.32,19.733,0.077,1.407,0.026,7.035,0.362,0.27
2014-06-11,11:45,2014-06-11 11:45:00,BOX,Boxford-out,132752,OUT,3,BOX_OUT,1.761,0,0,74,35.546,0.2,1.358,0.075,NA,NA,NA
2014-06-11,14:50,2014-06-11 14:50:00,BOX,Boxford-out,132745,OUT,3,BOX_OUT,1.761,1,NA,NA,35.404,1.509,1.406,1.934,NA,NA,NA
2014-06-11,15:40,2014-06-11 15:40:00,BOX,Boxford-out,132749,OUT,3,BOX_OUT,1.761,1,NA,NA,33.86,1.037,1.344,1.326,NA,NA,NA
2014-11-07,13:47,2014-11-07 13:47:00,BOX,Boxford-out,132755,OUT,3,BOX_OUT,1.761,0,-1,NA,26.966,0.072,7.094,0.033,8.633,0.344,NA
2014-11-11,8:47,2014-11-11 8:47:00,BOX,Boxford-out,132759,OUT,3,BOX_OUT,1.761,0,-1,NA,28.208,0.086,7.144,0.035,8.036,0.346,NA
2014-11-11,9:50,2014-11-11 9:50:00,BOX,Boxford-out,132760,OUT,3,BOX_OUT,1.761,1,NA,3,26.991,0.112,6.825,0.08,NA,NA,NA
2014-11-11,10:00,2014-11-11 10:00:00,BOX,Boxford-out,132761,OUT,3,BOX_OUT,1.761,1,NA,3,28.288,0.208,7.143,0.194,NA,NA,NA
2014-11-11,10:10,2014-11-11 10:10:00,BOX,Boxford-out,132762,OUT,3,BOX_OUT,1.761,1,NA,8,28.561,0.733,7.099,0.793,NA,NA,NA
2014-11-11,10:20,2014-11-11 10:20:00,BOX,Boxford-out,132763,OUT,3,BOX_OUT,1.761,1,NA,1,28.041,1.262,7.095,1.415,NA,NA,NA
2014-11-11,10:30,2014-11-11 10:30:00,BOX,Boxford-out,132764,OUT,3,BOX_OUT,1.761,1,NA,4,27.938,1.048,7.098,1.147,NA,NA,NA
2014-11-11,10:40,2014-11-11 10:40:00,BOX,Boxford-out,132765,OUT,3,BOX_OUT,1.761,1,NA,4,23.805,1.029,6.311,1.131,NA,NA,NA
2014-11-11,10:50,2014-11-11 10:50:00,BOX,Boxford-out,132766,OUT,3,BOX_OUT,1.761,1,NA,2,22.999,0.99,6.105,0.921,NA,NA,NA
2014-11-11,11:00,2014-11-11 11:00:00,BOX,Boxford-out,132767,OUT,3,BOX_OUT,1.761,1,NA,4,12.82,0.074,0.721,0.017,NA,NA,NA
2014-11-11,11:10,2014-11-11 11:10:00,BOX,Boxford-out,132768,OUT,3,BOX_OUT,1.761,1,NA,3,27.922,0.713,6.541,0.682,NA,NA,NA
2014-11-11,11:20,2014-11-11 11:20:00,BOX,Boxford-out,132769,OUT,3,BOX_OUT,1.761,1,NA,5,27.88,0.539,7.043,0.557,NA,NA,NA
2014-11-11,11:30,2014-11-11 11:30:00,BOX,Boxford-out,132770,OUT,3,BOX_OUT,1.761,1,NA,5,28.256,0.45,7.119,0.477,NA,NA,NA
2014-11-11,11:45,2014-11-11 11:45:00,BOX,Boxford-out,132771,OUT,3,BOX_OUT,1.761,1,NA,4,28.041,0.323,7.092,0.331,NA,NA,NA
2014-11-11,12:00,2014-11-11 12:00:00,BOX,Boxford-out,132772,OUT,3,BOX_OUT,1.761,1,NA,2,28.097,0.893,7.125,0.973,NA,NA,NA
2014-11-11,12:15,2014-11-11 12:15:00,BOX,Boxford-out,132773,OUT,3,BOX_OUT,1.761,1,NA,2,28.184,0.224,7.136,0.221,NA,NA,NA
2014-11-11,12:30,2014-11-11 12:30:00,BOX,Boxford-out,132774,OUT,3,BOX_OUT,1.761,1,NA,3,28.68,0.184,6.89,0.155,NA,NA,NA
2014-11-11,12:45,2014-11-11 12:45:00,BOX,Boxford-out,132775,OUT,3,BOX_OUT,1.761,1,NA,1,27.73,0.146,7.009,0.116,NA,NA,NA
2014-11-11,13:00,2014-11-11 13:00:00,BOX,Boxford-out,132776,OUT,3,BOX_OUT,1.761,1,NA,1,28.024,0.136,7.052,0.104,NA,NA,NA
2014-11-11,13:15,2014-11-11 13:15:00,BOX,Boxford-out,132777,OUT,3,BOX_OUT,1.761,1,0,NA,27.964,0.148,7.071,0.139,7.863,0.406,NA
2014-11-14,12:25,2014-11-14 12:25:00,BOX,Boxford-out,132781,OUT,3,BOX_OUT,1.761,0,-2,NA,27.479,0.075,6.992,0.022,7.721,0.357,NA
2015-06-19,10:45,2015-06-19 10:45:00,BOX,Boxford-dn,138435,OUT,3,BOX_OUT,1.761,0,10.39,29.48,22.926,0.036,1.273,0.057,7.741,0.401,0.336
2015-06-25,10:15,2015-06-25 10:15:00,BOX,Boxford-dn,138439,OUT,3,BOX_OUT,1.761,0,10.16,15.51,16.895,0.021,1.341,0.036,8.382,0.39,0.354
2015-06-25,10:35,2015-06-25 10:35:00,BOX,Boxford-dn,138440,OUT,3,BOX_OUT,1.761,1,NA,NA,16.715,0.141,1.347,0.157,NA,NA,NA
2015-06-25,10:45,2015-06-25 10:45:00,BOX,Boxford-dn,138441,OUT,3,BOX_OUT,1.761,1,NA,NA,17.373,0.728,1.379,0.696,NA,NA,NA
2015-06-25,10:55,2015-06-25 10:55:00,BOX,Boxford-dn,138442,OUT,3,BOX_OUT,1.761,1,NA,NA,16.837,0.753,1.363,0.732,NA,NA,NA
2015-06-25,11:05,2015-06-25 11:05:00,BOX,Boxford-dn,138443,OUT,3,BOX_OUT,1.761,1,NA,NA,16.904,0.571,1.339,0.607,NA,NA,NA
2015-06-25,11:15,2015-06-25 11:15:00,BOX,Boxford-dn,138444,OUT,3,BOX_OUT,1.761,1,NA,NA,16.874,0.386,1.344,0.409,NA,NA,NA
2015-06-25,11:25,2015-06-25 11:25:00,BOX,Boxford-dn,138445,OUT,3,BOX_OUT,1.761,1,NA,NA,16.835,0.255,1.354,0.311,NA,NA,NA
2015-06-25,11:35,2015-06-25 11:35:00,BOX,Boxford-dn,138446,OUT,3,BOX_OUT,1.761,1,NA,NA,14.865,0.189,1.218,0.193,NA,NA,NA
2015-06-25,11:45,2015-06-25 11:45:00,BOX,Boxford-dn,138447,OUT,3,BOX_OUT,1.761,1,NA,NA,16.975,0.163,1.349,0.19,NA,NA,NA
2015-06-25,11:55,2015-06-25 11:55:00,BOX,Boxford-dn,138448,OUT,3,BOX_OUT,1.761,1,NA,NA,16.962,0.118,1.359,0.162,NA,NA,NA
2015-06-25,12:05,2015-06-25 12:05:00,BOX,Boxford-dn,138449,OUT,3,BOX_OUT,1.761,1,NA,NA,16.758,0.087,1.353,0.161,NA,NA,NA
2015-06-25,12:15,2015-06-25 12:15:00,BOX,Boxford-dn,138450,OUT,3,BOX_OUT,1.761,1,NA,NA,16.834,0.073,1.368,0.127,NA,NA,NA
2015-06-25,12:25,2015-06-25 12:25:00,BOX,Boxford-dn,138451,OUT,3,BOX_OUT,1.761,1,NA,NA,16.788,0.063,1.364,0.12,NA,NA,NA
2015-06-25,12:35,2015-06-25 12:35:00,BOX,Boxford-dn,138452,OUT,3,BOX_OUT,1.761,1,NA,NA,16.713,0.045,1.372,0.091,NA,NA,NA
2015-06-29,10:05,2015-06-29 10:05:00,BOX,Boxford-dn,138455,OUT,3,BOX_OUT,1.761,0,24.6,10.48,22.811,0.062,1.789,0.027,8.075,0.372,0.3
2014-06-11,12:15,2014-06-11 12:15:00,BOX,Boxford-side,132751,SIDE,2,BOX_SIDE,NA,0,0,9,7.851,0.062,0.517,0.035,NA,NA,NA
2014-11-07,13:42,2014-11-07 13:42:00,BOX,Boxford-side,132754,SIDE,2,BOX_SIDE,NA,0,1,NA,35.015,0.066,8.013,0.025,8.665,0.351,NA
2014-11-11,8:37,2014-11-11 8:37:00,BOX,Boxford-side,132758,SIDE,2,BOX_SIDE,NA,0,0,NA,37.465,0.072,8.754,0.008,7.687,0.34,NA
2014-11-11,13:23,2014-11-11 13:23:00,BOX,Boxford-side,132778,SIDE,2,BOX_SIDE,NA,1,2,NA,43.212,0.079,9.778,0.057,7.668,0.368,NA
2014-11-14,12:15,2014-11-14 12:15:00,BOX,Boxford-side,132780,SIDE,2,BOX_SIDE,NA,0,-1,NA,46.075,0.073,9.129,0.015,7.75,0.348,NA
2015-06-19,10:00,2015-06-19 10:00:00,BOX,Boxford-side,138433,SIDE,2,BOX_SIDE,NA,0,12.09,21.48,24.417,0.031,1.185,0.071,7.751,0.396,0.344
2015-06-25,10:00,2015-06-25 10:00:00,BOX,Boxford-side,138437,SIDE,2,BOX_SIDE,NA,0,7.49,4.98,17.818,0.018,1.277,0.033,8.304,0.374,0.352
2015-06-29,9:45,2015-06-29 9:45:00,BOX,Boxford-side,138453,SIDE,2,BOX_SIDE,NA,0,27.43,26.46,21.579,0.082,1.673,0.006,7.531,0.377,0.268
2014-06-11,11:30,2014-06-11 11:30:00,BOX,Boxford-up,132750,UP,1,BOX_UP,1.658,0,0,42,35.375,0.259,1.378,0.082,NA,NA,NA
2014-11-07,13:56,2014-11-07 13:56:00,BOX,Boxford-up,132756,UP,1,BOX_UP,1.658,0,1,NA,26.676,0.073,6.768,0.039,8.522,0.347,NA
2014-11-11,8:05,2014-11-11 8:05:00,BOX,Boxford-up,132757,UP,1,BOX_UP,1.658,0,0,NA,27.054,0.092,6.778,0.029,8.04,0.367,NA
2014-11-11,13:33,2014-11-11 13:33:00,BOX,Boxford-up,132779,UP,1,BOX_UP,1.658,0,-1,NA,27.205,0.096,6.817,0.04,8.065,0.366,NA
2014-11-14,12:53,2014-11-14 12:53:00,BOX,Boxford-up,132782,UP,1,BOX_UP,1.658,0,-1,NA,25.712,0.087,6.372,0.033,NA,NA,NA
2015-06-19,9:45,2015-06-19 9:45:00,BOX,Boxford-up,138432,UP,1,BOX_UP,1.658,0,26.32,36.28,22.653,0.068,1.318,0.067,7.449,0.442,0.337
2015-06-19,14:22,2015-06-19 14:22:00,BOX,Boxford-up,137219,UP,1,BOX_UP,1.658,0,NA,78,21.773,0.069,1.384,NA,NA,NA,NA
2015-06-24,14:35,2015-06-24 14:35:00,BOX,Boxford-up,137247,UP,1,BOX_UP,1.658,0,22,45,13.031,0.058,1.153,NA,NA,NA,NA
2015-06-25,9:15,2015-06-25 9:15:00,BOX,Boxford-up,138436,UP,1,BOX_UP,1.658,0,28.72,13.42,18.131,0.071,1.456,0.023,7.174,0.395,0.311
2015-06-29,10:15,2015-06-29 10:15:00,BOX,Boxford-up,138456,UP,1,BOX_UP,1.658,0,61.08,1.25,18.024,0.016,1.625,0.024,8.755,0.351,0.334
2014-07-02,8:50,2014-07-02 8:50:00,CC,CC-Down,132738,DOWN,4,CC_DOWN,NA,0,6,189,98.412,0.148,1.028,0.039,NA,NA,NA
2014-07-02,8:45,2014-07-02 8:45:00,CC,CC-Out,132737,OUT,3,CC_OUT,4.014,0,6,225,126.602,0.157,1.117,0.059,NA,NA,NA
2014-07-02,12:55,2014-07-02 12:55:00,CC,CC-Out,132722,OUT,3,CC_OUT,4.014,1,NA,NA,125.961,0.184,1.052,0.102,NA,NA,NA
2014-07-02,13:35,2014-07-02 13:35:00,CC,CC-Out,132723,OUT,3,CC_OUT,4.014,1,NA,NA,126.355,0.195,1.078,0.12,NA,NA,NA
2014-07-02,14:05,2014-07-02 14:05:00,CC,CC-Out,132724,OUT,3,CC_OUT,4.014,1,NA,NA,127.466,0.225,1.074,0.148,NA,NA,NA
2014-07-02,14:35,2014-07-02 14:35:00,CC,CC-Out,132725,OUT,3,CC_OUT,4.014,1,NA,NA,129.208,0.236,1.08,0.173,NA,NA,NA
2014-07-02,15:05,2014-07-02 15:05:00,CC,CC-Out,132726,OUT,3,CC_OUT,4.014,1,NA,NA,130.494,0.254,1.104,0.191,NA,NA,NA
2014-07-02,15:50,2014-07-02 15:50:00,CC,CC-Out,132733,OUT,3,CC_OUT,4.014,1,NA,NA,127.902,0.27,1.077,0.204,NA,NA,NA
2014-07-02,16:05,2014-07-02 16:05:00,CC,CC-Out,132734,OUT,3,CC_OUT,4.014,1,NA,NA,123.955,0.263,1.073,0.217,NA,NA,NA
2014-11-19,9:05,2014-11-19 9:05:00,CC,CC-Out,137395,OUT,3,CC_OUT,4.014,0,5,216,93.686,0.057,4.846,0.025,7.269,0.57,0.297
2014-11-19,11:05,2014-11-19 11:05:00,CC,CC-Out,137398,OUT,3,CC_OUT,4.014,1,NA,NA,96.791,0.147,4.861,0.127,NA,NA,NA
2014-11-19,11:15,2014-11-19 11:15:00,CC,CC-Out,137399,OUT,3,CC_OUT,4.014,1,NA,NA,97.166,0.157,4.839,0.122,NA,NA,NA
2014-11-19,11:25,2014-11-19 11:25:00,CC,CC-Out,137400,OUT,3,CC_OUT,4.014,1,NA,NA,97.578,0.164,5.012,0.128,NA,NA,NA
2014-11-19,11:35,2014-11-19 11:35:00,CC,CC-Out,137401,OUT,3,CC_OUT,4.014,1,NA,NA,97.079,0.153,4.991,0.106,NA,NA,NA
2014-11-19,11:45,2014-11-19 11:45:00,CC,CC-Out,137402,OUT,3,CC_OUT,4.014,1,NA,NA,96.641,0.137,4.89,0.093,NA,NA,NA
2014-11-19,11:55,2014-11-19 11:55:00,CC,CC-Out,137415,OUT,3,CC_OUT,4.014,1,NA,NA,96.413,0.132,5.015,0.102,NA,NA,NA
2014-11-19,12:05,2014-11-19 12:05:00,CC,CC-Out,137403,OUT,3,CC_OUT,4.014,1,NA,NA,93.24,0.117,4.813,0.072,NA,NA,NA
2014-11-19,12:15,2014-11-19 12:15:00,CC,CC-Out,137404,OUT,3,CC_OUT,4.014,1,NA,NA,95.263,0.107,4.837,0.07,NA,NA,NA
2014-11-19,12:25,2014-11-19 12:25:00,CC,CC-Out,137405,OUT,3,CC_OUT,4.014,1,NA,NA,95.194,0.104,4.87,0.065,NA,NA,NA
2014-11-19,12:35,2014-11-19 12:35:00,CC,CC-Out,137406,OUT,3,CC_OUT,4.014,1,NA,NA,85.295,0.093,4.408,0.068,NA,NA,NA
2014-11-19,12:45,2014-11-19 12:45:00,CC,CC-Out,137407,OUT,3,CC_OUT,4.014,1,NA,NA,94.497,0.091,4.877,0.058,NA,NA,NA
2014-11-19,13:00,2014-11-19 13:00:00,CC,CC-Out,137408,OUT,3,CC_OUT,4.014,1,NA,NA,94.509,0.088,5.026,0.055,NA,NA,NA
2014-11-19,13:15,2014-11-19 13:15:00,CC,CC-Out,137409,OUT,3,CC_OUT,4.014,1,NA,NA,94.292,0.086,4.872,0.047,NA,NA,NA
2014-11-19,13:30,2014-11-19 13:30:00,CC,CC-Out,137410,OUT,3,CC_OUT,4.014,1,NA,NA,75.313,0.073,4.078,0.041,NA,NA,NA
2014-11-19,13:45,2014-11-19 13:45:00,CC,CC-Out,137411,OUT,3,CC_OUT,4.014,1,NA,NA,93.818,0.073,5,0.039,NA,NA,NA
2014-11-19,14:00,2014-11-19 14:00:00,CC,CC-Out,137412,OUT,3,CC_OUT,4.014,1,NA,NA,93.716,0.071,4.859,0.039,NA,NA,NA
2014-11-21,11:00,2014-11-21 11:00:00,CC,CC-Out,134076,OUT,3,CC_OUT,4.014,0,9,NA,90.024,0.088,4.76,0.038,7.373,0.507,NA
2014-07-02,8:40,2014-07-02 8:40:00,CC,CC-Side,132736,SIDE,2,CC_SIDE,NA,0,8,240,129.325,0.064,1.058,0.052,NA,NA,NA
2014-11-14,15:20,2014-11-14 15:20:00,CC,CC-Side,134073,SIDE,2,CC_SIDE,NA,0,7,NA,73.046,0.106,4.373,0.047,7.582,0.626,NA
2014-11-19,9:10,2014-11-19 9:10:00,CC,CC-Side,137396,SIDE,2,CC_SIDE,NA,0,16,149,74.522,0.045,4.205,0.033,8.732,0.543,0.35
2014-11-19,14:10,2014-11-19 14:10:00,CC,CC-Side,137413,SIDE,2,CC_SIDE,NA,1,7,217,93.083,0.076,4.964,0.063,7.385,0.588,0.296
2014-11-21,10:53,2014-11-21 10:53:00,CC,CC-Side,134075,SIDE,2,CC_SIDE,NA,0,17,NA,88.491,0.085,4.77,0.043,7.362,0.55,NA
2014-07-02,12:25,2014-07-02 12:25:00,CC,NA,132719,Transect,5,CC_T-DOWN_A1,NA,1,NA,NA,138.897,0.131,0.872,0.136,NA,NA,NA
2014-07-02,15:33,2014-07-02 15:33:00,CC,NA,132730,Transect,5,CC_T-DOWN_A2,NA,1,NA,NA,127.858,0.168,1.133,0.196,NA,NA,NA
2014-07-02,12:30,2014-07-02 12:30:00,CC,NA,132720,Transect,5,CC_T-DOWN_C1,NA,1,NA,NA,153.756,0.381,0.887,0.417,NA,NA,NA
2014-07-02,15:37,2014-07-02 15:37:00,CC,NA,132731,Transect,5,CC_T-DOWN_C2,NA,1,NA,NA,164.107,0.246,0.824,0.289,NA,NA,NA
2014-07-02,12:35,2014-07-02 12:35:00,CC,NA,132721,Transect,5,CC_T-DOWN_E1,NA,1,NA,NA,129.497,0.276,1.119,0.286,NA,NA,NA
2014-07-02,13:41,2014-07-02 13:41:00,CC,NA,132732,Transect,5,CC_T-DOWN_E2,NA,1,NA,NA,127.016,0.206,1.171,0.234,NA,NA,NA
2014-07-02,12:05,2014-07-02 12:05:00,CC,NA,132716,Transect,5,CC_T-UP_A1,NA,1,NA,NA,173.571,0.296,0.667,0.326,NA,NA,NA
2014-07-02,15:15,2014-07-02 15:15:00,CC,NA,132727,Transect,5,CC_T-UP_A2,NA,1,NA,NA,173.13,0.217,0.762,0.307,NA,NA,NA
2014-07-02,12:10,2014-07-02 12:10:00,CC,NA,132717,Transect,5,CC_T-UP_C1,NA,1,NA,NA,176.529,0.205,0.71,0.224,NA,NA,NA
2014-07-02,15:17,2014-07-02 15:17:00,CC,NA,132728,Transect,5,CC_T-UP_C2,NA,1,NA,NA,175.114,0.245,0.743,0.312,NA,NA,NA
2014-07-02,12:15,2014-07-02 12:15:00,CC,NA,132718,Transect,5,CC_T-UP_E1,NA,1,NA,NA,170.796,0.255,0.734,0.302,NA,NA,NA
2014-07-02,15:19,2014-07-02 15:19:00,CC,NA,132729,Transect,5,CC_T-UP_E2,NA,1,NA,NA,139.46,0.136,0.675,0.203,NA,NA,NA
2014-07-02,8:30,2014-07-02 8:30:00,CC,CC-Up,132735,UP,1,CC_UP,3.989,0,4,378,176.508,0.123,0.741,0.067,NA,NA,NA
2014-11-14,15:15,2014-11-14 15:15:00,CC,CC-Up,134072,UP,1,CC_UP,3.989,0,8,NA,91.996,0.099,5.373,0.044,8.451,0.72,NA
2014-11-19,9:20,2014-11-19 9:20:00,CC,CC-Up,137397,UP,1,CC_UP,3.989,0,8,183,98.195,0.064,5.047,0.026,7.76,0.586,0.338
2014-11-19,14:15,2014-11-19 14:15:00,CC,CC-Up,137414,UP,1,CC_UP,3.989,0,9,252,82.154,0.049,4.337,0.021,6.425,0.469,0.168
2014-11-21,10:45,2014-11-21 10:45:00,CC,CC-Up,134074,UP,1,CC_UP,3.989,0,9,NA,99.106,0.079,5.008,0.041,8.275,0.553,NA
2014-07-11,11:00,2014-07-11 12:00:00,CH,SB-Chest,134068,OUT,3,CH_DN,4.791,0,15,NA,229.8,0.543,4.429,0.065,4.315,0.899,NA
2014-07-17,9:40,2014-07-17 9:40:00,CH,SB-Chest,130738,OUT,3,CH_DN,4.791,0,11,123,91.123,0.373,2.385,0.061,NA,NA,NA
2014-07-17,11:30,2014-07-17 11:30:00,CH,SB-Chest,130751,OUT,3,CH_DN,4.791,0,11,126,96.891,0.387,2.459,0.047,NA,NA,NA
2014-07-17,11:35,2014-07-17 11:35:00,CH,SB-Chest,130726,OUT,3,CH_DN,4.791,1,NA,NA,101.701,0.815,2.449,0.536,NA,NA,NA
2014-07-17,11:45,2014-07-17 11:45:00,CH,SB-Chest,130722,OUT,3,CH_DN,4.791,1,NA,NA,62.592,0.902,1.65,0.722,NA,NA,NA
2014-07-17,11:55,2014-07-17 11:55:00,CH,SB-Chest,130746,OUT,3,CH_DN,4.791,1,NA,NA,121.006,0.925,2.795,0.604,NA,NA,NA
2014-07-17,12:05,2014-07-17 12:05:00,CH,SB-Chest,130744,OUT,3,CH_DN,4.791,1,NA,NA,107.002,0.569,2.629,0.226,NA,NA,NA
2014-07-17,12:15,2014-07-17 12:15:00,CH,SB-Chest,130712,OUT,3,CH_DN,4.791,1,NA,NA,110.321,0.487,2.593,0.152,NA,NA,NA
2014-07-17,12:25,2014-07-17 12:25:00,CH,SB-Chest,130728,OUT,3,CH_DN,4.791,1,NA,NA,51.778,0.242,1.404,0.05,NA,NA,NA
2014-07-17,12:35,2014-07-17 12:35:00,CH,SB-Chest,130718,OUT,3,CH_DN,4.791,1,NA,NA,104.923,0.397,2.515,0.061,NA,NA,NA
2014-07-17,12:45,2014-07-17 12:45:00,CH,SB-Chest,130743,OUT,3,CH_DN,4.791,1,NA,NA,88.781,0.353,2.293,0.047,NA,NA,NA
2014-07-17,12:55,2014-07-17 12:55:00,CH,SB-Chest,130747,OUT,3,CH_DN,4.791,1,NA,NA,96.75,0.376,2.411,0.061,NA,NA,NA
2014-07-17,13:10,2014-07-17 13:10:00,CH,SB-Chest,130715,OUT,3,CH_DN,4.791,1,NA,NA,111.709,0.409,2.651,0.064,NA,NA,NA
2014-07-17,13:25,2014-07-17 13:25:00,CH,SB-Chest,130749,OUT,3,CH_DN,4.791,1,NA,NA,93.186,0.359,2.34,0.047,NA,NA,NA
2014-07-17,13:40,2014-07-17 13:40:00,CH,SB-Chest,130713,OUT,3,CH_DN,4.791,1,NA,NA,113.987,0.408,2.622,0.064,NA,NA,NA
2014-07-17,13:55,2014-07-17 13:55:00,CH,SB-Chest,130714,OUT,3,CH_DN,4.791,1,NA,NA,122.614,0.437,2.788,0.065,NA,NA,NA
2014-07-17,13:55,2014-07-17 13:55:00,CH,SB-Chest,130742,OUT,3,CH_DN,4.791,1,NA,NA,114.112,0.419,2.777,0.075,NA,NA,NA
2014-11-14,15:00,2014-11-14 15:00:00,CC,CC-Out,134071,OUT,3,CH_DN,4.791,0,3,NA,78.526,0.121,4.657,0.047,6.864,0.606,NA
2014-11-21,13:47,2014-11-21 13:47:00,CH,SB-Chest,134079,OUT,3,CH_DN,4.791,0,9,NA,188.34,0.896,5.752,0.058,4.179,1.065,NA
2014-12-05,12:00,2014-12-05 12:00:00,CH,SB-Chest,134084,OUT,3,CH_DN,4.791,0,11,NA,165.138,1.094,5.429,0.057,5.046,1.383,NA
2014-12-05,12:50,2014-12-05 12:50:00,CH,SB-Chest,134086,OUT,3,CH_DN,4.791,1,NA,55,130.871,1.106,4.554,0.28,NA,NA,NA
2014-12-05,13:00,2014-12-05 13:00:00,CH,SB-Chest,134087,OUT,3,CH_DN,4.791,1,NA,61,139.414,1.177,4.919,0.309,NA,NA,NA
2014-12-05,13:05,2014-12-05 13:05:00,CH,SB-Chest,134088,OUT,3,CH_DN,4.791,1,NA,66,150.897,1.187,5.133,0.24,NA,NA,NA
2014-12-05,13:10,2014-12-05 13:10:00,CH,SB-Chest,134089,OUT,3,CH_DN,4.791,1,NA,69,166.966,1.24,5.425,0.167,NA,NA,NA
2014-12-05,13:15,2014-12-05 13:15:00,CH,SB-Chest,134090,OUT,3,CH_DN,4.791,1,NA,67,167.074,1.186,5.455,0.121,NA,NA,NA
2014-12-05,13:20,2014-12-05 13:20:00,CH,SB-Chest,134091,OUT,3,CH_DN,4.791,1,NA,66,166.858,1.165,5.454,0.114,NA,NA,NA
2014-12-05,13:25,2014-12-05 13:25:00,CH,SB-Chest,134092,OUT,3,CH_DN,4.791,1,NA,67,149.035,1.029,5.309,0.078,NA,NA,NA
2014-12-05,13:30,2014-12-05 13:30:00,CH,SB-Chest,134093,OUT,3,CH_DN,4.791,1,NA,52,167.307,1.135,5.444,0.047,NA,NA,NA
2014-12-05,13:35,2014-12-05 13:35:00,CH,SB-Chest,134094,OUT,3,CH_DN,4.791,1,NA,64,167.783,1.139,5.431,0.07,NA,NA,NA
2014-12-05,13:40,2014-12-05 13:40:00,CH,SB-Chest,134095,OUT,3,CH_DN,4.791,1,NA,67,167.045,1.124,5.438,0.077,NA,NA,NA
2014-12-05,13:45,2014-12-05 13:45:00,CH,SB-Chest,134096,OUT,3,CH_DN,4.791,1,NA,59,140.36,0.944,4.902,0.056,NA,NA,NA
2014-12-05,13:50,2014-12-05 13:50:00,CH,SB-Chest,134097,OUT,3,CH_DN,4.791,1,NA,66,166.714,1.113,5.428,0.025,NA,NA,NA
2014-12-05,13:55,2014-12-05 13:55:00,CH,SB-Chest,134098,OUT,3,CH_DN,4.791,1,NA,71,166.765,1.105,5.441,0.03,NA,NA,NA
2014-12-05,14:00,2014-12-05 14:00:00,CH,SB-Chest,134099,OUT,3,CH_DN,4.791,1,NA,59,167.79,1.102,5.45,0.014,NA,NA,NA
2014-12-05,14:10,2014-12-05 14:10:00,CH,SB-Chest,134100,OUT,3,CH_DN,4.791,1,NA,69,167.175,1.107,5.463,0.008,NA,NA,NA
2014-12-05,14:20,2014-12-05 14:20:00,CH,SB-Chest,134101,OUT,3,CH_DN,4.791,1,NA,69,166.449,1.111,5.462,0.003,NA,NA,NA
2014-12-05,14:30,2014-12-05 14:30:00,CH,SB-Chest,134102,OUT,3,CH_DN,4.791,1,NA,72,167.955,1.108,5.484,0.011,NA,NA,NA
2014-12-05,14:40,2014-12-05 14:40:00,CH,SB-Chest,134103,OUT,3,CH_DN,4.791,1,NA,78,166.925,1.108,5.446,0,NA,NA,NA
2014-12-05,14:50,2014-12-05 14:50:00,CH,SB-Chest,134104,OUT,3,CH_DN,4.791,1,NA,62,118.658,0.803,4.652,0,NA,NA,NA
2014-12-05,15:00,2014-12-05 15:00:00,CH,SB-Chest,134105,OUT,3,CH_DN,4.791,1,NA,58,166.766,1.096,5.453,0,NA,NA,NA
2014-12-16,11:25,2014-12-16 11:25:00,CH,SB-Chest,134082,OUT,3,CH_DN,4.791,0,5,NA,155.228,1.349,5.393,0.048,4.436,1.638,NA
2015-06-26,11:43,2015-06-26 11:43:00,CH,SB-Chest,137262,OUT,3,CH_DN,4.791,0,NA,192,149.096,0.301,2.802,NA,NA,NA,NA
2015-06-29,11:43,2015-06-29 11:43:00,CH,SB-Chest,137276,OUT,3,CH_DN,4.791,0,9,93,142.311,0.444,2.885,NA,NA,NA,NA
2015-06-30,13:00,2015-06-30 13:00:00,CH,SB-Chest,137290,OUT,3,CH_DN,4.791,0,NA,229,122.649,0.37,2.541,NA,NA,NA,NA
2015-07-06,11:30,2015-07-06 11:30:00,CH,SB-Chest,138414,OUT,3,CH_DN,4.791,0,2.76,153.27,304.066,0.827,4.954,0.158,3.567,1.141,0.161
2015-07-10,10:25,2015-07-10 10:25:00,CH,SB-Chest,138415,OUT,3,CH_DN,4.791,0,23.1,17.81,61.516,0.219,1.822,0.035,6.344,0.474,0.237
2015-07-10,11:35,2015-07-10 11:35:00,CH,SB-Chest,138418,OUT,3,CH_DN,4.791,1,NA,NA,70.24,0.301,1.9,0.041,NA,NA,NA
2015-07-10,11:45,2015-07-10 11:45:00,CH,SB-Chest,138419,OUT,3,CH_DN,4.791,1,NA,NA,71.135,0.805,1.892,0.515,NA,NA,NA
2015-07-10,11:55,2015-07-10 11:55:00,CH,SB-Chest,138420,OUT,3,CH_DN,4.791,1,NA,NA,73.143,0.685,1.934,0.386,NA,NA,NA
2015-07-10,12:05,2015-07-10 12:05:00,CH,SB-Chest,138421,OUT,3,CH_DN,4.791,1,NA,NA,74.724,0.455,1.932,0.188,NA,NA,NA
2015-07-10,12:15,2015-07-10 12:15:00,CH,SB-Chest,138422,OUT,3,CH_DN,4.791,1,NA,NA,76.377,0.379,1.965,0.11,NA,NA,NA
2015-07-10,12:25,2015-07-10 12:25:00,CH,SB-Chest,138423,OUT,3,CH_DN,4.791,1,NA,NA,77.464,0.342,1.972,0.093,NA,NA,NA
2015-07-10,12:35,2015-07-10 12:35:00,CH,SB-Chest,138424,OUT,3,CH_DN,4.791,1,NA,NA,79.245,0.319,2.009,0.071,NA,NA,NA
2015-07-10,12:45,2015-07-10 12:45:00,CH,SB-Chest,138425,OUT,3,CH_DN,4.791,1,NA,NA,81.838,0.309,2.056,0.047,NA,NA,NA
2015-07-10,12:55,2015-07-10 12:55:00,CH,SB-Chest,138426,OUT,3,CH_DN,4.791,1,NA,NA,83.098,0.323,2.08,0.05,NA,NA,NA
2015-07-14,10:30,2015-07-14 10:30:00,CH,SB-Chest,138431,OUT,3,CH_DN,4.791,0,12.49,116.43,NA,NA,NA,NA,2.909,0.659,NA
2014-07-17,12:25,2014-07-17 12:25:00,CH,SB-Chest,130750,OUT,3.A,CH_DN_RT_sensor,4.791,1,NA,NA,100.516,0.411,2.531,0.1,NA,NA,NA
2014-07-17,12:35,2014-07-17 12:35:00,CH,SB-Chest,130741,OUT,3.A,CH_DN_RT_sensor,4.791,1,NA,NA,110.762,0.433,2.611,0.092,NA,NA,NA
2014-07-17,12:45,2014-07-17 12:45:00,CH,SB-Chest,130745,OUT,3.A,CH_DN_RT_sensor,4.791,1,NA,NA,111.428,0.424,2.602,0.081,NA,NA,NA
2014-07-17,12:55,2014-07-17 12:55:00,CH,SB-Chest,130733,OUT,3.A,CH_DN_RT_sensor,4.791,1,NA,NA,89.732,0.359,2.214,0.056,NA,NA,NA
2014-07-17,13:10,2014-07-17 13:10:00,CH,SB-Chest,130719,OUT,3.A,CH_DN_RT_sensor,4.791,1,NA,NA,103.505,0.385,2.428,0.052,NA,NA,NA
2014-07-17,13:25,2014-07-17 13:25:00,CH,SB-Chest,130720,OUT,3.A,CH_DN_RT_sensor,4.791,1,NA,NA,115.081,0.44,2.777,0.075,NA,NA,NA
2014-07-17,13:40,2014-07-17 13:40:00,CH,SB-Chest,130729,OUT,3.A,CH_DN_RT_sensor,4.791,1,NA,NA,110.899,0.404,2.63,0.064,NA,NA,NA
2014-11-21,13:20,2014-11-21 13:20:00,CH,CH-Side,134077,SIDE,2,CH_SIDE,NA,0,28,NA,177.132,0.834,5.615,0.056,3.744,0.877,NA
2014-12-05,11:50,2014-12-05 11:50:00,CH,CH-Side,134083,SIDE,2,CH_SIDE,NA,0,13,NA,166.46,1.1,5.444,0.059,4.693,1.268,NA
2014-12-16,11:05,2014-12-16 11:05:00,CH,CH-Side,134080,SIDE,2,CH_SIDE,NA,0,9,NA,155.426,1.343,5.388,0.051,4.326,1.61,NA
2015-07-06,10:40,2015-07-06 10:40:00,CH,CH-Side,138412,SIDE,2,CH_SIDE,NA,0,7.62,130.44,303.203,0.852,4.918,0.152,3.707,1.164,0.181
2015-07-10,10:45,2015-07-10 10:45:00,CH,CH-Side,138416,SIDE,2,CH_SIDE,NA,0,10.17,69.86,71.267,0.319,1.9,0.046,4.821,0.548,0.159
2015-07-10,13:15,2015-07-10 13:15:00,CH,CH-Side,138427,SIDE,2,CH_SIDE,NA,1,7.85,91.26,96.903,0.353,2.198,0.052,4.289,0.605,0.161
2015-07-14,10:05,2015-07-14 10:05:00,CH,CH-Side,138429,SIDE,2,CH_SIDE,NA,0,5.79,162.05,342.996,0.692,5.256,0.165,3.612,0.893,0.039
2014-07-11,11:20,2014-07-11 12:20:00,CH,SB-Chest-midreach,134069,UP,1,CH_UP,4.636,0,9,NA,204.753,0.511,4.21,0.062,4.174,0.884,NA
2014-07-17,10:30,2014-07-17 10:30:00,CH,SB-Chest-midreach,130734,UP,1,CH_UP,4.636,0,NA,NA,100.212,0.405,2.582,0.061,NA,NA,NA
2014-07-17,10:50,2014-07-17 10:50:00,CH,SB-Chest-midreach,130732,UP,1,CH_UP,4.636,0,9,126,101.805,0.406,2.598,0.061,NA,NA,NA
2014-07-17,13:18,2014-07-17 13:18:00,CH,SB-Chest-midreach,130740,UP,1,CH_UP,4.636,1,NA,NA,119.879,0.432,2.754,0.052,NA,NA,NA
2014-11-21,13:35,2014-11-21 13:35:00,CH,SB-Chest-midreach,134078,UP,1,CH_UP,4.636,0,8,NA,171.324,0.815,5.444,0.054,4.131,1.041,NA
2014-12-05,12:15,2014-12-05 12:15:00,CH,SB-Chest-midreach,134085,UP,1,CH_UP,4.636,0,20,NA,141.317,0.949,5.027,0.052,4.654,1.116,NA
2014-12-16,11:15,2014-12-16 11:15:00,CH,SB-Chest-midreach,134081,UP,1,CH_UP,4.636,0,8,NA,157.795,1.378,5.41,0.056,4.346,1.648,NA
2015-06-26,8:56,2015-06-26 8:56:00,CH,SB-Chest-midreach,137261,UP,1,CH_UP,4.636,0,NA,221,295.344,0.625,4.771,NA,NA,NA,NA
2015-06-29,9:50,2015-06-29 9:50:00,CH,SB-Chest-midreach,137275,UP,1,CH_UP,4.636,0,7,153,159.899,0.511,3.227,NA,NA,NA,NA
2015-06-30,12:49,2015-06-30 12:49:00,CH,SB-Chest-midreach,137289,UP,1,CH_UP,4.636,0,NA,118,243.302,0.855,4.391,NA,NA,NA,NA
2015-07-06,11:10,2015-07-06 11:10:00,CH,SB-Chest-midreach,138413,UP,1,CH_UP,4.636,0,13.64,153.74,305.515,0.889,5.037,0.155,3.618,1.137,0.094
2015-07-10,10:55,2015-07-10 10:55:00,CH,SB-Chest-midreach,138417,UP,1,CH_UP,4.636,0,11.83,81.26,86.149,0.314,2.087,0.04,4.092,0.631,0.236
2015-07-10,13:25,2015-07-10 13:25:00,CH,SB-Chest-midreach,138428,UP,1,CH_UP,4.636,0,8.29,104.32,336.819,0.565,5.024,0.168,4.063,0.617,-0.052
2015-07-14,10:15,2015-07-14 10:15:00,CH,SB-Chest-midreach,138430,UP,1,CH_UP,4.636,0,3.04,163.62,267.68,0.432,4.331,0.113,3.4,0.985,0.389
2014-07-17,9:39,2014-07-17 9:39:00,CH,CH-Side,130724,SIDE,2,CH_W1-1,NA,0,NA,NA,100.401,0.4,2.477,0.033,NA,NA,NA
2014-07-17,11:56,2014-07-17 11:56:00,CH,CH-Side,130752,SIDE,2,CH_W1-2,NA,1,NA,NA,108.202,0.435,2.688,0.075,NA,NA,NA
2014-07-17,13:50,2014-07-17 13:50:00,CH,CH-Side,130721,SIDE,2,CH_W1-3,NA,1,NA,NA,128.57,0.451,2.906,0.06,NA,NA,NA
2014-07-17,12:10,2014-07-17 12:10:00,CH,NA,130730,Transect,5,CH_W2-2,NA,1,NA,NA,90.64,0.266,2.204,0.041,NA,NA,NA
2014-07-17,13:30,2014-07-17 13:30:00,CH,NA,130716,Transect,5,CH_W2-3,NA,1,NA,NA,102.637,0.429,2.399,0.182,NA,NA,NA
2014-07-17,9:50,2014-07-17 9:50:00,CH,NA,130735,Transect,5,CH_W3-1,NA,0,NA,NA,81.835,0.332,2.093,0.039,NA,NA,NA
2014-07-17,12:04,2014-07-17 12:04:00,CH,NA,130736,Transect,5,CH_W3-2,NA,1,NA,NA,109.119,0.434,2.686,0.089,NA,NA,NA
2014-07-17,13:45,2014-07-17 13:45:00,CH,NA,130731,Transect,5,CH_W3-3,NA,1,NA,NA,127.109,0.448,2.86,0.066,NA,NA,NA
2014-07-17,10:10,2014-07-17 10:10:00,CH,NA,130717,Transect,5,CH_W4-1,NA,0,NA,NA,69.666,0.256,1.845,0.047,NA,NA,NA
2014-07-17,12:18,2014-07-17 12:18:00,CH,NA,130737,Transect,5,CH_W4-2,NA,1,NA,NA,101.846,0.714,2.53,0.405,NA,NA,NA
2014-07-17,13:37,2014-07-17 13:37:00,CH,NA,130748,Transect,5,CH_W4-3,NA,1,NA,NA,108.285,0.437,2.658,0.116,NA,NA,NA
2014-07-17,10:25,2014-07-17 10:25:00,CH,NA,130723,Transect,5,CH_W5-1,NA,0,NA,NA,100.889,0.387,2.443,0.055,NA,NA,NA
2014-07-17,11:40,2014-07-17 11:40:00,CH,NA,130725,Transect,5,CH_W5-2,NA,1,NA,NA,111.012,0.481,2.62,0.129,NA,NA,NA
2014-07-17,13:24,2014-07-17 13:24:00,CH,NA,130739,Transect,5,CH_W5-3,NA,1,NA,NA,99.632,0.379,2.488,0.058,NA,NA,NA
2014-07-11,10:30,2014-07-11 10:30:00,CH,CH-Side,134067,SIDE,2,CH_WSIDE1,NA,0,10,NA,225.189,0.564,4.366,0.061,4.449,0.947,NA
2014-07-11,11:50,2014-07-11 12:50:00,CH,NA,134070,Transect,5,CH_WSIDE2,NA,0,3,NA,170.48,0.071,1.724,0.064,7.499,1.009,NA
2014-07-17,9:50,2014-07-17 9:50:00,CH,NA,130727,Transect,5,CH-W2-1,NA,0,6,82,59.614,0.222,1.68,0.047,NA,NA,NA
2015-06-26,9:30,2015-06-26 9:30:00,ID,IP24,136961,OUT,3,ID,387.5,0,15.865,16.16760063,96.2436,0.0531,1.0819,0.0409,8.76299759,0.466999565,0.397731964
2015-07-10,9:55,2015-07-10 9:55:00,ID,IP24,136962,OUT,3,ID,387.5,0,13.134,20.28980064,92.4679,0.0584,0.8415,0.0445,10.9468499,0.568782112,0.490092311
2015-07-24,10:15,2015-07-24 10:15:00,ID,IP24,137337,OUT,3,ID,387.5,0,8.616,17.18720055,110.7525,0.0736,0.8625,0.0777,8.913257919,0.497675323,0.406888123
2015-06-26,9:55,2015-06-26 9:55:00,ID,ID-Up,136963,UP,1,ID_UP,337.8,0,13.631,12.49279976,97.6501,0.0388,1.014,0.0515,8.260883515,0.413194005,0.361901205
2015-07-10,10:15,2015-07-10 10:15:00,ID,ID-Up,136964,UP,1,ID_UP,337.8,0,7.522,23.72100067,94.1895,0.0578,0.6065,0.0519,11.41686536,0.623588099,0.542067098
2015-07-24,10:40,2015-07-24 10:40:00,ID,ID-Up,137338,UP,1,ID_UP,337.8,0,8.89,17.81800079,112.1407,0.0922,0.9295,0.0919,9.045670715,0.486938606,0.376920605
2015-06-26,9:00,2015-06-26 9:00:00,ID,MR-1A,136965,UP,3,MR,43.3,0,15.365,16.0802002,61.5013,0.0426,0.6169,0.0126,6.012833971,0.355386738,0.296706538
2015-07-10,9:35,2015-07-10 9:35:00,ID,MR-1A,136966,UP,3,MR,43.3,0,10.198,2.329099894,81.3346,0.0291,0.6398,0.0448,7.720938928,0.382963719,0.351534619
2015-07-24,10:00,2015-07-24 10:00:00,ID,MR-1A,137336,UP,3,MR,43.3,0,5.52,13.76749992,98.5644,0.0142,0.3472,0.0937,7.415197886,0.35371742,0.32574992
2015-06-26,12:40,2015-06-26 12:40:00,PD,10,136953,OUT,3,PD,63.9,0,8.248,54.33679962,60.2365,0.1111,1.0723,0.0345,8.017851132,0.503971858,0.338535058
2015-07-10,12:55,2015-07-10 12:55:00,PD,10,136954,OUT,3,PD,63.9,0,7.902,32.42860031,55.5384,0.0881,1.0071,0.0373,7.631521353,0.494837527,0.374308926
2015-07-24,8:50,2015-07-24 8:50:00,PD,10,137333,OUT,3,PD,63.9,0,6.368,40.70660019,66.0849,0.1154,0.9808,0.0688,7.80906985,0.49853426,0.34242766
2015-06-26,13:10,2015-06-26 13:10:00,PD,PD-Up,136955,UP,1,PD_UP,55.7,0,20.201,34.46820068,44.2847,0.0774,0.9917,0.0288,6.668562854,0.441988897,0.330120696
2015-07-10,13:20,2015-07-10 13:20:00,PD,PD-Up,136956,UP,1,PD_UP,55.7,0,8.269,18.90780067,40.2251,0.0626,0.8169,0.0109,8.135928186,0.443467788,0.361959988
2015-07-24,9:25,2015-07-24 9:25:00,PD,PD-Up,137335,UP,1,PD_UP,55.7,0,8.57,61.97639847,45.1129,0.1158,0.6315,0.0576,8.073895443,0.543199004,0.365422605
2014-09-17,10:55,2014-09-17 10:55:00,SMD,SMD-Out,131853,OUT,3,SMD_OUT,113.8,0,2,19,157.885,0.104,2.216,0.061,6.796,0.46,0.336
2014-09-19,10:55,2014-09-19 10:55:00,SMD,SMD-Out,131856,OUT,3,SMD_OUT,113.8,0,4,21,158.555,0.21,2.479,0.061,7.801,0.641,0.411
2014-09-19,22:00,2014-09-19 22:00:00,SMD,SMD-Out,131859,OUT,3,SMD_OUT,113.8,1,NA,21,159.75,0.159,2.499,0.075,NA,NA,NA
2014-09-20,1:00,2014-09-20 1:00:00,SMD,SMD-Out,131860,OUT,3,SMD_OUT,113.8,1,NA,19,156.994,0.105,2.519,0,NA,NA,NA
2014-09-20,4:00,2014-09-20 4:00:00,SMD,SMD-Out,131861,OUT,3,SMD_OUT,113.8,1,NA,16,157.845,0.108,2.512,0,NA,NA,NA
2014-09-20,7:00,2014-09-20 7:00:00,SMD,SMD-Out,131862,OUT,3,SMD_OUT,113.8,1,NA,20,159.753,0.124,2.527,0.089,NA,NA,NA
2014-09-20,10:00,2014-09-20 10:00:00,SMD,SMD-Out,131863,OUT,3,SMD_OUT,113.8,1,NA,21,158.117,0.122,2.524,0,NA,NA,NA
2014-09-20,13:00,2014-09-20 13:00:00,SMD,SMD-Out,131864,OUT,3,SMD_OUT,113.8,1,NA,21,158.448,0.12,2.52,0.061,NA,NA,NA
2014-09-20,16:00,2014-09-20 16:00:00,SMD,SMD-Out,131865,OUT,3,SMD_OUT,113.8,1,NA,25,158.582,0.121,2.528,0.047,NA,NA,NA
2014-09-20,19:00,2014-09-20 19:00:00,SMD,SMD-Out,131866,OUT,3,SMD_OUT,113.8,1,NA,22,158.791,0.124,2.518,0.075,NA,NA,NA
2014-09-20,22:00,2014-09-20 22:00:00,SMD,SMD-Out,131867,OUT,3,SMD_OUT,113.8,1,NA,12,156.783,0.09,2.327,0.047,NA,NA,NA
2014-09-21,1:00,2014-09-21 1:00:00,SMD,SMD-Out,131868,OUT,3,SMD_OUT,113.8,1,NA,25,157.224,0.084,2.369,0.061,NA,NA,NA
2014-09-21,4:00,2014-09-21 4:00:00,SMD,SMD-Out,131869,OUT,3,SMD_OUT,113.8,1,12,26,158.982,0.097,2.402,0.047,7.997,0.517,0.394
2014-09-21,7:00,2014-09-21 7:00:00,SMD,SMD-Out,131870,OUT,3,SMD_OUT,113.8,1,NA,27,157.933,0.102,2.374,0.061,NA,NA,NA
2014-09-21,10:00,2014-09-21 10:00:00,SMD,SMD-Out,131871,OUT,3,SMD_OUT,113.8,1,NA,25,158.705,0.098,2.401,0.006,NA,NA,NA
2014-09-21,13:00,2014-09-21 13:00:00,SMD,SMD-Out,131872,OUT,3,SMD_OUT,113.8,1,NA,22,155.824,0.087,2.368,0.034,NA,NA,NA
2014-09-21,16:00,2014-09-21 16:00:00,SMD,SMD-Out,131873,OUT,3,SMD_OUT,113.8,1,NA,21,158.666,0.088,2.403,0.061,NA,NA,NA
2014-09-21,19:00,2014-09-21 19:00:00,SMD,SMD-Out,131874,OUT,3,SMD_OUT,113.8,1,NA,21,158.137,0.087,2.401,0.061,NA,NA,NA
2014-09-21,22:00,2014-09-21 22:00:00,SMD,SMD-Out,131875,OUT,3,SMD_OUT,113.8,1,NA,20,157.751,0.102,2.433,0.075,NA,NA,NA
2014-09-22,1:00,2014-09-22 1:00:00,SMD,SMD-Out,131876,OUT,3,SMD_OUT,113.8,1,NA,22,158.097,0.094,2.453,0.047,NA,NA,NA
2014-09-22,4:00,2014-09-22 4:00:00,SMD,SMD-Out,131877,OUT,3,SMD_OUT,113.8,1,NA,21,158.417,0.103,2.456,0.089,NA,NA,NA
2014-09-22,7:00,2014-09-22 7:00:00,SMD,SMD-Out,131878,OUT,3,SMD_OUT,113.8,1,NA,21,160.167,0.108,2.439,0.075,NA,NA,NA
2014-09-22,10:00,2014-09-22 10:00:00,SMD,SMD-Out,131879,OUT,3,SMD_OUT,113.8,1,NA,28,166.132,0.139,2.552,0.089,NA,NA,NA
2014-09-22,13:00,2014-09-22 13:00:00,SMD,SMD-Out,131880,OUT,3,SMD_OUT,113.8,1,NA,27,172.137,0.184,2.669,0.103,NA,NA,NA
2014-09-22,16:00,2014-09-22 16:00:00,SMD,SMD-Out,131881,OUT,3,SMD_OUT,113.8,1,NA,21,177.68,0.203,2.729,0.089,NA,NA,NA
2014-09-22,19:00,2014-09-22 19:00:00,SMD,SMD-Out,131882,OUT,3,SMD_OUT,113.8,1,NA,19,161.926,0.178,2.47,0.089,NA,NA,NA
2014-10-03,12:35,2014-10-03 12:35:00,SMD,SMD-Out,131885,OUT,3,SMD_OUT,113.8,0,7,18,155.78,0.768,3.074,0.199,7.169,1.808,1.023
2014-10-03,18:00,2014-10-03 18:00:00,SMD,SMD-Out,131886,OUT,3,SMD_OUT,113.8,1,NA,26,101.494,0.167,2.308,0.061,NA,NA,NA
2014-10-03,21:00,2014-10-03 21:00:00,SMD,SMD-Out,131887,OUT,3,SMD_OUT,113.8,1,NA,36,149.287,0.173,2.91,0.089,NA,NA,NA
2014-10-04,0:00,2014-10-04 0:00:00,SMD,SMD-Out,131888,OUT,3,SMD_OUT,113.8,1,NA,23,146.84,0.164,2.851,0.089,NA,NA,NA
2014-10-04,3:00,2014-10-04 3:00:00,SMD,SMD-Out,131889,OUT,3,SMD_OUT,113.8,1,NA,24,148.663,0.166,2.867,0.089,NA,NA,NA
2014-10-04,6:00,2014-10-04 6:00:00,SMD,SMD-Out,131890,OUT,3,SMD_OUT,113.8,1,NA,28,148.653,0.163,2.877,0.089,NA,NA,NA
2014-10-04,9:00,2014-10-04 9:00:00,SMD,SMD-Out,131891,OUT,3,SMD_OUT,113.8,1,NA,9,146.603,0.169,2.871,0.089,NA,NA,NA
2014-10-04,12:00,2014-10-04 12:00:00,SMD,SMD-Out,131892,OUT,3,SMD_OUT,113.8,1,NA,12,149.167,0.168,2.925,0.089,NA,NA,NA
2014-10-04,15:00,2014-10-04 15:00:00,SMD,SMD-Out,131893,OUT,3,SMD_OUT,113.8,1,NA,12,149.059,0.179,2.955,0.075,NA,NA,NA
2014-10-04,18:00,2014-10-04 18:00:00,SMD,SMD-Out,131894,OUT,3,SMD_OUT,113.8,1,NA,32,147.526,0.144,2.874,0.061,NA,NA,NA
2014-10-04,21:00,2014-10-04 21:00:00,SMD,SMD-Out,131895,OUT,3,SMD_OUT,113.8,1,NA,42,147.525,0.143,2.866,0.075,NA,NA,NA
2014-10-05,0:00,2014-10-05 0:00:00,SMD,SMD-Out,131896,OUT,3,SMD_OUT,113.8,1,NA,22,148.721,0.141,2.88,0.061,NA,NA,NA
2014-10-05,3:00,2014-10-05 3:00:00,SMD,SMD-Out,131897,OUT,3,SMD_OUT,113.8,1,NA,113,149.873,0.145,2.869,0.075,NA,NA,NA
2014-10-05,6:00,2014-10-05 6:00:00,SMD,SMD-Out,131898,OUT,3,SMD_OUT,113.8,1,NA,29,94.685,0.146,2.062,0.047,NA,NA,NA
2014-10-05,9:00,2014-10-05 9:00:00,SMD,SMD-Out,131899,OUT,3,SMD_OUT,113.8,1,NA,26,149.491,0.151,2.845,0.061,NA,NA,NA
2014-10-05,12:00,2014-10-05 12:00:00,SMD,SMD-Out,131900,OUT,3,SMD_OUT,113.8,1,NA,35,149.367,0.15,2.81,0.061,NA,NA,NA
2014-10-05,15:00,2014-10-05 15:00:00,SMD,SMD-Out,131901,OUT,3,SMD_OUT,113.8,1,NA,31,149.749,0.159,2.82,0.061,NA,NA,NA
2014-10-05,18:00,2014-10-05 18:00:00,SMD,SMD-Out,131902,OUT,3,SMD_OUT,113.8,1,NA,34,148.969,0.163,2.806,0.061,NA,NA,NA
2014-10-05,21:00,2014-10-05 21:00:00,SMD,SMD-Out,131903,OUT,3,SMD_OUT,113.8,1,NA,16,148.182,0.182,2.816,0.075,NA,NA,NA
2014-10-06,0:00,2014-10-06 0:00:00,SMD,SMD-Out,131904,OUT,3,SMD_OUT,113.8,1,NA,27,148.416,0.163,2.816,0.089,NA,NA,NA
2014-10-06,3:00,2014-10-06 3:00:00,SMD,SMD-Out,131905,OUT,3,SMD_OUT,113.8,1,NA,16,149.333,0.164,2.833,0.089,NA,NA,NA
2014-10-06,6:00,2014-10-06 6:00:00,SMD,SMD-Out,131906,OUT,3,SMD_OUT,113.8,1,NA,,148.133,0.168,2.815,0.075,NA,NA,NA
2014-10-06,9:00,2014-10-06 9:00:00,SMD,SMD-Out,131907,OUT,3,SMD_OUT,113.8,1,NA,27,149.375,0.171,2.838,0.089,NA,NA,NA
2014-10-06,12:00,2014-10-06 12:00:00,SMD,SMD-Out,131908,OUT,3,SMD_OUT,113.8,1,NA,26,149.522,0.177,2.862,0.089,NA,NA,NA
2014-10-06,15:00,2014-10-06 15:00:00,SMD,SMD-Out,131909,OUT,3,SMD_OUT,113.8,1,NA,26,145.617,0.17,2.823,0.089,NA,NA,NA
2014-10-07,11:45,2014-10-07 11:45:00,SMD,SMD-Out,131911,OUT,3,SMD_OUT,113.8,0,3,24,153.319,0.168,3.3,0.075,7.106,0.552,0.36
2014-10-10,10:00,2014-10-10 10:00:00,SMD,SMD-Out,131914,OUT,3,SMD_OUT,113.8,0,7,19,150.8,0.105,3.324,0.061,6.468,0.486,0.362
2015-06-26,10:50,2015-06-26 10:50:00,SMD,SMD-Out,136957,OUT,3,SMD_OUT,113.8,0,17.784,44.33190155,122.7216,0.0915,1.2674,0.0526,12.23079457,0.626632876,0.490800974
2015-07-10,11:15,2015-07-10 11:15:00,SMD,SMD-Out,136958,OUT,3,SMD_OUT,113.8,0,10.586,39.76490021,129.1714,0.127,1.0534,0.061,11.27012883,0.664910073,0.498145173
2015-07-24,11:45,2015-07-24 11:45:00,SMD,SMD-Out,137340,OUT,3,SMD_OUT,113.8,0,7.857,13.60429955,162.9087,0.2369,1.5156,0.0993,8.545195229,0.581851185,0.331346886
2014-09-17,11:13,2014-09-17 11:13:00,SMD,SMD-Side,131854,SIDE,2,SMD_SIDE,NA,0,8,18,158.56,0.049,2.212,0.061,8.44,0.542,0.474
2014-09-19,11:13,2014-09-19 11:13:00,SMD,SMD-Side,131857,SIDE,2,SMD_SIDE,NA,0,4,10,159.022,0.016,2.58,0.075,8.256,0.447,0.422
2014-10-03,12:00,2014-10-03 12:00:00,SMD,SMD-Side,131884,SIDE,2,SMD_SIDE,NA,0,2,19,151.524,0.061,3.089,0.075,7.586,0.53,0.45
2014-10-07,11:20,2014-10-07 11:20:00,SMD,SMD-Side,131910,SIDE,2,SMD_SIDE,NA,0,0,14,154.312,0.096,3.152,0.089,7.334,0.517,0.408
2014-10-10,9:47,2014-10-10 9:47:00,SMD,SMD-Side,131913,SIDE,2,SMD_SIDE,NA,0,2,11,151.054,0.084,3.324,0.061,6.657,0.465,0.37
2014-09-17,12:03,2014-09-17 12:03:00,SMD,SMD-Up,131855,UP,1,SMD_UP,111.9,0,6,31,157.859,0.207,2.417,0.047,7.536,0.671,0.433
2014-09-19,12:03,2014-09-19 12:03:00,SMD,SMD-Up,131858,UP,1,SMD_UP,111.9,0,1,12,158.469,0.08,2.333,0.061,7.953,0.528,0.436
2014-10-03,11:45,2014-10-03 11:45:00,SMD,SMD-Up,131883,UP,1,SMD_UP,111.9,0,6,30,149.188,0.07,3.046,0.047,7.706,0.536,0.436
2014-10-07,12:15,2014-10-07 12:15:00,SMD,SMD-Up,131912,UP,1,SMD_UP,111.9,0,9,7,151.05,0.168,3.232,0.061,6.077,0.618,0.443
2014-10-10,10:30,2014-10-10 10:30:00,SMD,SMD-Up,131915,UP,1,SMD_UP,111.9,0,1,6,158.665,0.169,3.634,0,6.645,0.484,0.309
2015-06-26,11:15,2015-06-26 11:15:00,SMD,SMD-Up,136959,UP,1,SMD_UP,111.9,0,14.824,33.62129974,125.3203,0.0673,1.2824,0.0564,11.7722429,0.587050774,0.486129474
2015-07-10,11:40,2015-07-10 11:40:00,SMD,SMD-Up,136960,UP,1,SMD_UP,111.9,0,9.086,42.81750107,127.873,0.1489,1.124,0.0622,10.96519197,0.640986825,0.449269323
2015-07-24,11:25,2015-07-24 11:25:00,SMD,SMD-Up,137339,UP,1,SMD_UP,111.9,0,7.813,22.47699928,168.0769,0.3921,1.6674,0.0975,8.50255382,0.704679229,0.29010223
2015-06-26,12:45,2015-06-26 12:45:00,PD,9,136979,UP,1,WB,6,0,4.238,51.75159836,174.1384,1.3851,3.6353,0.038,4.114430073,1.545720574,0.108868975
2015-07-10,13:05,2015-07-10 13:05:00,PD,9,136952,UP,1,WB,6,0,9.904,26.28380013,124.8714,0.7178,2.7252,0.0249,6.630732341,1.045072235,0.300988434
2015-07-24,9:05,2015-07-24 9:05:00,PD,9,137334,UP,1,WB,6,0,7.056,30.43950081,154.847,1.5459,3.8106,0.1027,2.800948557,1.570437852,0.002990649